Site,coresec,interval,depth,age,1302,1300,1298,1296,1292,1292',1050-1,1050-2,H-1048,H-1048b-1,H-1048b-2,1036-1,1036-2,1034-1,1034-2,H-1034a,H-1034b,H-1034c,H-1034tot,1032-1,1032-2,1022,1020,H-1020p,H-1020a,H-1020b,H-1020c,H-1020tot,1018,1050-tot,1036-tot,1034-tot,1032-tot,,,
1172D,2R-1W,110-113,351.96,26.8070,1.67E+05,2.49E+04,1.81E+04,6.00E+03,1.69E+05,9.60E+03,1.46E+04,1.21E+04,2.94E+03,1.00E+03,1.24E+04,9.23E+03,1.10E+04,1.18E+03,6.63E+03,0.00E+00,1.00E+03,2.14E+04,2.24E+04,1.60E+03,6.59E+03,6.77E+04,4.09E+03,7.29E+02,1.05E+04,9.40E+03,3.98E+04,5.98E+04,4.37E+03,2.67E+04,2.02E+04,7.81E+03,8.19E+03,,,
1172D,2R-2W,60-63,354.181,27.9395,5.62E+05,3.76E+04,3.03E+04,7.34E+03,2.01E+05,1.82E+04,0.00E+00,0.00E+00,3.97E+03,2.10E+03,1.77E+04,0.00E+00,0.00E+00,0.00E+00,0.00E+00,0.00E+00,1.00E+03,2.90E+04,3.00E+04,0.00E+00,0.00E+00,5.04E+05,6.89E+03,2.12E+04,3.16E+05,2.12E+05,1.97E+05,7.24E+05,2.24E+04,4.34E+04,8.21E+05,0.00E+00,0.00E+00,,,
1172D,2R-3W,10.5-13.5,355.18,28.4490,5.03E+06,6.45E+05,4.50E+05,8.73E+04,4.99E+06,3.00E+05,2.18E+05,2.36E+05,7.03E+03,3.92E+03,1.97E+04,1.42E+05,1.05E+05,3.20E+04,1.32E+05,2.09E+03,1.01E+04,4.10E+04,5.32E+04,6.50E+03,6.63E+04,1.04E+06,5.37E+04,1.00E+04,3.53E+05,2.83E+05,4.14E+04,6.77E+05,8.28E+04,4.54E+05,2.47E+05,1.64E+05,7.28E+04,,,
1172D,2R-3W,60-63,355.645,28.6861,4.64E+06,5.44E+05,3.59E+05,7.37E+04,4.30E+06,2.60E+05,2.18E+05,2.77E+05,1.09E+04,6.91E+03,3.69E+04,1.51E+05,1.17E+05,8.02E+04,1.22E+04,7.65E+03,5.93E+04,1.33E+04,8.03E+04,5.85E+03,8.52E+04,1.13E+06,6.02E+04,1.11E+04,3.61E+05,3.11E+05,4.49E+04,7.17E+05,8.94E+04,4.95E+05,2.68E+05,9.24E+04,9.10E+04,,,
1172D,2R-3W,110-113,355.96,28.8467,2.29E+06,7.16E+04,3.61E+04,3.60E+04,1.95E+05,1.37E+04,0.00E+00,0.00E+00,1.83E+04,2.49E+04,6.08E+04,0.00E+00,0.00E+00,0.00E+00,0.00E+00,5.21E+03,4.88E+04,2.29E+03,5.63E+04,0.00E+00,0.00E+00,1.74E+05,4.94E+03,9.05E+03,3.48E+04,2.18E+04,5.10E+04,1.08E+05,5.02E+03,5.74E+05,4.05E+05,0.00E+00,0.00E+00,,,
1172D,2R-4W,11-14,356.655,29.2011,2.58E+06,1.91E+05,1.48E+05,9.71E+03,2.04E+05,1.48E+04,0.00E+00,0.00E+00,9.77E+03,5.23E+03,3.00E+04,0.00E+00,0.00E+00,0.00E+00,0.00E+00,2.78E+03,2.72E+04,0.00E+00,3.00E+04,0.00E+00,0.00E+00,8.19E+04,4.35E+03,2.29E+03,1.27E+04,1.25E+04,1.38E+04,3.89E+04,4.91E+03,2.97E+06,1.87E+06,0.00E+00,0.00E+00,,,
1172D,2R-4W,34,356.885,29.3184,1.34E+06,1.12E+05,1.17E+05,5.04E+03,7.62E+04,7.11E+03,0.00E+00,0.00E+00,1.00E+03,3.03E+03,5.00E+03,0.00E+00,0.00E+00,0.00E+00,0.00E+00,0.00E+00,9.95E+03,0.00E+00,9.95E+03,0.00E+00,0.00E+00,4.77E+05,3.59E+03,5.94E+03,1.01E+05,9.97E+04,1.10E+05,3.11E+05,4.24E+03,2.33E+05,2.26E+05,0.00E+00,0.00E+00,,,
1172D,2R-4W,85.5-88.5,356.935,29.3439,1.51E+06,7.13E+04,1.01E+05,4.35E+03,6.93E+04,3.79E+03,0.00E+00,0.00E+00,2.60E+03,3.81E+03,9.73E+03,0.00E+00,0.00E+00,0.00E+00,0.00E+00,1.00E+03,2.17E+04,0.00E+00,2.27E+04,0.00E+00,0.00E+00,4.67E+05,8.88E+03,2.14E+04,2.20E+04,3.78E+04,1.89E+05,2.49E+05,1.23E+04,7.22E+05,1.02E+05,0.00E+00,0.00E+00,,,
1172D,2R-4W,63-66,357.175,29.4663,4.74E+05,4.18E+04,3.34E+04,8.63E+03,2.43E+05,1.32E+04,2.04E+04,1.83E+04,1.28E+04,2.38E+04,2.71E+04,2.20E+04,9.20E+03,6.90E+03,1.03E+04,5.13E+03,5.43E+04,2.02E+03,6.15E+04,5.31E+02,2.38E+03,1.17E+05,1.25E+04,2.27E+03,2.63E+04,2.88E+04,7.64E+04,1.32E+05,1.30E+04,3.87E+04,3.12E+04,1.72E+04,2.91E+03,,,
1172D,2R-4W,134.5-137.5,357.89,29.7297,1.04E+06,3.74E+04,1.51E+04,3.76E+03,7.04E+04,5.27E+03,0.00E+00,0.00E+00,4.89E+03,8.81E+03,2.18E+04,0.00E+00,0.00E+00,0.00E+00,0.00E+00,2.56E+03,5.40E+04,0.00E+00,5.65E+04,0.00E+00,0.00E+00,2.58E+05,3.62E+03,6.83E+03,8.43E+03,9.77E+04,8.21E+05,9.27E+05,6.23E+03,3.68E+05,8.26E+04,0.00E+00,0.00E+00,,,
1172D,2R-5W,41.5-44.5,358.46,29.9226,3.45E+05,4.39E+04,5.30E+04,3.25E+03,4.97E+04,2.39E+03,5.73E+04,1.29E+04,3.33E+03,6.77E+03,1.55E+04,2.35E+04,9.61E+03,8.76E+03,1.01E+04,1.00E+03,3.39E+04,6.00E+03,4.09E+04,2.16E+03,2.84E+03,1.88E+05,1.35E+04,3.73E+03,2.10E+05,1.77E+05,5.41E+04,4.41E+05,1.82E+04,7.02E+04,3.31E+04,1.89E+04,4.99E+03,,,
1172D,2R-5W,65-68,358.695,31.4853,1.56E+07,2.15E+06,1.57E+06,4.32E+05,1.63E+07,8.44E+05,2.10E+06,3.56E+05,1.16E+04,1.15E+04,1.63E+04,6.41E+05,2.71E+05,8.04E+04,2.56E+05,5.89E+03,7.53E+04,9.35E+04,1.75E+05,1.80E+04,6.01E+04,4.67E+06,2.97E+05,5.48E+04,1.23E+06,9.00E+05,2.75E+05,2.41E+06,1.38E+05,2.46E+06,9.12E+05,3.36E+05,7.81E+04,,,
1172D,2R-5W,93-96,358.975,33.8300,4.47E+07,7.89E+06,5.34E+06,1.74E+06,4.79E+07,3.23E+06,9.94E+05,9.24E+05,3.46E+04,2.93E+04,2.72E+04,2.13E+06,7.01E+05,2.64E+05,6.05E+05,6.61E+03,1.95E+05,1.01E+05,3.03E+05,5.95E+04,1.56E+05,1.30E+07,8.16E+05,2.54E+04,1.21E+06,8.20E+05,6.13E+05,2.64E+06,3.63E+05,1.92E+06,2.83E+06,8.69E+05,2.16E+05,,,
1172D,2R-5W,140.5,359.45,34.5900,4.37E+07,8.13E+06,5.48E+06,1.81E+06,4.84E+07,3.58E+06,8.82E+05,8.85E+05,3.10E+04,2.04E+04,2.30E+04,1.94E+06,6.66E+05,2.71E+05,4.67E+05,5.93E+03,1.68E+05,1.02E+05,2.76E+05,5.66E+04,1.30E+05,1.20E+07,7.36E+05,4.22E+04,1.21E+06,8.15E+05,6.38E+05,2.66E+06,3.39E+05,1.77E+06,2.61E+06,7.38E+05,1.87E+05,,,
1172D,2R-6W,12-15,359.665,34.9340,4.36E+07,7.56E+06,4.72E+06,1.56E+06,4.76E+07,3.14E+06,7.12E+05,7.98E+05,2.26E+04,1.31E+04,1.60E+04,1.51E+06,5.37E+05,2.14E+05,4.51E+05,3.57E+03,1.37E+05,8.35E+04,2.24E+05,4.27E+04,1.20E+05,9.35E+06,5.87E+05,2.00E+04,9.06E+05,5.81E+05,4.80E+05,1.97E+06,2.67E+05,1.51E+06,2.05E+06,6.65E+05,1.63E+05,,,
1172D,2R-6W,62.5-65.5,360.17,35.7111,4.00E+06,3.91E+05,3.63E+05,1.04E+05,2.47E+06,1.48E+05,1.15E+06,3.34E+05,2.77E+04,1.44E+04,5.39E+04,4.89E+05,1.91E+05,1.13E+05,3.34E+05,1.42E+04,4.24E+04,1.24E+05,1.81E+05,1.25E+04,6.60E+04,4.15E+06,2.55E+05,2.88E+04,7.38E+05,5.72E+05,2.77E+05,1.59E+06,2.00E+05,1.48E+06,6.80E+05,4.47E+05,7.85E+04,,,
1172D,2R-6W,85-89,360.395,35.7467,2.26E+07,2.87E+06,1.71E+06,5.84E+05,2.21E+07,7.87E+05,3.59E+05,3.24E+05,8.79E+03,9.63E+03,8.93E+03,5.46E+05,2.09E+05,7.09E+04,2.39E+05,2.25E+03,4.88E+04,4.36E+04,9.46E+04,1.56E+04,5.73E+04,3.50E+06,2.17E+05,1.40E+04,6.01E+05,4.94E+05,1.80E+05,1.28E+06,1.02E+05,6.83E+05,7.54E+05,3.10E+05,7.29E+04,,,
1172D,2R-6W,112-115,360.665,35.7895,7.15E+05,1.12E+05,7.73E+04,2.67E+04,7.67E+05,3.94E+04,4.45E+04,4.05E+04,0.00E+00,0.00E+00,0.00E+00,4.48E+04,1.82E+04,5.96E+03,2.10E+04,0.00E+00,3.40E+03,3.34E+03,6.74E+03,2.04E+03,4.35E+03,3.13E+05,1.67E+04,2.97E+03,5.62E+04,5.82E+04,1.62E+04,1.31E+05,9.23E+03,8.50E+04,6.30E+04,2.70E+04,6.40E+03,,,
1172D,2R-6W,137-140,360.915,35.8290,4.32E+07,8.46E+06,5.64E+06,2.23E+06,4.62E+07,3.06E+06,8.43E+05,8.04E+05,3.16E+04,1.39E+04,2.11E+04,2.78E+06,6.89E+05,3.02E+05,4.53E+05,5.14E+03,1.74E+05,8.91E+04,2.68E+05,7.51E+04,1.11E+05,1.96E+07,1.04E+06,3.80E+04,1.50E+06,1.20E+06,1.02E+06,3.72E+06,4.83E+05,1.65E+06,3.47E+06,7.55E+05,1.86E+05,,,
1172D,3R-1W,5-8,361.695,36.0862,2.95E+07,5.32E+06,3.20E+06,1.10E+06,3.13E+07,1.95E+06,4.01E+05,3.80E+05,1.68E+04,5.46E+03,1.17E+04,1.43E+06,3.80E+05,1.51E+05,2.33E+05,2.52E+03,8.63E+04,4.89E+04,1.38E+05,3.78E+04,5.43E+05,9.25E+06,5.32E+05,1.63E+04,7.57E+05,5.89E+05,4.40E+05,1.79E+06,2.32E+05,7.81E+05,1.81E+06,3.84E+05,5.81E+05,,,
1172D,3R-1W,55-58,362.195,36.1791,2.41E+07,4.04E+06,2.59E+06,8.67E+05,2.53E+07,1.34E+06,3.33E+05,3.29E+05,1.13E+04,5.65E+03,8.85E+03,1.04E+06,2.52E+05,1.11E+05,1.75E+05,2.14E+03,7.95E+04,3.87E+04,1.20E+05,2.89E+04,4.45E+04,7.47E+06,3.83E+05,1.74E+04,6.15E+05,5.01E+05,3.92E+05,1.51E+06,1.71E+05,6.62E+05,1.29E+06,2.86E+05,7.34E+04,,,
1172D,3R-2W,12-15,363.265,36.3778,3.38E+07,6.13E+06,3.77E+06,1.22E+06,3.49E+07,2.29E+06,4.38E+05,4.63E+05,1.56E+04,7.86E+03,1.20E+04,1.39E+06,3.54E+05,1.48E+05,2.69E+05,4.12E+03,1.06E+05,6.26E+04,1.73E+05,3.90E+04,6.10E+04,9.66E+06,5.23E+05,1.58E+04,1.04E+06,6.95E+05,5.37E+05,2.27E+06,2.35E+05,9.01E+05,1.74E+06,4.17E+05,1.00E+05,,,
1172D,3R-2W,112-115,364.265,36.5635,3.27E+07,5.95E+06,3.61E+06,1.25E+06,3.49E+07,2.11E+06,4.03E+05,6.26E+05,1.24E+04,7.02E+03,1.09E+04,1.29E+06,3.43E+05,1.48E+05,2.54E+05,1.00E+03,8.47E+04,5.83E+04,1.44E+05,3.36E+04,6.78E+04,8.92E+06,5.15E+05,6.50E+03,8.59E+05,5.95E+05,4.48E+05,1.90E+06,2.36E+05,1.03E+06,1.63E+06,4.02E+05,1.01E+05,,,
1172D,3R-3W,62-65,365.265,36.7341,3.05E+07,5.22E+06,3.52E+06,1.19E+06,3.11E+07,1.86E+06,4.60E+05,5.02E+05,1.33E+04,6.29E+03,1.32E+04,1.35E+06,3.96E+05,1.54E+05,3.48E+05,3.43E+03,9.00E+04,7.44E+04,1.68E+05,4.00E+04,8.72E+04,1.04E+07,5.47E+05,1.93E+04,1.29E+06,7.74E+05,5.06E+05,2.57E+06,2.44E+05,9.62E+05,1.75E+06,5.02E+05,1.27E+05,,,
1172D,3R-4W,15-18,366.295,36.8665,3.28E+07,5.59E+06,3.90E+06,1.47E+06,3.36E+07,2.11E+06,5.60E+05,6.12E+05,1.73E+04,9.05E+03,1.22E+04,1.90E+06,4.22E+05,2.09E+05,4.00E+05,4.72E+03,1.21E+05,9.57E+04,2.21E+05,5.27E+04,1.01E+05,1.39E+07,7.39E+05,6.00E+03,1.38E+06,9.79E+05,7.01E+05,3.06E+06,3.15E+05,1.17E+06,2.32E+06,6.09E+05,1.54E+05,,,
1172A,40X-3W,10-12 cm,367.3,37.0100,3.61E+07,6.79E+06,4.50E+06,1.67E+06,3.91E+07,2.64E+06,8.00E+05,8.62E+05,2.33E+04,1.75E+04,3.28E+04,2.36E+06,6.31E+05,2.94E+05,4.94E+05,6.42E+03,1.65E+05,1.11E+05,2.83E+05,6.91E+04,1.33E+05,1.83E+07,9.99E+05,5.97E+04,1.82E+06,1.48E+06,1.01E+06,4.31E+06,4.59E+05,1.66E+06,2.99E+06,7.88E+05,2.02E+05,,,
1172D,3R-4W,117.5-120,367.32,37.0140,3.27E+07,6.11E+06,4.04E+06,1.36E+06,3.58E+07,2.45E+06,5.37E+05,6.01E+05,2.02E+04,6.73E+03,1.46E+04,1.63E+06,4.97E+05,2.08E+05,3.78E+05,5.27E+03,1.21E+05,8.04E+04,2.07E+05,4.66E+04,9.53E+04,1.26E+07,6.75E+05,3.92E+04,1.61E+06,1.03E+06,7.24E+05,3.37E+06,3.07E+05,1.14E+06,2.13E+06,5.86E+05,1.42E+05,,,
1172D,3R-5W,63-66,368.275,37.2050,4.59E+07,9.41E+06,6.87E+06,2.38E+06,4.94E+07,3.69E+06,8.39E+05,8.44E+05,3.34E+04,1.50E+04,2.32E+04,3.06E+06,7.96E+05,3.38E+05,4.79E+05,5.77E+03,1.94E+05,1.19E+05,3.19E+05,7.96E+04,1.16E+06,2.15E+07,1.16E+06,3.36E+04,1.87E+06,1.23E+06,1.11E+06,4.21E+06,5.24E+05,1.68E+06,3.86E+06,8.17E+05,1.24E+06,,,
1172D,3R-6W,13-16,369.275,37.4050,3.47E+07,6.44E+06,4.43E+06,1.45E+06,3.67E+07,2.42E+06,5.61E+05,6.59E+05,1.76E+04,1.74E+04,3.47E+04,1.60E+06,4.94E+05,2.13E+05,3.95E+05,3.47E+03,1.22E+05,9.35E+04,2.19E+05,5.12E+04,9.59E+04,1.30E+07,6.94E+05,5.62E+04,1.47E+06,9.88E+05,7.52E+05,3.21E+06,3.00E+05,1.22E+06,2.09E+06,6.08E+05,1.47E+05,,,
1172D,3R-6W,113-116 cm,370.275,37.6050,1.76E+07,3.40E+06,2.67E+06,8.64E+05,2.10E+07,1.48E+06,2.56E+05,2.55E+05,8.60E+03,4.43E+03,6.93E+03,8.54E+05,2.30E+05,9.20E+04,1.24E+05,0.00E+00,5.54E+04,3.64E+04,9.18E+04,2.50E+04,2.95E+04,7.10E+06,3.73E+05,1.36E+04,4.92E+05,3.47E+05,4.64E+05,1.30E+06,1.78E+05,5.11E+05,1.08E+06,2.16E+05,5.45E+04,,,
1172A,40X-7W,10-12 cm,373.3,38.2100,2.76E+07,4.96E+06,3.40E+06,1.29E+06,3.15E+07,2.05E+06,4.68E+05,5.17E+05,1.54E+04,1.06E+04,2.03E+04,1.46E+06,4.08E+05,1.74E+05,3.53E+05,0.00E+00,1.08E+05,1.05E+05,2.13E+05,4.52E+04,8.86E+04,1.24E+07,6.83E+05,3.18E+04,1.04E+06,8.27E+05,7.18E+05,2.59E+06,3.29E+05,9.85E+05,1.87E+06,5.27E+05,1.34E+05,,,
1172A,41X-5W,10-12 cm,379.8,38.5387,1.44E+07,2.55E+06,1.70E+06,6.16E+05,1.68E+07,1.13E+06,2.72E+05,2.94E+05,6.90E+03,7.43E+03,1.01E+04,7.04E+05,2.11E+05,8.78E+04,1.66E+05,0.00E+00,5.08E+04,6.50E+04,1.16E+05,2.28E+04,4.40E+04,6.74E+06,3.22E+05,2.16E+04,3.62E+05,6.27E+05,3.85E+05,1.37E+06,1.53E+05,5.66E+05,9.15E+05,2.54E+05,6.68E+04,,,
1172A,42X2W,10-12 cm,385,38.7333,2.20E+07,4.17E+06,2.95E+06,1.05E+06,2.52E+07,1.85E+06,4.80E+05,5.20E+05,1.14E+04,1.53E+04,1.86E+04,1.17E+06,3.97E+05,1.77E+05,2.59E+05,4.39E+03,8.52E+04,1.23E+05,2.12E+05,3.93E+04,6.85E+04,1.16E+07,5.40E+05,5.04E+04,1.20E+06,1.02E+06,6.95E+05,2.92E+06,2.52E+05,1.00E+06,1.57E+06,4.36E+05,1.08E+05,,,
1172A,42X-6W,10-12 cm,391,38.9678,6.70E+07,1.38E+07,9.95E+06,4.24E+06,6.66E+07,4.79E+06,1.17E+06,1.23E+06,4.82E+04,4.93E+04,5.67E+04,4.04E+06,1.18E+06,4.73E+05,7.54E+05,1.00E+04,3.30E+05,3.18E+05,6.58E+05,1.36E+05,1.99E+05,4.40E+07,2.32E+06,1.34E+05,3.87E+06,3.52E+06,3.75E+06,1.11E+07,1.17E+06,2.40E+06,5.22E+06,1.23E+06,3.35E+05,,,
1172A,43X-2X,42-44 cm,394.92,39.1209,2.87E+07,6.04E+06,4.84E+06,1.69E+06,3.50E+07,2.71E+06,6.07E+05,7.21E+05,1.66E+04,1.25E+04,1.45E+04,1.55E+06,5.57E+05,2.16E+05,3.03E+05,2.76E+03,1.08E+05,1.01E+05,2.12E+05,4.98E+04,7.38E+04,1.49E+07,7.18E+05,4.20E+04,9.43E+05,5.17E+05,9.02E+05,2.36E+06,3.26E+05,1.33E+06,2.11E+06,5.19E+05,1.24E+05,,,
1172A,43X-3W,85-87 cm,396.85,39.1963,4.44E+06,8.46E+05,5.70E+05,2.00E+05,5.34E+06,3.72E+05,7.21E+04,8.52E+04,1.00E+03,0.00E+00,1.00E+03,1.90E+05,6.46E+04,2.66E+04,3.71E+04,1.00E+03,1.19E+04,1.55E+04,2.84E+04,5.90E+03,9.29E+03,1.86E+06,8.55E+04,7.50E+03,1.94E+05,1.54E+05,1.22E+05,4.70E+05,4.11E+04,1.57E+05,2.55E+05,6.37E+04,1.52E+04,,,
1172A,43X-5W,37-39 cm,402.37,39.4120,1.37E+07,2.89E+06,2.39E+06,7.85E+05,1.83E+07,1.59E+06,3.40E+05,3.36E+05,9.81E+03,8.56E+03,1.01E+04,6.99E+05,2.87E+05,1.05E+05,1.99E+05,2.43E+03,5.91E+04,7.29E+04,1.34E+05,2.26E+04,5.12E+04,7.16E+06,3.66E+05,2.05E+04,6.54E+05,4.09E+05,4.34E+05,1.50E+06,1.72E+05,6.76E+05,9.86E+05,3.04E+05,7.38E+04,,,
1172A,44X-2W,10-12 cm,404.2,39.4835,2.73E+07,5.70E+06,4.55E+06,1.79E+06,3.10E+07,2.51E+06,4.88E+05,4.76E+05,0.00E+00,2.34E+04,4.29E+04,1.60E+06,4.30E+05,1.90E+05,2.95E+05,4.20E+03,1.22E+05,9.58E+04,2.21E+05,5.57E+04,8.59E+04,1.80E+07,9.97E+05,3.99E+04,1.29E+06,9.98E+05,1.31E+06,3.60E+06,4.97E+05,9.64E+05,2.03E+06,4.85E+05,1.42E+05,,,
1172A,44X-3W,102-104 cm,406.62,39.5781,9.63E+06,2.10E+06,1.69E+06,6.32E+05,1.42E+07,1.26E+06,1.59E+05,2.08E+05,6.41E+03,6.30E+03,5.97E+03,5.32E+05,1.89E+05,7.76E+04,1.05E+05,2.22E+03,4.16E+04,4.19E+04,8.57E+04,1.86E+04,2.71E+04,5.64E+06,2.90E+05,1.44E+04,4.39E+05,2.34E+05,4.29E+05,1.10E+06,1.35E+05,3.67E+05,7.21E+05,1.83E+05,4.57E+04,,,
1172A,44X-4W,62-64 cm,407.72,39.6211,1.94E+07,4.43E+06,4.17E+06,1.75E+06,2.69E+07,2.63E+06,4.89E+05,5.47E+05,1.46E+04,1.58E+04,1.35E+04,1.44E+06,4.80E+05,2.10E+05,2.64E+05,3.18E+03,1.09E+05,8.50E+04,1.97E+05,4.83E+04,6.87E+04,1.49E+07,7.76E+05,2.06E+04,8.80E+05,4.69E+05,1.05E+06,2.40E+06,3.79E+05,1.04E+06,1.92E+06,4.74E+05,1.17E+05,,,
1172A,44X-5W,10-12 cm,408.7,39.6594,1.04E+07,2.25E+06,1.87E+06,7.58E+05,1.46E+07,1.24E+06,2.22E+05,1.44E+05,7.18E+03,7.84E+03,6.27E+03,6.64E+05,2.10E+05,9.11E+04,1.12E+05,1.00E+03,4.70E+04,3.36E+04,8.16E+04,2.37E+04,2.97E+04,7.26E+06,3.86E+05,1.65E+04,4.76E+05,2.85E+05,4.84E+05,1.25E+06,1.92E+05,3.66E+05,8.74E+05,2.03E+05,5.34E+04,,,
1172A,44X-7W,10-12 cm,411.7,39.7766,5.52E+06,1.22E+06,1.08E+06,4.25E+05,8.20E+06,6.83E+05,1.12E+05,1.34E+05,4.11E+03,6.65E+03,6.13E+03,3.59E+05,1.28E+05,4.95E+04,6.37E+04,2.48E+03,3.16E+04,2.48E+04,5.90E+04,1.31E+04,1.64E+04,4.31E+06,2.17E+05,1.69E+04,3.56E+05,2.66E+05,3.64E+05,9.86E+05,1.06E+05,2.46E+05,4.87E+05,1.13E+05,2.95E+04,,,
1172A,45X-1W,32-34 cm,412.52,39.8086,3.15E+07,8.20E+06,7.44E+06,3.08E+06,4.47E+07,4.55E+06,7.76E+05,8.85E+05,2.66E+04,9.45E+03,1.70E+04,2.68E+06,8.57E+05,3.34E+05,4.49E+05,8.78E+03,1.85E+05,1.83E+05,3.77E+05,8.55E+04,1.17E+05,2.84E+07,1.47E+06,5.91E+04,1.55E+06,9.12E+05,1.92E+06,4.38E+06,7.20E+05,1.66E+06,3.54E+06,7.83E+05,2.03E+05,,,
1172A,45X-1W,102-104 cm,413.22,39.8360,1.55E+07,3.92E+06,4.30E+06,1.19E+06,2.43E+07,3.04E+06,4.21E+05,4.46E+05,2.00E+04,2.28E+04,1.20E+04,9.49E+05,4.82E+05,1.53E+05,2.89E+05,5.38E+03,7.50E+04,1.04E+05,1.85E+05,3.61E+04,8.13E+04,1.03E+07,5.81E+05,2.92E+04,9.25E+05,5.21E+05,7.06E+05,2.15E+06,2.91E+05,8.67E+05,1.43E+06,4.42E+05,1.17E+05,,,
1172A,45X-2W,32-34 cm,414.12,39.8712,2.11E+07,5.16E+06,6.57E+06,1.91E+06,3.50E+07,4.46E+06,5.23E+05,5.62E+05,2.24E+04,1.57E+04,3.18E+04,1.57E+06,6.74E+05,2.31E+05,3.16E+05,5.91E+03,1.06E+05,1.48E+05,2.60E+05,5.39E+04,7.80E+04,1.51E+07,9.34E+05,6.86E+04,1.27E+06,7.21E+05,1.05E+06,3.04E+06,4.29E+05,1.09E+06,2.24E+06,5.47E+05,1.32E+05,,,
1172A,45X-2W,98-100 cm,414.68,39.8930,9.17E+06,2.38E+06,2.79E+06,7.87E+05,1.79E+07,2.04E+06,1.94E+05,2.11E+05,1.01E+04,5.27E+03,1.03E+04,5.78E+05,2.50E+05,1.01E+05,1.29E+05,3.27E+03,4.22E+04,7.01E+04,1.16E+05,2.44E+04,3.45E+04,5.76E+06,3.65E+05,2.57E+04,4.93E+05,2.74E+05,3.67E+05,1.13E+06,1.55E+05,4.05E+05,8.28E+05,2.30E+05,5.89E+04,,,
1172A,45X-3W,22-24 cm,415.52,39.9259,1.43E+07,3.47E+06,4.28E+06,1.13E+06,2.64E+07,3.01E+06,2.71E+05,3.25E+05,1.16E+04,6.63E+03,1.18E+04,8.56E+05,3.43E+05,1.57E+05,1.93E+05,3.61E+03,6.02E+04,9.32E+04,1.57E+05,3.77E+04,5.42E+04,7.59E+06,5.50E+05,2.17E+04,7.95E+05,4.30E+05,4.64E+05,1.69E+06,2.29E+05,5.96E+05,1.20E+06,3.50E+05,9.19E+04,,,
1172A,45X-3W,102-104,416.22,39.9532,1.73E+07,4.24E+06,4.53E+06,1.19E+06,2.86E+07,3.16E+06,3.28E+05,3.80E+05,1.25E+04,7.95E+03,1.28E+04,9.58E+05,3.88E+05,1.64E+05,2.33E+05,3.93E+03,6.59E+04,9.10E+04,1.61E+05,3.73E+04,6.19E+04,8.13E+06,5.03E+05,2.03E+04,7.40E+05,4.10E+05,4.45E+05,1.60E+06,2.25E+05,7.08E+05,1.35E+06,3.97E+05,9.92E+04,,,
1172A,45X-4W,10-12 cm,416.8,39.9759,9.79E+06,2.16E+06,2.03E+06,6.65E+05,1.49E+07,1.39E+06,2.07E+05,2.25E+05,6.07E+03,7.94E+03,8.68E+03,5.58E+05,2.00E+05,8.95E+04,1.20E+05,2.52E+03,4.04E+04,5.10E+04,9.39E+04,2.24E+04,3.46E+04,5.34E+06,2.98E+05,2.04E+04,5.87E+05,3.85E+05,3.19E+05,1.29E+06,1.40E+05,4.32E+05,7.58E+05,2.10E+05,5.70E+04,,,
1172A,45X-4W,102-104 cm,417.72,40.0118,1.91E+07,4.68E+06,4.90E+06,1.52E+06,2.90E+07,3.29E+06,4.19E+05,4.50E+05,1.64E+04,1.85E+04,1.12E+04,1.22E+06,4.39E+05,1.74E+05,2.42E+05,3.40E+03,8.81E+04,1.04E+05,1.96E+05,4.29E+04,6.26E+04,1.21E+07,6.34E+05,3.49E+04,8.19E+05,4.70E+05,6.39E+05,1.93E+06,2.99E+05,8.69E+05,1.66E+06,4.16E+05,1.06E+05,,,
1172A,45X-5W,10-12 cm,418.3,40.0345,9.19E+06,2.15E+06,2.14E+06,5.90E+05,1.46E+07,1.52E+06,2.04E+05,2.29E+05,8.56E+03,7.82E+03,8.47E+03,5.53E+05,2.20E+05,7.81E+04,1.39E+05,4.15E+03,4.32E+04,5.69E+04,1.04E+05,2.07E+04,3.56E+04,5.50E+06,3.07E+05,2.86E+04,5.78E+05,4.71E+05,3.15E+05,1.36E+06,1.41E+05,4.33E+05,7.73E+05,2.17E+05,5.63E+04,,,
1172A,45X-5W,92-94 cm,419.12,40.0665,2.27E+07,5.05E+06,4.25E+06,1.46E+06,3.05E+07,2.79E+06,4.59E+05,5.07E+05,1.54E+04,5.51E+03,8.73E+03,1.32E+06,4.06E+05,1.76E+05,2.43E+05,4.51E+03,8.86E+04,8.69E+04,1.80E+05,4.58E+04,6.54E+04,1.23E+07,6.33E+05,2.69E+04,8.14E+05,4.82E+05,6.33E+05,1.93E+06,2.98E+05,9.66E+05,1.73E+06,4.19E+05,1.11E+05,,,
1172A,45X-6W,32-34 cm,420.02,40.1017,1.91E+07,4.02E+06,3.11E+06,1.25E+06,2.37E+07,1.88E+06,3.44E+05,3.52E+05,1.08E+04,2.24E+03,6.86E+03,1.02E+06,2.73E+05,1.32E+05,1.63E+05,1.00E+03,6.55E+04,6.10E+04,1.27E+05,3.21E+04,4.33E+04,9.32E+06,4.83E+05,1.61E+04,7.06E+05,4.71E+05,5.28E+05,1.71E+06,2.31E+05,6.96E+05,1.29E+06,2.95E+05,7.54E+04,,,
1172A,45X-6W,122-124 cm,420.92,40.1369,2.51E+07,4.64E+06,3.47E+06,1.26E+06,3.53E+07,2.11E+06,3.17E+05,3.21E+05,1.10E+04,0.00E+00,0.00E+00,1.03E+06,3.30E+05,1.12E+05,1.66E+05,0.00E+00,6.84E+04,5.27E+04,1.21E+05,2.88E+05,4.25E+05,1.01E+07,5.05E+05,3.12E+04,6.21E+05,4.49E+05,5.08E+05,1.58E+06,2.38E+05,6.38E+05,1.36E+06,2.78E+05,7.13E+05,,,
1172A,45X-7W,42-44 cm,421.62,40.2096,2.46E+07,4.69E+06,3.80E+06,1.18E+06,3.56E+07,2.28E+06,3.24E+05,3.22E+05,9.28E+03,5.50E+03,9.03E+03,1.00E+06,3.07E+05,1.15E+05,1.59E+05,0.00E+00,6.09E+04,4.14E+04,1.02E+05,2.89E+04,4.33E+04,9.79E+06,4.88E+05,2.09E+04,5.49E+05,3.51E+05,4.93E+05,1.39E+06,2.34E+05,6.46E+05,1.31E+06,2.74E+05,7.22E+04,,,
1172A,46X-1W,10-12 cm,421.9,40.2410,1.64E+07,3.02E+06,2.10E+06,6.55E+05,1.99E+07,1.34E+06,1.87E+05,2.02E+05,5.74E+03,3.88E+03,4.93E+03,5.19E+05,1.66E+05,6.85E+04,1.30E+05,0.00E+00,3.57E+04,3.65E+04,7.22E+04,1.67E+04,3.64E+04,4.68E+06,2.65E+05,1.93E+04,3.86E+05,3.11E+05,2.03E+05,9.00E+05,1.31E+05,3.89E+05,6.85E+05,1.99E+05,5.31E+04,,,
1172A,46X-1W,112-114 cm,422.92,40.3555,3.78E+07,7.65E+06,5.55E+06,2.05E+06,4.42E+07,3.48E+06,6.35E+05,6.42E+05,1.69E+04,5.25E+03,9.85E+03,1.64E+06,5.19E+05,2.03E+05,3.77E+05,2.92E+03,1.09E+05,1.10E+05,2.22E+05,5.19E+04,9.03E+04,1.43E+07,8.05E+05,4.84E+04,1.18E+06,8.62E+05,7.44E+05,2.79E+06,3.92E+05,1.28E+06,2.16E+06,5.80E+05,1.42E+05,,,
1172A,46X-2W,10-12 cm,423.4,40.4093,1.61E+07,3.55E+06,2.70E+06,1.03E+06,2.05E+07,1.65E+06,2.53E+05,2.49E+05,5.38E+03,2.32E+03,2.79E+03,6.42E+05,2.04E+05,8.41E+04,1.23E+05,1.00E+03,4.12E+04,2.95E+04,7.17E+04,2.21E+04,3.17E+04,6.23E+06,3.42E+05,1.31E+04,3.59E+05,2.20E+05,3.63E+05,9.42E+05,1.67E+05,5.02E+05,8.46E+05,2.07E+05,5.38E+04,,,
1172A,46X-2W,92-94 cm,424.22,40.5014,1.93E+07,3.81E+06,2.77E+06,1.03E+06,2.42E+07,1.85E+06,3.19E+05,3.66E+05,8.12E+03,3.70E+03,6.90E+03,8.01E+05,3.10E+05,1.37E+05,2.11E+05,2.75E+03,5.67E+04,5.26E+04,1.12E+05,2.67E+04,5.96E+04,7.78E+06,4.17E+05,4.10E+04,8.24E+05,6.03E+05,4.76E+05,1.90E+06,1.84E+05,6.85E+05,1.11E+06,3.48E+05,8.63E+04,,,
1172A,46X-3W,10-12 cm,424.9,40.5777,6.79E+06,1.41E+06,1.27E+06,3.69E+05,9.92E+06,8.35E+05,1.16E+05,1.47E+05,3.78E+03,2.98E+03,6.61E+03,3.05E+05,1.18E+05,5.70E+04,7.78E+04,1.00E+03,2.33E+04,2.60E+04,5.03E+04,9.36E+03,2.10E+04,3.14E+06,1.63E+05,1.24E+04,3.80E+05,2.79E+05,2.05E+05,8.64E+05,7.48E+04,2.63E+05,4.23E+05,1.35E+05,3.04E+04,,,
1172A,46X-3W,82-84 cm,425.62,40.6585,3.36E+07,6.92E+06,5.11E+06,1.89E+06,3.96E+07,3.30E+06,5.12E+05,5.87E+05,1.52E+04,7.42E+03,2.74E+04,1.50E+06,4.46E+05,2.07E+05,3.28E+05,0.00E+00,1.03E+05,1.08E+05,2.11E+05,4.86E+04,8.45E+04,1.52E+07,7.96E+05,5.80E+04,1.14E+06,7.45E+05,8.84E+05,2.77E+06,4.16E+05,1.10E+06,1.95E+06,5.35E+05,1.33E+05,,,
1172A,46X-4W,10-12 cm,426.4,40.7460,1.84E+07,3.73E+06,2.88E+06,1.05E+06,2.26E+07,1.84E+06,3.13E+05,3.46E+05,8.63E+03,1.67E+04,1.35E+04,8.74E+05,2.67E+05,1.17E+05,1.87E+05,0.00E+00,5.64E+04,5.57E+04,1.12E+05,2.68E+04,4.37E+04,8.70E+06,4.64E+05,2.70E+04,5.69E+05,3.84E+05,4.25E+05,1.38E+06,2.21E+05,6.59E+05,1.14E+06,3.04E+05,7.05E+04,,,
1172A,46X-4W,92-94 cm,427.22,40.8380,1.74E+07,3.60E+06,2.72E+06,1.04E+06,2.17E+07,1.67E+06,2.95E+05,3.14E+05,8.69E+03,1.00E+03,2.38E+04,8.79E+05,2.40E+05,1.17E+05,1.55E+05,3.10E+03,5.63E+04,5.57E+04,1.15E+05,2.82E+04,4.28E+04,8.74E+06,4.71E+05,2.46E+04,4.99E+05,3.59E+05,4.76E+05,1.33E+06,2.30E+05,6.09E+05,1.12E+06,2.72E+05,7.10E+04,,,
1172A,46X-5W,10-12 cm,427.9,40.9143,4.74E+07,1.20E+07,9.90E+06,3.47E+06,6.17E+07,6.94E+06,1.08E+06,1.24E+06,3.48E+04,1.36E+04,2.19E+04,3.33E+06,1.08E+06,4.59E+05,6.64E+05,8.86E+03,2.37E+05,2.56E+05,5.01E+05,1.03E+05,1.77E+05,3.17E+07,1.91E+06,1.90E+05,3.03E+06,2.36E+06,2.17E+06,7.56E+06,2.17E+06,2.32E+06,4.41E+06,1.12E+06,2.80E+05,,,
1172A,46X-5W,114-116 cm,428.96,41.0333,3.68E+07,8.40E+06,6.68E+06,2.36E+06,4.60E+07,4.32E+06,6.90E+05,7.57E+05,1.82E+04,5.75E+03,1.64E+04,1.81E+06,6.00E+05,2.71E+05,3.67E+05,5.83E+03,1.19E+05,1.30E+05,2.55E+05,6.07E+04,9.66E+04,1.75E+07,9.66E+05,5.86E+04,1.44E+06,9.99E+05,1.12E+06,3.56E+06,4.70E+05,1.45E+06,2.41E+06,6.38E+05,1.57E+05,,,
1172A,46X-7W,10-12 cm,430.9,41.2580,2.74E+07,5.49E+06,5.02E+06,1.67E+06,3.59E+07,3.29E+06,5.04E+05,5.83E+05,1.39E+04,6.91E+03,1.70E+04,1.38E+06,5.05E+05,1.92E+05,2.82E+05,3.64E+03,1.05E+05,1.19E+05,2.28E+05,3.79E+04,6.64E+04,1.32E+07,7.87E+05,8.24E+04,1.60E+06,1.16E+06,1.04E+06,3.80E+06,3.92E+05,1.09E+06,1.89E+06,4.74E+05,1.04E+05,,,
1172A,47X-2W,10-12 cm,433,41.4658,1.49E+07,3.45E+06,2.92E+06,9.98E+05,2.12E+07,2.03E+06,2.64E+05,2.90E+05,1.59E+04,1.04E+04,3.10E+04,7.34E+05,2.74E+05,1.16E+05,1.68E+05,2.35E+03,5.13E+04,6.22E+04,1.16E+05,2.65E+04,4.44E+04,7.78E+06,4.26E+05,2.26E+04,7.07E+05,5.16E+05,4.76E+05,1.70E+06,2.05E+05,5.54E+05,1.01E+06,2.84E+05,7.09E+04,,,
1172A,47X-5W,10-12 cm,437.5,41.8071,2.37E+07,5.63E+06,5.03E+06,1.82E+06,3.26E+07,3.30E+06,4.48E+05,4.53E+05,2.95E+04,2.94E+04,6.15E+04,1.31E+06,4.13E+05,1.53E+05,2.00E+05,3.41E+03,9.20E+04,8.75E+04,1.83E+05,4.10E+04,4.76E+04,1.32E+07,6.90E+05,3.67E+04,9.92E+05,7.07E+05,7.62E+05,2.46E+06,3.40E+05,9.01E+05,1.72E+06,3.53E+05,8.86E+04,,,
1172A,48R-3W,10-12 cm,444.1,42.3094,1.59E+07,3.40E+06,3.25E+06,9.53E+05,2.16E+07,1.88E+06,2.50E+05,2.71E+05,9.43E+03,6.02E+03,2.51E+04,5.61E+05,2.20E+05,1.02E+05,1.42E+05,2.06E+03,3.81E+04,4.06E+04,8.08E+04,2.02E+04,3.45E+04,4.89E+06,3.35E+05,2.56E+04,6.53E+05,4.50E+05,3.45E+05,1.45E+06,1.60E+05,5.21E+05,7.81E+05,2.44E+05,5.47E+04,,,
1172A,48X-6W,10-12 cm,448.6,42.7332,3.58E+07,9.62E+06,9.73E+06,3.27E+06,5.39E+07,6.86E+06,7.78E+05,9.23E+05,2.90E+04,9.74E+03,2.77E+04,2.08E+06,8.68E+05,3.81E+05,5.14E+05,7.17E+03,1.49E+05,1.52E+05,3.08E+05,8.92E+04,1.45E+05,2.14E+07,1.28E+06,1.18E+05,2.24E+06,1.58E+06,1.41E+06,5.23E+06,6.07E+05,1.70E+06,2.95E+06,8.95E+05,2.34E+05,,,
1172A,49X-2W,10-12 cm,452.2,43.0722,1.70E+07,3.59E+06,3.15E+06,9.39E+05,2.34E+07,2.13E+06,2.71E+05,3.40E+05,6.69E+03,1.02E+04,7.74E+03,5.57E+05,2.51E+05,1.27E+05,1.69E+05,2.42E+03,3.98E+04,5.22E+04,9.45E+04,2.78E+04,5.05E+04,5.28E+06,3.57E+05,3.55E+04,7.42E+05,5.22E+05,3.27E+05,1.59E+06,1.79E+05,6.11E+05,8.08E+05,2.96E+05,7.83E+04,,,
1172A,49X-4W,10-12 cm,455.1,43.3453,1.22E+07,2.37E+06,1.87E+06,6.02E+05,1.59E+07,1.13E+06,1.77E+05,2.00E+05,2.77E+03,2.89E+03,1.00E+03,2.97E+05,1.23E+05,6.97E+04,9.52E+04,0.00E+00,1.56E+04,1.56E+04,3.12E+04,1.26E+04,2.51E+04,2.47E+06,1.79E+05,1.06E+04,3.10E+05,1.86E+05,1.29E+05,6.25E+05,9.00E+04,3.77E+05,4.20E+05,1.65E+05,3.77E+04,,,
1172A,49X-7W,10-12 cm,459.7,43.5509,8.51E+06,1.90E+06,1.83E+06,5.47E+05,3.10E+07,1.05E+06,1.20E+05,1.14E+05,3.96E+03,1.00E+03,3.09E+03,3.03E+05,1.00E+05,5.50E+04,6.80E+04,0.00E+00,2.30E+04,2.36E+04,4.67E+04,1.30E+04,1.82E+04,3.40E+06,2.15E+05,1.58E+04,3.70E+05,3.19E+05,2.73E+05,9.62E+05,1.08E+05,2.34E+05,4.03E+05,1.23E+05,3.12E+04,,,
1172A,51X-1W,10-12 cm,469.8,43.8809,4.99E+06,1.15E+06,1.03E+06,3.55E+05,7.45E+06,6.80E+05,9.70E+04,1.02E+05,3.75E+03,1.00E+03,4.59E+03,2.42E+05,9.56E+04,3.69E+04,6.36E+04,1.00E+03,1.97E+04,3.16E+04,5.22E+04,1.10E+04,1.93E+04,2.82E+06,1.57E+05,9.20E+03,3.30E+05,2.02E+05,1.81E+05,7.13E+05,8.14E+04,1.99E+05,3.38E+05,1.01E+05,3.03E+04,,,
1172A,51X-2W,10-12 cm,471.4,43.9331,2.88E+07,6.98E+06,5.96E+06,2.10E+06,3.91E+07,3.55E+06,4.22E+05,4.65E+05,1.15E+04,2.22E+03,6.95E+03,1.16E+06,4.15E+05,1.98E+05,2.37E+05,2.93E+03,8.04E+04,8.27E+04,1.66E+05,4.97E+04,7.10E+04,1.34E+07,7.73E+05,3.12E+04,9.97E+05,6.89E+05,8.19E+05,2.51E+06,4.04E+05,8.87E+05,1.58E+06,4.35E+05,1.21E+05,,,
1172A,51X-4W,10-12 cm,474.4,44.0311,2.58E+07,6.17E+06,5.31E+06,1.78E+06,3.47E+07,3.39E+06,4.20E+05,4.62E+05,1.03E+04,3.08E+03,8.23E+03,1.07E+06,3.68E+05,1.79E+05,2.33E+05,2.68E+03,7.74E+04,8.22E+04,1.62E+05,4.47E+04,6.89E+04,1.17E+07,6.73E+05,2.30E+04,1.11E+06,7.68E+05,6.90E+05,2.57E+06,3.39E+05,8.82E+05,1.44E+06,4.12E+05,1.14E+05,,,
1172A,52X-1W,10-12 cm,479.5,44.1978,2.46E+07,5.27E+06,3.94E+06,1.37E+06,3.32E+07,2.69E+06,3.55E+05,4.09E+05,7.43E+03,8.23E+03,1.16E+04,7.80E+05,3.05E+05,1.65E+05,2.43E+05,2.20E+03,5.63E+04,7.18E+04,1.30E+05,3.43E+04,6.89E+04,7.22E+06,4.59E+05,4.23E+04,1.06E+06,7.45E+05,4.11E+05,2.22E+06,2.29E+05,7.64E+05,1.09E+06,4.08E+05,1.03E+05,,,
1172A,52X-4W,10-12 cm,484,44.3448,1.06E+07,2.12E+06,1.56E+06,6.08E+05,1.39E+07,9.31E+05,1.69E+05,1.84E+05,3.32E+03,3.02E+03,2.09E+03,3.64E+05,1.28E+05,7.33E+04,1.03E+05,0.00E+00,2.23E+04,2.20E+04,4.43E+04,1.56E+04,2.97E+04,3.43E+06,2.06E+05,1.28E+04,3.53E+05,2.43E+05,1.78E+05,7.74E+05,1.10E+05,3.53E+05,4.92E+05,1.76E+05,4.53E+04,,,
1172A,52X-6W,10-12 cm,486.9,44.4395,2.08E+07,3.88E+06,2.88E+06,1.04E+06,2.31E+07,1.46E+06,2.52E+05,2.50E+05,4.40E+03,2.18E+03,8.19E+03,5.59E+05,2.14E+05,1.18E+05,1.78E+05,0.00E+00,3.25E+04,2.48E+04,5.73E+04,2.49E+04,5.04E+04,5.49E+06,3.58E+05,2.25E+04,5.33E+05,4.08E+05,3.49E+05,1.29E+06,1.84E+05,5.02E+05,7.73E+05,2.96E+05,7.52E+04,,,
1172A,53X-2W,10-12 cm,490.6,44.5604,1.68E+07,3.62E+06,2.84E+06,1.13E+06,2.28E+07,1.85E+06,2.49E+05,2.64E+05,7.12E+03,1.00E+03,6.62E+03,6.53E+05,2.10E+05,1.04E+05,1.30E+05,0.00E+00,4.78E+04,5.23E+04,1.00E+05,2.55E+04,3.14E+04,6.92E+06,3.89E+05,2.89E+04,7.35E+05,5.80E+05,4.69E+05,1.78E+06,2.00E+05,5.13E+05,8.63E+05,2.34E+05,5.69E+04,,,
1172A,53x-3W,10-12 cm,492.1,44.6094,1.30E+06,3.02E+05,2.57E+05,8.98E+04,1.94E+06,1.56E+05,1.78E+04,1.79E+04,0.00E+00,0.00E+00,0.00E+00,4.88E+04,1.75E+04,7.03E+03,9.53E+03,0.00E+00,5.95E+03,3.78E+03,9.73E+03,1.90E+03,2.34E+03,5.38E+05,3.03E+04,2.82E+03,5.31E+04,5.50E+04,4.54E+04,1.54E+05,1.61E+04,3.57E+04,6.63E+04,,,,,
1172A,53X-4W,10-12 cm,493.6,44.6584,1.55E+07,3.62E+06,3.20E+06,1.04E+06,2.07E+07,1.92E+06,2.29E+05,2.04E+05,9.52E+03,2.42E+03,7.30E+03,5.89E+05,1.78E+05,7.80E+04,1.05E+05,0.00E+00,4.56E+04,5.55E+04,1.01E+05,2.28E+04,3.19E+04,6.73E+06,3.62E+05,3.22E+04,8.56E+05,6.89E+05,5.70E+05,2.12E+06,1.92E+05,4.33E+05,7.67E+05,1.83E+05,5.47E+04,,,
1172A,53x-5W,10-12 cm,495.1,44.7074,9.90E+05,2.11E+05,1.76E+05,5.98E+04,1.48E+06,9.89E+04,1.26E+04,1.29E+04,5.00E+02,0.00E+00,5.00E+02,3.74E+04,1.27E+04,5.83E+03,8.14E+03,0.00E+00,2.54E+03,2.89E+03,5.42E+03,1.44E+03,2.14E+03,4.09E+05,2.26E+04,2.38E+03,4.58E+04,4.53E+04,3.30E+04,1.24E+05,1.20E+04,1.55E+05,4.58E+05,,,,,
1172A,53x-6w,10-12 cm,496.6,44.7564,1.37E+06,2.81E+05,2.51E+05,1.31E+05,1.97E+06,1.48E+05,1.53E+04,1.59E+04,1.58E+03,0.00E+00,0.00E+00,4.24E+04,1.68E+04,6.51E+03,1.06E+04,0.00E+00,5.36E+03,3.13E+03,8.48E+03,1.67E+03,2.53E+03,4.87E+05,2.69E+04,2.42E+03,5.57E+04,5.20E+04,4.09E+04,1.49E+05,1.48E+04,2.57E+04,8.58E+04,,,,,
1172A,53X-7W,10-12 cm,498.1,44.8054,1.26E+07,2.75E+06,2.19E+06,8.22E+05,1.84E+07,1.36E+06,1.79E+05,1.90E+05,4.90E+03,2.36E+03,1.01E+04,4.52E+05,1.56E+05,8.20E+04,1.10E+05,1.00E+03,3.10E+04,3.25E+04,6.45E+04,6.91E+03,1.09E+04,5.02E+06,2.95E+05,1.66E+04,4.85E+05,2.88E+05,3.71E+05,1.14E+06,1.57E+05,3.69E+05,6.08E+05,1.92E+05,1.78E+04,,,
1172A,54X-2W,10-12 cm,500.2,44.8740,2.21E+06,4.43E+05,3.64E+05,1.07E+05,3.31E+06,2.06E+05,2.77E+04,2.91E+04,1.00E+03,0.00E+00,0.00E+00,7.88E+04,2.88E+04,1.25E+04,1.68E+04,0.00E+00,6.50E+03,8.10E+03,1.46E+04,3.13E+03,5.48E+03,9.23E+05,5.13E+04,3.83E+03,8.34E+04,8.40E+04,7.32E+04,2.41E+05,2.60E+04,5.68E+04,1.08E+05,2.93E+04,8.61E+03,,,
1172A,54X-3W,85-87 cm,502.45,44.9475,1.14E+06,2.55E+05,2.16E+05,6.96E+04,1.63E+06,1.15E+05,0.00E+00,0.00E+00,0.00E+00,0.00E+00,0.00E+00,0.00E+00,0.00E+00,0.00E+00,0.00E+00,0.00E+00,0.00E+00,0.00E+00,0.00E+00,0.00E+00,0.00E+00,5.11E+04,0.00E+00,0.00E+00,0.00E+00,0.00E+00,0.00E+00,0.00E+00,0.00E+00,6.12E+04,9.60E+04,,,,,
1172D,5R-2W,10-12 cm,508.5,45.1452,9.75E+06,2.16E+06,1.89E+06,5.17E+05,1.43E+07,1.23E+06,1.06E+05,1.16E+05,1.91E+04,6.31E+04,1.47E+04,2.63E+05,9.57E+04,5.19E+04,6.49E+04,1.00E+03,2.37E+04,4.21E+04,6.68E+04,1.15E+04,1.74E+04,2.74E+06,1.63E+05,1.64E+04,3.75E+05,2.57E+05,2.24E+05,8.56E+05,8.08E+04,2.22E+05,3.59E+05,1.17E+05,2.89E+04,,,
1172D,5R-4W,109-111 cm,512.6,45.2791,4.07E+07,1.04E+07,9.67E+06,2.49E+06,5.76E+07,6.64E+06,4.08E+05,4.29E+05,1.34E+04,3.57E+03,8.17E+03,1.18E+06,3.96E+05,2.15E+05,2.55E+05,4.65E+03,9.55E+04,8.05E+04,1.81E+05,1.62E+04,2.29E+04,1.26E+07,7.29E+05,4.84E+04,1.05E+06,6.95E+05,8.94E+05,2.64E+06,3.43E+05,8.37E+05,1.58E+06,4.70E+05,3.91E+04,,,
1172D,6R-1W,106.5-108.5 cm,517.665,45.4446,2.58E+07,6.60E+06,6.63E+06,1.52E+06,3.69E+07,4.21E+06,2.42E+05,2.65E+05,6.95E+03,1.00E+03,7.65E+03,6.14E+05,2.23E+05,1.31E+05,1.66E+05,0.00E+00,4.25E+04,5.02E+04,9.27E+04,2.97E+04,5.11E+04,6.64E+06,4.04E+05,2.44E+04,6.82E+05,5.63E+05,5.51E+05,1.80E+06,2.09E+05,5.07E+05,8.37E+05,2.97E+05,8.08E+04,,,
1172D,6R-2W,114-116 cm,519.24,45.4961,2.67E+06,5.96E+05,6.19E+05,1.39E+05,4.53E+06,4.31E+05,2.30E+04,2.44E+04,1.00E+03,0.00E+00,0.00E+00,6.13E+04,2.40E+04,1.48E+04,1.86E+04,0.00E+00,4.88E+03,6.06E+03,1.09E+04,4.04E+03,5.77E+03,6.84E+05,4.52E+04,3.03E+03,8.19E+04,6.94E+04,5.95E+04,2.11E+05,2.25E+04,4.74E+04,8.53E+04,3.34E+04,9.81E+03,,,
1172D,6R-3W,31-35 cm,519.91,45.5180,7.49E+05,1.81E+05,1.97E+05,9.54E+04,1.46E+06,1.40E+05,9.58E+03,1.06E+04,4.14E+02,0.00E+00,0.00E+00,2.20E+04,1.13E+04,5.30E+03,6.17E+03,0.00E+00,1.84E+03,1.96E+03,3.80E+03,1.56E+03,1.73E+03,2.69E+05,1.53E+04,2.56E+03,3.56E+04,3.19E+04,2.39E+04,9.14E+04,7.68E+03,8.64E+04,3.42E+05,9.43E+04,2.63E+04,,,
1172D,6R-4W,10-12 cm,521.2,45.5601,1.74E+07,4.61E+06,4.55E+06,1.41E+06,3.14E+07,3.70E+06,2.59E+05,2.89E+05,1.61E+04,2.47E+03,6.85E+03,7.77E+05,3.10E+05,1.56E+05,1.56E+05,6.25E+03,7.92E+04,7.67E+04,1.62E+05,3.97E+04,4.36E+04,9.07E+06,5.31E+05,3.49E+04,1.05E+06,6.90E+05,8.00E+05,2.54E+06,2.58E+05,5.48E+05,1.09E+06,3.12E+05,8.33E+04,,,
1172D,6R-4W,135-137 cm,522.45,45.6010,4.38E+05,1.02E+05,1.01E+05,2.86E+04,7.76E+05,6.86E+04,5.69E+03,6.53E+03,0.00E+00,0.00E+00,0.00E+00,1.30E+04,5.37E+03,3.02E+03,4.01E+03,0.00E+00,1.16E+03,1.13E+03,2.29E+03,8.84E+02,1.35E+03,1.45E+05,8.66E+03,9.05E+02,1.88E+04,1.63E+04,1.47E+04,4.98E+04,5.00E+03,1.48E+05,4.74E+05,1.49E+05,4.10E+04,,,
1172D,7R-1W,35-39 cm,526.69,45.7645,1.36E+06,3.24E+05,3.01E+05,1.53E+05,2.36E+06,2.03E+05,1.49E+04,1.71E+04,0.00E+00,0.00E+00,0.00E+00,3.50E+04,1.68E+04,8.24E+03,1.24E+04,0.00E+00,3.63E+03,3.08E+03,6.70E+03,2.40E+03,3.67E+03,3.91E+05,2.52E+04,2.67E+03,5.52E+04,5.00E+04,3.83E+04,1.43E+05,1.38E+04,3.20E+04,5.18E+04,2.07E+04,6.06E+03,,,
1172D,7R-1W,106-109 cm,527.4,45.8491,9.87E+06,2.19E+06,2.53E+06,7.62E+05,1.70E+07,1.81E+06,1.03E+05,1.17E+05,3.71E+03,2.10E+04,9.39E+03,2.69E+05,1.08E+05,5.64E+04,6.25E+04,2.26E+03,2.36E+04,3.23E+04,5.81E+04,1.25E+04,1.70E+04,3.45E+06,2.04E+05,1.47E+04,3.36E+05,2.36E+05,3.46E+05,9.18E+05,1.10E+05,2.20E+05,3.77E+05,1.19E+05,2.95E+04,,,
1172D,7R-3W,10-12 cm,529.3,46.0754,6.97E+06,1.60E+06,1.64E+06,4.98E+05,1.26E+07,1.29E+06,9.24E+04,1.08E+05,3.43E+03,1.19E+04,7.10E+03,2.24E+05,9.33E+04,5.07E+04,6.76E+04,3.37E+03,2.16E+04,3.52E+04,6.02E+04,1.24E+04,2.01E+04,2.89E+06,1.77E+05,1.99E+04,4.60E+05,2.70E+05,3.23E+05,1.05E+06,9.39E+04,2.00E+05,3.17E+05,1.18E+05,3.25E+04,,,
1172D,7R-3W,106-109 cm,530.26,46.1898,1.32E+07,3.05E+06,3.45E+06,9.99E+05,2.10E+07,2.39E+06,1.27E+05,1.32E+05,6.84E+03,2.16E+03,9.44E+03,3.57E+05,1.38E+05,6.42E+04,7.94E+04,0.00E+00,3.23E+04,3.89E+04,7.12E+04,1.77E+04,2.10E+04,4.91E+06,3.05E+05,1.83E+04,4.92E+05,3.70E+05,5.79E+05,1.44E+06,1.62E+05,2.59E+05,4.95E+05,1.44E+05,3.87E+04,,,
1172D,7R-5W,10-12 cm,532.2,46.4209,7.08E+06,1.96E+06,2.45E+06,7.98E+05,1.63E+07,1.97E+06,8.62E+04,9.56E+04,3.97E+03,1.00E+03,6.60E+03,2.54E+05,1.24E+05,5.38E+04,5.94E+04,0.00E+00,2.41E+04,3.49E+04,5.91E+04,1.42E+04,1.46E+04,3.60E+06,2.12E+05,1.55E+04,3.80E+05,2.47E+05,3.27E+05,9.54E+05,1.07E+05,1.82E+05,3.78E+05,1.13E+05,2.88E+04,,,
1172D,7R-6W,135-137 cm,535.05,46.7604,1.85E+07,4.28E+06,4.89E+06,1.72E+06,3.08E+07,3.57E+06,2.07E+05,2.26E+05,9.10E+03,2.79E+03,7.93E+03,6.31E+05,2.59E+05,1.28E+05,1.45E+05,2.36E+03,4.96E+04,6.24E+04,1.14E+05,3.13E+04,3.62E+04,7.86E+06,4.77E+05,2.80E+04,6.48E+05,4.58E+05,7.89E+05,1.90E+06,2.50E+05,4.33E+05,8.90E+05,2.73E+05,6.75E+04,,,
1172D,8R-2W,10-12 cm,537.4,47.0403,2.23E+06,6.32E+05,7.59E+05,2.66E+05,5.34E+06,5.71E+05,3.09E+04,3.53E+04,1.00E+03,1.00E+03,1.00E+03,9.93E+04,4.12E+04,1.57E+04,1.91E+04,1.00E+03,8.68E+03,1.23E+04,2.20E+04,5.20E+03,5.17E+03,1.37E+06,7.60E+04,8.73E+03,1.51E+05,9.57E+04,1.58E+05,4.05E+05,4.11E+04,6.62E+04,1.41E+05,3.48E+04,1.04E+04,,,
1172D,8R-3W,115-117 cm,539.95,47.3440,1.76E+07,3.89E+06,4.78E+06,1.45E+06,2.57E+07,3.20E+06,1.60E+05,1.70E+05,6.69E+03,4.20E+03,9.91E+03,4.67E+05,1.90E+05,8.32E+04,1.10E+05,2.00E+03,4.33E+04,5.77E+04,1.03E+05,2.58E+04,2.96E+04,6.30E+06,3.93E+05,2.09E+04,5.86E+05,4.09E+05,7.40E+05,1.74E+06,2.07E+05,3.30E+05,6.57E+05,1.93E+05,5.54E+04,,,
1172D,8R-4W,10-12 cm,540.4,47.3804,1.59E+06,4.16E+05,5.52E+05,1.73E+05,3.86E+06,4.34E+05,1.74E+04,1.96E+04,0.00E+00,7.12E+03,2.22E+03,5.23E+04,2.42E+04,1.00E+04,1.15E+04,0.00E+00,5.20E+03,8.43E+03,1.36E+04,2.35E+03,2.70E+03,7.22E+05,4.31E+04,4.41E+03,7.40E+04,4.57E+04,7.09E+04,1.91E+05,2.24E+04,3.70E+04,7.65E+04,2.15E+04,5.05E+03,,,
1172D,8R-5W,104-106 cm,542.84,47.5661,8.91E+05,2.34E+05,3.23E+05,9.90E+04,2.17E+06,2.46E+05,1.13E+04,1.33E+04,5.00E+02,3.05E+03,3.88E+03,3.48E+04,1.50E+04,7.72E+03,9.66E+03,0.00E+00,3.80E+03,4.41E+03,8.21E+03,2.20E+03,2.35E+03,5.35E+05,3.26E+04,2.01E+03,5.18E+04,3.65E+04,6.25E+04,1.51E+05,1.68E+04,2.46E+04,4.98E+04,1.74E+04,4.55E+03,,,
1172D,8R-6W,10-12 cm,543.3,47.6011,6.42E+06,1.70E+06,2.12E+06,7.00E+05,1.40E+07,1.56E+06,7.04E+04,8.03E+04,1.09E+04,3.12E+04,1.14E+04,2.20E+05,9.56E+04,3.83E+04,4.30E+04,5.44E+03,2.46E+04,3.10E+04,6.10E+04,1.09E+04,1.09E+04,2.93E+06,1.74E+05,1.36E+04,2.87E+05,1.83E+05,2.96E+05,7.66E+05,8.77E+04,1.51E+05,3.16E+05,8.13E+04,2.18E+04,,,
1172D,9R-1W,105-107 cm,546.45,47.8408,1.44E+07,3.30E+06,4.21E+06,1.60E+06,2.71E+07,3.54E+06,1.54E+05,1.84E+05,8.85E+03,5.01E+04,2.21E+04,4.69E+05,2.24E+05,1.02E+05,1.13E+05,5.84E+03,5.43E+04,7.73E+04,1.37E+05,2.56E+04,3.19E+04,6.18E+06,3.87E+05,3.80E+04,8.37E+05,5.21E+05,7.86E+05,2.14E+06,1.90E+05,3.38E+05,6.93E+05,2.15E+05,5.75E+04,,,
1172D,9R-2W,10-12 cm,547.45,47.9169,3.77E+06,1.02E+06,1.24E+06,4.13E+05,7.60E+06,9.35E+05,5.76E+04,6.01E+04,3.40E+03,3.11E+03,4.37E+03,1.54E+05,7.21E+04,2.99E+04,3.71E+04,0.00E+00,2.02E+04,2.08E+04,4.10E+04,9.45E+03,1.02E+04,2.33E+06,1.29E+05,2.15E+04,3.87E+05,3.01E+05,3.43E+05,1.03E+06,7.35E+04,1.18E+05,2.26E+05,6.70E+04,1.97E+04,,,
1172D,9R-2W,110-112 cm,548,47.9588,7.35E+06,1.78E+06,1.93E+06,7.47E+05,1.11E+07,1.38E+06,1.54E+05,8.60E+04,4.92E+03,4.29E+03,2.96E+03,3.18E+05,2.06E+05,4.10E+04,4.79E+04,0.00E+00,2.22E+04,2.87E+04,5.08E+04,1.06E+04,1.33E+04,3.23E+06,1.83E+05,2.12E+04,3.65E+05,2.90E+05,3.98E+05,1.05E+06,1.01E+05,2.40E+05,5.24E+05,8.89E+04,2.39E+04,,,
1172D,9R-3W,112-114 cm,549.52,48.0745,8.12E+06,2.13E+06,2.72E+06,1.00E+06,1.47E+07,1.98E+06,9.75E+04,1.02E+05,8.62E+03,2.38E+04,7.48E+03,2.65E+05,1.45E+05,4.66E+04,7.05E+04,6.01E+03,3.03E+04,3.76E+04,7.39E+04,1.42E+04,1.93E+04,4.22E+06,2.39E+05,2.97E+04,5.35E+05,3.96E+05,6.07E+05,1.54E+06,1.35E+05,2.00E+05,4.10E+05,1.17E+05,3.35E+04,,,
1172D,9R-4W,10-12 cm,550,48.1110,3.46E+06,9.26E+05,1.25E+06,4.61E+05,8.10E+06,9.23E+05,6.45E+04,7.13E+04,4.63E+03,1.06E+04,4.00E+03,1.31E+05,7.95E+04,2.62E+04,3.97E+04,3.57E+03,1.39E+04,2.77E+04,4.52E+04,8.77E+03,9.77E+03,1.88E+06,1.15E+05,1.66E+04,3.76E+05,2.25E+05,2.61E+05,8.62E+05,6.50E+04,1.36E+05,2.11E+05,6.59E+04,1.85E+04,,,
1172D,9R-5W,40-42 cm,551.8,48.2480,1.40E+05,4.62E+04,6.55E+04,2.34E+04,3.33E+05,4.28E+04,0.00E+00,0.00E+00,0.00E+00,0.00E+00,0.00E+00,0.00E+00,0.00E+00,0.00E+00,0.00E+00,0.00E+00,0.00E+00,0.00E+00,0.00E+00,0.00E+00,0.00E+00,1.27E+05,0.00E+00,0.00E+00,0.00E+00,0.00E+00,0.00E+00,0.00E+00,0.00E+00,6.12E+03,2.30E+04,,,,,
1172D,9R-6W,60-62 cm,553.5,48.3774,7.00E+05,1.71E+05,1.97E+05,7.79E+04,1.46E+06,1.59E+05,1.02E+04,1.13E+04,5.00E+02,1.00E+03,1.00E+03,2.25E+04,1.44E+04,6.90E+03,8.54E+03,1.00E+03,3.04E+03,6.80E+03,1.08E+04,1.76E+03,2.18E+03,3.73E+05,2.27E+04,3.33E+03,8.15E+04,4.89E+04,6.23E+04,1.93E+05,1.18E+04,2.15E+04,3.69E+04,1.54E+04,3.94E+03,,,
1172D,9R-7W,10-12 cm,554.5,48.4535,2.45E+06,6.54E+05,8.78E+05,3.26E+05,5.94E+06,7.24E+05,3.47E+04,3.91E+04,2.87E+03,6.45E+03,3.27E+03,1.01E+05,5.65E+04,2.32E+04,2.63E+04,1.00E+03,1.19E+04,2.27E+04,3.56E+04,6.65E+03,6.72E+03,1.61E+06,9.27E+04,9.83E+03,2.79E+05,1.39E+05,2.64E+05,6.82E+05,5.03E+04,7.38E+04,1.58E+05,4.95E+04,1.34E+04,,,
1172D,10R-1W,113-116 cm,556.23,48.5783,1.77E+06,4.60E+05,6.34E+05,2.44E+05,4.17E+06,5.26E+05,2.49E+04,2.74E+04,2.24E+03,3.63E+03,2.43E+03,6.73E+04,3.54E+04,1.49E+04,1.79E+04,1.00E+03,8.21E+03,1.39E+04,2.31E+04,3.60E+03,4.44E+03,1.09E+06,5.93E+04,7.42E+03,1.63E+05,1.17E+05,1.66E+05,4.46E+05,3.34E+04,5.23E+04,1.03E+05,3.28E+04,8.04E+03,,,
1172D,10R-2W,10-12 cm,556.7,48.6043,8.54E+05,2.51E+05,3.09E+05,1.30E+05,2.16E+06,2.31E+05,1.46E+04,1.59E+04,5.00E+02,1.00E+03,1.00E+03,4.16E+04,1.99E+04,7.51E+03,9.24E+03,1.00E+03,4.87E+03,6.38E+03,1.22E+04,1.75E+03,2.14E+03,6.31E+05,3.45E+04,3.54E+03,8.07E+04,5.07E+04,8.37E+04,2.15E+05,1.88E+04,3.05E+04,6.15E+04,1.67E+04,3.89E+03,,,
1172D,10R-3W,110-112 cm,559.2,48.7426,1.08E+07,2.40E+06,3.12E+06,1.21E+06,1.77E+07,2.45E+06,1.14E+05,1.15E+05,7.46E+03,1.31E+04,7.24E+03,3.62E+05,1.50E+05,6.36E+04,7.37E+04,3.91E+03,3.85E+04,4.59E+04,8.84E+04,1.73E+04,2.06E+04,5.65E+06,3.29E+05,2.82E+04,5.46E+05,3.98E+05,8.21E+05,1.77E+06,1.72E+05,2.29E+05,5.12E+05,1.37E+05,3.79E+04,,,
1172D,10R-4W,114-116 cm,560.74,48.8277,5.43E+06,1.47E+06,2.10E+06,7.88E+05,1.17E+07,1.59E+06,7.47E+04,7.34E+04,3.94E+03,8.36E+03,5.37E+03,2.45E+05,1.13E+05,3.69E+04,4.32E+04,3.01E+03,2.62E+04,2.66E+04,5.59E+04,1.17E+04,1.42E+04,4.31E+06,2.31E+05,1.56E+04,3.43E+05,2.53E+05,5.45E+05,1.14E+06,1.17E+05,1.48E+05,3.58E+05,8.01E+04,2.59E+04,,,
1172D,10R-5W,85-87 cm,561.95,48.8947,7.07E+06,1.96E+06,2.94E+06,1.14E+06,1.83E+07,2.71E+06,9.81E+04,1.02E+05,6.43E+03,1.59E+04,4.63E+03,3.11E+05,1.59E+05,5.89E+04,6.63E+04,5.97E+03,3.70E+04,4.92E+04,9.21E+04,1.40E+04,1.54E+04,4.50E+06,2.65E+05,1.55E+04,5.11E+05,2.89E+05,6.45E+05,1.45E+06,1.41E+04,2.00E+05,4.70E+05,1.25E+05,2.94E+04,,,
1172D,10R-6W,10-12 cm,562.7,48.9362,1.56E+06,4.53E+05,6.27E+05,2.51E+05,4.21E+06,5.23E+05,2.32E+04,2.46E+04,2.25E+03,2.69E+03,2.43E+03,6.76E+04,3.54E+04,1.26E+04,1.40E+04,1.00E+03,8.82E+03,1.39E+04,2.38E+04,3.05E+03,3.29E+03,1.14E+06,6.19E+04,9.64E+03,1.56E+05,1.01E+05,1.63E+05,4.20E+05,3.36E+04,4.78E+04,1.03E+05,2.66E+04,6.34E+03,,,
1172D,11R-1W,113-116 cm,565.83,49.1093,1.38E+06,4.19E+05,6.04E+05,2.50E+05,4.00E+06,5.41E+05,1.72E+04,1.82E+04,1.00E+03,4.13E+03,2.57E+03,6.05E+04,2.85E+04,1.09E+04,1.33E+04,1.00E+03,6.77E+03,1.17E+04,1.94E+04,2.71E+03,3.03E+03,1.04E+06,5.92E+04,5.67E+03,1.23E+05,9.46E+04,1.59E+05,3.77E+05,3.12E+04,3.54E+04,8.90E+04,2.42E+04,5.74E+03,,,
1172D,11R-3W,30-32 cm,568,49.2294,2.89E+05,8.88E+04,1.46E+05,4.88E+04,8.80E+05,1.31E+05,4.86E+03,5.45E+03,4.40E+02,4.00E+02,3.47E+02,1.48E+04,8.92E+03,3.07E+03,3.70E+03,0.00E+00,1.89E+03,2.83E+03,4.72E+03,8.21E+02,1.06E+03,2.46E+05,1.41E+04,3.26E+03,3.74E+04,3.42E+04,3.90E+04,1.11E+05,7.72E+03,1.03E+04,2.37E+04,6.77E+03,1.88E+03,,,
1172D,11R-3W,113-116 cm,568.83,49.2753,1.01E+06,2.88E+05,2.47E+05,9.69E+04,1.46E+06,2.11E+05,8.26E+03,8.61E+03,5.00E+02,1.50E+03,1.50E+03,2.83E+04,1.57E+04,5.26E+03,6.13E+03,1.00E+03,3.48E+03,5.59E+03,1.01E+04,1.44E+03,1.39E+03,5.20E+05,2.64E+04,4.27E+03,7.99E+04,5.72E+04,8.36E+04,2.21E+05,1.52E+04,1.69E+04,4.40E+04,1.14E+04,2.83E+03,,,
1172D,11R-3W,135-139 cm,569.05,49.2874,1.23E+05,2.30E+04,3.74E+04,1.45E+04,2.41E+05,3.67E+04,1.34E+03,1.66E+03,2.47E+02,8.81E+02,0.00E+00,4.06E+03,2.81E+03,7.77E+02,1.25E+03,4.19E+02,5.99E+02,1.54E+03,2.56E+03,3.24E+02,5.46E+02,7.34E+04,4.84E+03,1.08E+03,1.10E+04,1.05E+04,1.42E+04,3.58E+04,3.37E+03,3.01E+03,6.87E+03,2.02E+03,8.70E+02,,,
1172D,11R-4W,10-12 cm,569.3,49.3013,6.81E+05,2.16E+05,3.18E+05,1.20E+05,2.09E+06,2.41E+05,9.36E+03,9.43E+03,5.00E+02,0.00E+00,0.00E+00,3.07E+04,1.30E+04,5.09E+03,5.17E+03,1.00E+03,3.80E+03,4.44E+03,9.24E+03,1.20E+03,1.32E+03,5.12E+05,2.63E+04,3.74E+03,6.79E+04,4.23E+04,7.69E+04,1.87E+05,1.53E+04,1.88E+04,4.37E+04,1.03E+04,2.51E+03,,,
1172D,11R-5W,10-12 cm,570.8,49.4331,3.38E+05,1.06E+05,1.54E+05,6.12E+04,1.00E+06,1.41E+05,6.21E+03,6.70E+03,0.00E+00,0.00E+00,0.00E+00,1.82E+04,1.07E+04,3.49E+03,3.49E+03,0.00E+00,2.41E+03,4.81E+03,7.21E+03,9.14E+02,8.44E+02,3.55E+05,1.71E+04,3.27E+03,4.93E+04,3.23E+04,5.52E+04,1.37E+05,8.64E+03,1.29E+04,2.89E+04,6.98E+03,1.76E+03,,,
1172D,11R-6W,104.5-106.5 cm,572.685,49.6524,4.16E+06,1.17E+06,1.70E+06,6.67E+05,9.63E+06,1.37E+06,6.02E+04,6.15E+04,5.98E+03,9.65E+03,4.97E+03,1.86E+05,9.22E+04,3.19E+04,3.97E+04,4.08E+03,2.16E+04,3.66E+04,6.22E+04,8.60E+03,1.08E+04,3.05E+06,1.70E+05,2.28E+04,4.11E+05,3.48E+05,5.10E+05,1.27E+06,9.02E+04,1.22E+05,2.78E+05,7.16E+04,1.94E+04,,,
1172D,12R-2W,100-102 cm,576.44,50.0894,1.22E+06,3.28E+05,5.71E+05,1.99E+05,3.52E+06,6.08E+05,2.02E+04,2.15E+04,4.55E+03,1.55E+04,2.73E+03,4.53E+04,3.65E+04,1.12E+04,2.24E+04,6.91E+03,9.04E+03,2.95E+04,4.54E+04,3.93E+03,5.57E+03,1.13E+06,7.05E+04,1.43E+04,2.46E+05,2.00E+05,3.21E+05,7.67E+05,4.39E+04,4.17E+04,8.18E+04,3.35E+04,9.50E+03,,,
1172D,12R-3W,10-12 cm,577.06,50.1615,9.88E+05,2.36E+05,3.57E+05,1.59E+05,2.23E+06,2.87E+05,1.27E+04,1.38E+04,1.00E+03,3.14E+03,1.00E+03,3.42E+04,2.05E+04,6.22E+03,8.43E+03,1.00E+03,4.65E+03,1.02E+04,1.59E+04,1.78E+03,2.53E+03,6.69E+05,3.30E+04,4.31E+03,1.07E+05,5.78E+04,1.28E+05,2.93E+05,1.94E+04,2.65E+04,5.47E+04,1.46E+04,4.31E+03,,,
1172D,12R-4W,10-12 cm,578.54,50.3337,5.34E+05,1.45E+05,2.03E+05,8.11E+04,1.50E+06,1.87E+05,8.39E+03,9.10E+03,5.00E+02,0.00E+00,0.00E+00,2.44E+04,1.22E+04,4.22E+03,4.80E+03,1.00E+03,3.03E+03,5.17E+03,9.20E+03,1.15E+03,1.43E+03,3.81E+05,2.06E+04,2.61E+03,7.41E+04,4.40E+04,6.26E+04,1.81E+05,1.15E+04,1.75E+04,3.66E+04,9.03E+03,2.58E+03,,,
1172D,12R-5W,110-112 cm,581.04,50.6321,5.71E+05,1.68E+05,2.81E+05,1.08E+05,1.51E+06,2.32E+05,1.05E+04,1.18E+04,1.50E+03,4.18E+03,1.00E+03,3.94E+04,2.16E+04,5.97E+03,1.00E+04,1.00E+03,5.27E+03,1.11E+04,1.74E+04,1.48E+03,2.06E+03,7.55E+05,4.30E+04,8.70E+03,9.17E+04,9.32E+04,1.83E+05,3.68E+05,3.61E+04,2.24E+04,6.10E+04,1.60E+04,3.54E+03,,,
1172D,12R-6W,10-12 cm,581.54,50.7834,6.06E+05,1.22E+05,1.60E+05,7.98E+04,1.16E+06,1.52E+05,8.14E+03,8.70E+03,5.00E+02,1.00E+03,1.00E+03,2.30E+04,1.15E+04,3.52E+03,5.18E+03,1.00E+03,2.72E+03,5.16E+03,8.88E+03,1.17E+03,1.29E+03,3.46E+05,1.93E+04,4.00E+03,6.98E+04,4.18E+04,6.50E+04,1.77E+05,1.05E+04,1.68E+04,3.45E+04,8.70E+03,2.46E+03,,,
1172D,12R-7W,65-67 cm,583.61,51.4095,2.50E+06,5.85E+05,8.73E+05,3.98E+05,4.86E+06,6.78E+05,4.77E+04,4.20E+04,5.22E+03,6.36E+03,3.25E+03,1.33E+05,6.84E+04,1.93E+04,2.54E+04,3.19E+03,1.77E+04,2.07E+04,4.16E+04,6.05E+03,6.01E+03,1.94E+06,1.08E+05,1.64E+04,2.11E+05,1.89E+05,3.58E+05,7.58E+05,5.79E+04,8.97E+04,2.01E+05,4.47E+04,1.21E+04,,,
1172D,13R-1W,10-12 cm,585.85,52.7443,1.47E+06,4.87E+05,6.39E+05,2.79E+05,2.96E+06,3.98E+05,0.00E+00,0.00E+00,0.00E+00,0.00E+00,0.00E+00,0.00E+00,0.00E+00,0.00E+00,0.00E+00,0.00E+00,0.00E+00,0.00E+00,0.00E+00,0.00E+00,0.00E+00,1.13E+06,6.85E+04,0.00E+00,0.00E+00,0.00E+00,0.00E+00,0.00E+00,3.92E+04,3.59E+04,9.21E+04,3.53E+04,8.76E+03,,,
1172D,13R-2W,90-92 cm,588.15,53.0847,9.87E+05,3.19E+05,4.81E+05,2.38E+05,2.77E+06,3.71E+05,2.17E+04,2.04E+04,3.56E+03,3.91E+03,2.31E+03,6.66E+04,3.58E+04,9.60E+03,1.24E+04,1.00E+03,1.11E+04,1.39E+04,2.59E+04,3.59E+03,3.16E+03,1.18E+06,6.03E+04,9.18E+03,1.54E+05,1.27E+05,2.29E+05,5.10E+05,3.32E+04,4.21E+04,1.02E+05,2.20E+04,6.75E+03,,,
1172D,13R-3W,10-12 cm,588.85,53.1883,2.46E+05,6.11E+04,8.43E+04,4.15E+04,5.22E+05,7.18E+04,5.10E+03,5.12E+03,5.00E+02,1.00E+03,0.00E+00,1.29E+04,7.45E+03,1.88E+03,3.46E+03,1.00E+03,1.50E+03,3.22E+03,5.72E+03,5.91E+02,7.49E+02,1.93E+05,1.19E+04,7.79E+02,2.66E+04,1.69E+04,3.18E+04,7.53E+04,6.34E+03,1.02E+04,2.03E+04,5.34E+03,1.34E+03,,,
1172D,13R-4W,90-92 cm,591.15,53.5286,9.23E+05,2.42E+05,3.20E+05,1.16E+05,2.19E+06,2.14E+05,1.83E+04,1.81E+04,1.00E+03,1.00E+03,1.00E+03,4.50E+04,2.00E+04,7.30E+03,9.91E+03,1.00E+03,5.69E+03,5.26E+03,1.20E+04,2.39E+03,2.27E+03,5.29E+05,3.34E+04,6.16E+03,8.62E+04,7.70E+04,8.47E+04,2.48E+05,1.82E+04,3.64E+04,6.50E+04,1.72E+04,4.66E+03,,,
1172D,13R-5W,10-12 cm,591.85,53.6322,3.98E+05,1.18E+05,1.57E+05,8.12E+04,1.10E+06,1.32E+05,8.08E+03,7.85E+03,5.00E+02,1.00E+03,1.00E+03,2.35E+04,1.14E+04,3.92E+03,3.85E+03,1.00E+03,2.82E+03,2.51E+03,6.34E+03,1.29E+03,8.51E+02,3.21E+05,1.75E+04,1.59E+03,3.36E+04,1.97E+04,3.79E+04,9.12E+04,9.08E+03,1.59E+04,3.49E+04,7.77E+03,2.14E+03,,,
1172D,13R-6W,110-112 cm,594.35,53.9967,1.99E+06,5.67E+05,7.70E+05,3.37E+05,4.79E+06,5.62E+05,4.05E+04,3.45E+04,3.10E+03,2.16E+03,3.11E+03,1.19E+05,4.68E+04,1.74E+04,1.81E+04,0.00E+00,1.54E+04,8.56E+03,2.40E+04,5.96E+03,3.74E+03,1.59E+06,8.97E+04,1.41E+04,1.52E+05,1.37E+05,2.11E+05,5.00E+05,4.56E+04,7.50E+04,1.66E+05,3.55E+04,9.70E+03,,,
1172D,13R-7W,45-47 cm,595.22,54.0937,2.77E+06,7.77E+05,1.03E+06,3.96E+05,6.45E+06,6.58E+05,4.57E+04,4.18E+04,3.56E+03,4.21E+03,3.03E+03,1.58E+05,5.47E+04,1.96E+04,2.33E+04,0.00E+00,2.07E+04,1.64E+04,3.71E+04,6.89E+03,4.96E+03,1.90E+06,1.05E+05,1.53E+04,2.55E+05,1.97E+05,2.70E+05,7.22E+05,5.83E+04,8.75E+04,2.13E+05,4.29E+04,1.19E+04,,,
1172D,14R-1W,10-12 cm,596.44,54.2296,1.92E+05,4.88E+04,5.64E+04,1.79E+04,4.25E+05,3.72E+04,3.05E+03,3.59E+03,0.00E+00,0.00E+00,0.00E+00,7.18E+03,3.49E+03,1.72E+03,1.85E+03,0.00E+00,1.30E+03,1.00E+03,2.30E+03,4.65E+02,5.07E+02,6.82E+04,4.59E+03,5.96E+02,1.46E+04,9.17E+03,7.76E+03,3.15E+04,2.38E+03,6.63E+03,1.07E+04,3.57E+03,9.72E+02,,,
1172D,14R-2W,10-12 cm,597.94,54.3968,6.68E+05,1.84E+05,2.23E+05,7.20E+04,1.65E+06,1.66E+05,1.25E+04,1.22E+04,0.00E+00,0.00E+00,0.00E+00,3.08E+04,1.54E+04,5.71E+03,8.21E+03,0.00E+00,3.43E+03,6.38E+03,9.81E+03,1.75E+03,2.12E+03,3.62E+05,2.52E+04,4.03E+03,5.40E+04,7.73E+04,4.34E+04,1.75E+05,1.48E+04,2.47E+04,4.62E+04,1.39E+04,3.87E+03,,,
1172D,14R-3W,40-42 cm,599.74,54.5974,3.69E+05,7.75E+04,8.18E+04,2.66E+04,6.49E+05,5.89E+04,4.97E+03,4.41E+03,0.00E+00,0.00E+00,0.00E+00,1.31E+04,5.12E+03,2.12E+03,2.35E+03,0.00E+00,1.50E+03,2.76E+03,4.26E+03,7.24E+02,7.24E+02,1.32E+05,7.38E+03,2.59E+03,4.68E+04,3.02E+04,1.74E+04,9.44E+04,3.96E+03,9.38E+03,1.82E+04,4.47E+03,1.45E+03,,,
1172D,14R-4W,110-112 cm,601.96,54.8448,5.06E+06,1.02E+06,1.17E+06,2.93E+05,8.19E+06,7.75E+05,4.84E+04,5.23E+04,2.32E+03,1.50E+03,1.50E+03,1.21E+05,4.73E+04,2.08E+04,2.69E+04,0.00E+00,9.54E+03,6.52E+03,1.61E+04,6.91E+03,7.36E+03,9.33E+05,6.53E+04,6.79E+03,1.42E+05,1.30E+05,6.55E+04,3.38E+05,3.15E+04,1.01E+05,1.68E+05,4.77E+04,1.43E+04,,,
1172D,14R-5W,120-122 cm,603.7,55.0387,2.38E+06,5.80E+05,5.58E+05,1.48E+05,4.63E+06,3.31E+05,6.03E+04,7.35E+04,0.00E+00,5.57E+03,5.79E+03,7.60E+04,4.46E+04,2.32E+04,3.11E+04,5.51E+03,8.65E+03,9.37E+03,2.35E+04,7.25E+03,1.15E+04,4.60E+05,3.52E+04,4.51E+03,1.02E+05,9.03E+04,3.14E+04,2.24E+05,2.06E+04,1.34E+05,1.21E+05,5.43E+04,1.88E+04,,,
1172D,14R-6W,85-87 cm,604.89,55.1714,1.05E+06,2.43E+05,2.40E+05,6.67E+04,2.06E+06,1.59E+05,1.24E+04,1.27E+04,5.00E+02,0.00E+00,0.00E+00,3.76E+04,1.23E+04,5.29E+03,7.04E+03,0.00E+00,2.80E+03,2.89E+03,5.69E+03,1.62E+03,2.18E+03,2.96E+05,1.83E+04,2.25E+03,5.74E+04,5.55E+04,2.13E+04,1.34E+05,9.43E+03,2.51E+04,4.99E+04,1.23E+04,3.80E+03,,,
1172D,15R-1W,70-72 cm,606.2,55.3173,7.84E+06,1.58E+06,1.49E+06,3.67E+05,1.19E+07,9.06E+05,1.15E+05,1.47E+05,0.00E+00,4.04E+03,3.63E+03,1.51E+05,1.06E+05,5.43E+04,7.27E+04,4.94E+03,1.24E+04,1.31E+04,3.05E+04,1.18E+04,2.10E+04,7.97E+05,7.86E+04,9.73E+03,2.71E+05,2.11E+05,6.15E+04,5.44E+05,4.09E+04,2.62E+05,2.57E+05,1.27E+05,3.28E+04,,,
1172D,15R-2W,70-72 cm,607.7,55.4845,6.27E+06,1.44E+06,1.51E+06,5.02E+05,1.21E+07,1.12E+06,1.09E+05,1.13E+05,5.32E+03,5.41E+03,3.89E+03,2.27E+05,1.10E+05,5.67E+04,5.85E+04,0.00E+00,1.71E+04,1.34E+04,3.05E+04,1.60E+04,1.74E+04,1.78E+06,1.25E+05,1.74E+04,2.97E+05,2.67E+05,1.77E+05,7.42E+05,6.41E+04,2.22E+05,3.37E+05,1.15E+05,3.34E+04,,,
1172,15R-4A,0,610.01,55.7420,,4.07E+05,4.06E+05,1.21E+05,3.19E+06,2.34E+05,,,,,,,,,,,,,,,,3.95E+05,,,,,,,,3.11E+04,1.09E+05,,,,,
1172D,15R-4W,10-12 cm,610.11,55.7531,3.19E+06,6.57E+05,5.49E+05,1.89E+05,5.22E+06,3.62E+05,4.44E+04,4.90E+04,5.00E+02,0.00E+00,0.00E+00,6.88E+04,3.70E+04,2.07E+04,2.47E+04,4.11E+03,4.00E+03,4.15E+03,1.22E+04,5.80E+03,7.80E+03,4.21E+05,3.64E+04,4.60E+03,1.20E+05,9.30E+04,3.56E+04,2.49E+05,1.77E+04,9.34E+04,1.06E+05,4.54E+04,1.36E+04,,,
1172,15R-4A,20,610.21,55.7642,2.75E+06,6.25E+05,6.13E+05,1.78E+05,4.96E+06,3.66E+05,,,,,,,,,,,,,,,,5.18E+05,,,,,,,,4.43E+04,1.43E+05,,,,,
1172,15R-4A,40,610.405,55.7860,,3.37E+05,3.24E+05,1.07E+05,2.66E+06,1.94E+05,,,,,,,,,,,,,,,,3.31E+05,,,,,,,,2.76E+04,1.01E+05,,,,,
1172,15R-4A,60,610.61,55.8088,,5.90E+05,5.48E+05,1.70E+05,4.52E+06,3.26E+05,,,,,,,,,,,,,,,,4.31E+05,,,,,,,,4.32E+04,1.37E+05,,,,,
1172,15R-4A,69,610.7,55.8189,,1.76E+05,1.73E+05,5.49E+04,1.38E+06,1.04E+05,,,,,,,,,,,,,,,,1.31E+05,,,,,,,,1.20E+04,3.82E+04,,,,,
1172,15R-4A,80,610.81,55.8317,1.11E+06,2.76E+05,2.80E+05,8.58E+04,2.23E+06,1.78E+05,,,,,,,,,,,,,,,,1.84E+05,,,,,,,,1.53E+04,6.05E+04,,,,,
1172,15R-4A,89,610.9,55.8470,1.98E+06,4.51E+05,4.28E+05,1.30E+05,3.51E+06,2.51E+05,,,,,,,,,,,,,,,,2.00E+05,,,,,,,,2.33E+04,7.32E+04,,,,,
1172,15R-4A,99,611,55.8640,1.58E+06,3.46E+05,3.07E+05,9.59E+04,2.62E+06,1.79E+05,,,,,,,,,,,,,,,,1.48E+05,,,,,,,,2.04E+04,5.47E+04,,,,,
1172D,15R-4W,100-102 cm,611.01,55.8657,1.02E+07,2.07E+06,1.83E+06,5.50E+05,1.57E+07,1.22E+06,9.77E+04,1.25E+05,1.00E+03,1.00E+03,1.00E+03,1.14E+05,8.38E+04,5.19E+04,7.48E+04,0.00E+00,6.67E+03,8.83E+03,1.55E+04,1.19E+04,2.13E+04,6.00E+05,8.39E+04,7.68E+03,2.33E+05,1.81E+05,4.69E+04,4.61E+05,4.58E+04,2.23E+05,1.98E+05,1.27E+05,3.32E+04,,,
1172,15R-4A,110,611.115,55.8836,7.67E+05,1.79E+05,1.86E+05,6.04E+04,1.50E+06,1.25E+05,,,,,,,,,,,,,,,,1.06E+05,,,,,,,,1.10E+04,3.30E+04,,,,,
1172,15R-4A,119,611.195,55.8972,9.54E+05,2.27E+05,2.29E+05,7.52E+04,1.89E+06,1.56E+05,,,,,,,,,,,,,,,,1.35E+05,,,,,,,,1.47E+04,4.13E+04,,,,,
1172D,15R-4W,120-122 cm,611.21,55.8997,9.50E+06,2.11E+06,2.26E+06,6.60E+05,1.72E+07,1.55E+06,9.58E+04,1.14E+05,4.50E+03,4.60E+03,2.39E+03,1.36E+05,9.91E+04,6.56E+04,6.28E+04,1.00E+03,1.15E+04,1.39E+04,2.65E+04,2.36E+04,2.32E+04,8.41E+05,1.05E+05,1.56E+04,3.88E+05,2.98E+05,8.25E+04,7.68E+05,5.21E+04,2.10E+05,2.35E+05,1.28E+05,4.68E+04,,,
1172,15R-4A,131,611.315,55.9176,6.04E+05,1.42E+05,1.49E+05,4.80E+04,1.16E+06,1.03E+05,,,,,,,,,,,,,,,,8.56E+04,,,,,,,,1.22E+04,3.41E+04,,,,,
1172,15R-4A,135,611.355,55.9244,1.45E+06,3.50E+05,3.80E+05,1.23E+05,3.07E+06,2.79E+05,,,,,,,,,,,,,,,,2.23E+05,,,,,,,,2.93E+04,8.08E+04,,,,,
1172D,15R-4W,140-142 cm,611.41,55.9337,5.17E+06,1.20E+06,1.27E+06,3.85E+05,1.04E+07,1.00E+06,7.17E+04,8.50E+04,3.64E+03,0.00E+00,0.00E+00,9.27E+04,7.67E+04,4.16E+04,4.28E+04,5.07E+03,8.11E+03,1.19E+04,2.50E+04,1.62E+04,1.45E+04,5.25E+05,6.30E+04,1.20E+04,2.26E+05,1.75E+05,6.29E+04,4.64E+05,3.37E+04,1.57E+05,1.69E+05,8.44E+04,3.07E+04,,,
1172,15R-4A,146,611.47,55.9439,2.91E+06,7.39E+05,8.91E+05,3.12E+05,6.98E+06,7.58E+05,,,,,,,,,,,,,,,,6.29E+05,,,,,,,,5.91E+04,2.11E+05,,,,,
1172,15R-5A,0,611.515,55.9516,1.02E+06,3.12E+05,4.28E+05,1.51E+05,3.30E+06,4.14E+05,,,,,,,,,,,,,,,,2.61E+05,,,,,,,,2.55E+04,7.00E+04,,,,,
1172,15R-5A,5,611.56,55.9592,1.05E+06,3.23E+05,4.26E+05,1.59E+05,3.37E+06,4.27E+05,,,,,,,,,,,,,,,,2.78E+05,,,,,,,,3.19E+04,1.24E+05,,,,,
1172D,15R-5W,10-12 cm,611.61,55.9677,2.34E+06,4.75E+05,7.60E+05,2.63E+05,6.56E+06,9.12E+05,4.51E+04,3.09E+04,0.00E+00,8.54E+03,1.36E+04,6.12E+04,4.93E+04,1.75E+04,2.98E+04,4.91E+03,5.36E+03,1.57E+04,2.60E+04,8.06E+03,9.62E+03,4.06E+05,6.82E+04,1.64E+04,1.74E+05,1.27E+05,1.30E+05,4.31E+05,4.85E+04,7.60E+04,1.11E+05,4.73E+04,1.77E+04,,,
1172,15R-5A,13,611.64,55.9728,1.12E+06,3.47E+05,5.13E+05,2.00E+05,4.15E+06,5.59E+05,,,,,,,,,,,,,,,,3.57E+05,,,,,,,,3.50E+04,9.72E+04,,,,,
1172,15R-5A,19,611.7,55.9830,6.05E+05,2.46E+05,4.29E+05,1.76E+05,3.69E+06,5.30E+05,,,,,,,,,,,,,,,,2.07E+05,,,,,,,,1.50E+04,4.01E+04,,,,,
1172,15R-5A,23,611.74,55.9898,6.13E+05,2.31E+05,3.74E+05,1.51E+05,3.14E+06,4.42E+05,,,,,,,,,,,,,,,,1.38E+05,,,,,,,,2.57E+04,2.55E+04,,,,,
1172,15R-5A,27,611.775,55.9958,6.92E+05,2.17E+05,3.42E+05,1.35E+05,2.78E+06,3.95E+05,,,,,,,,,,,,,,,,1.22E+05,,,,,,,,2.27E+04,2.64E+04,,,,,
1172,15R-5A,29,611.795,55.9992,4.97E+05,1.58E+05,2.29E+05,9.04E+04,1.87E+06,2.46E+05,,,,,,,,,,,,,,,,1.53E+05,,,,,,,,1.08E+04,3.40E+04,,,,,
1172D,15R-5W,30-32 cm,611.81,56.0018,5.08E+06,1.10E+06,1.44E+06,4.84E+05,1.22E+07,1.47E+06,6.44E+04,6.85E+04,5.97E+03,1.40E+04,4.35E+03,1.08E+05,7.27E+04,3.16E+04,4.78E+04,8.35E+03,1.04E+04,1.79E+04,3.67E+04,1.00E+04,1.35E+04,7.70E+05,8.75E+04,1.86E+04,2.79E+05,2.27E+05,8.91E+04,5.96E+05,4.73E+04,1.33E+05,1.81E+05,7.94E+04,2.35E+04,,,
1172,15R-5A,31,611.815,56.0027,1.51E+07,5.73E+05,7.97E+05,3.05E+05,6.74E+06,8.85E+05,,,,,,,,,,,,,,,,4.81E+05,,,,,,,,4.02E+04,1.14E+05,,,,,
1172,15R-5A,33,611.835,56.0062,,1.65E+06,2.20E+06,7.91E+05,1.80E+07,1.95E+06,,,,,,,,,,,,,,,,1.51E+06,,,,,,,,1.50E+05,4.75E+05,,,,,
1172,15R-5A,35,611.86,56.0106,5.37E+06,7.59E+05,9.82E+05,3.50E+05,8.01E+06,9.10E+05,,,,,,,,,,,,,,,,6.37E+05,,,,,,,,5.88E+04,1.67E+05,,,,,
1172,15R-5A,38,611.885,56.0151,1.17E+06,2.34E+05,2.05E+05,6.07E+04,1.89E+06,1.30E+05,,,,,,,,,,,,,,,,1.79E+05,,,,,,,,1.69E+04,5.53E+04,,,,,
1172D,15R-5W,40-42 cm,611.91,56.0195,7.45E+06,1.41E+06,1.24E+06,3.27E+05,1.15E+07,7.39E+05,7.91E+04,8.63E+04,3.71E+03,1.00E+03,2.00E+03,1.46E+05,6.79E+04,3.33E+04,5.29E+04,3.55E+03,1.18E+04,1.56E+04,3.10E+04,1.03E+04,1.68E+04,7.91E+05,7.49E+04,1.91E+04,3.56E+05,2.93E+05,4.20E+04,6.91E+05,3.71E+04,1.65E+05,2.14E+05,8.62E+04,2.71E+04,,,
1172,15R-5A,40,611.911,56.0197,1.57E+06,3.21E+05,3.16E+05,9.49E+04,2.75E+06,2.20E+05,,,,,,,,,,,,,,,,2.56E+05,,,,,,,,2.58E+04,8.04E+04,,,,,
1172,15R-5A,42,611.925,56.0222,4.47E+06,8.91E+05,8.18E+05,2.40E+05,7.55E+06,5.18E+05,,,,,,,,,,,,,,,,7.04E+05,,,,,,,,7.49E+04,2.19E+05,,,,,
1172,15R-5A,44,611.945,56.0257,2.54E+06,5.55E+05,5.46E+05,1.51E+05,4.56E+06,3.58E+05,,,,,,,,,,,,,,,,5.71E+05,,,,,,,,4.79E+04,1.48E+05,,,,,
1172,15R-5A,46,611.965,56.0293,5.85E+06,1.27E+06,1.26E+06,3.56E+05,1.01E+07,8.38E+05,,,,,,,,,,,,,,,,1.38E+06,,,,,,,,1.29E+05,4.08E+05,,,,,
1172,15R-5A,48,611.985,56.0328,2.13E+06,4.83E+05,4.91E+05,1.52E+05,3.99E+06,3.42E+05,,,,,,,,,,,,,,,,5.83E+05,,,,,,,,6.08E+04,1.75E+05,,,,,
1172,15R-5A,50,612.005,56.0364,3.78E+06,6.67E+05,7.21E+05,2.25E+05,5.78E+06,5.43E+05,,,,,,,,,,,,,,,,7.81E+05,,,,,,,,6.87E+04,2.29E+05,,,,,
1172,15R-5A,52,612.025,56.0399,2.13E+06,5.33E+05,5.21E+05,1.57E+05,4.14E+06,3.64E+05,,,,,,,,,,,,,,,,4.94E+05,,,,,,,,4.10E+04,1.37E+05,,,,,
1172,15R-5A,55,612.055,56.0452,1.36E+06,3.07E+05,3.18E+05,9.88E+04,2.60E+06,2.36E+05,,,,,,,,,,,,,,,,4.15E+05,,,,,,,,2.88E+04,1.02E+05,,,,,
1172,15R-5A,59,612.095,56.0523,2.73E+06,6.17E+05,6.21E+05,1.80E+05,5.25E+06,4.24E+05,,,,,,,,,,,,,,,,7.32E+05,,,,,,,,4.76E+04,1.64E+05,,,,,
1172,15R-5A,69,612.195,56.0701,1.32E+07,2.63E+06,2.64E+06,7.78E+05,2.13E+07,1.66E+06,,,,,,,,,,,,,,,,3.13E+06,,,,,,,,2.21E+05,7.07E+05,,,,,
1172,15R-5A,79,612.295,56.0878,1.89E+07,4.22E+06,4.23E+06,1.16E+06,3.54E+07,2.77E+06,,,,,,,,,,,,,,,,4.01E+06,,,,,,,,3.60E+05,1.08E+06,,,,,
1172,15R-5A,85,612.355,56.0985,9.09E+06,2.04E+06,2.03E+06,5.64E+05,1.71E+07,1.31E+06,,,,,,,,,,,,,,,,2.04E+06,,,,,,,,1.82E+05,5.81E+05,,,,,
1172,15R-5A,90,612.405,56.1073,7.38E+06,1.46E+06,1.43E+06,3.94E+05,1.22E+07,8.85E+05,,,,,,,,,,,,,,,,1.86E+06,,,,,,,,1.99E+05,4.94E+05,,,,,
1172D,15R-5W,90-92 cm,612.41,56.1082,3.79E+06,7.14E+05,6.96E+05,1.78E+05,6.20E+06,4.14E+05,6.28E+04,6.38E+04,2.00E+03,2.46E+03,1.19E+04,9.26E+04,5.50E+04,1.86E+04,2.97E+04,2.03E+03,7.60E+03,1.48E+04,2.44E+04,6.76E+03,9.59E+03,5.35E+05,4.71E+04,1.10E+04,2.23E+05,1.83E+05,3.22E+04,4.38E+05,2.12E+04,1.27E+05,1.48E+05,4.83E+04,1.64E+04,,,
1172,15R-5A,94,612.45,56.1153,4.60E+06,1.04E+06,1.01E+06,2.81E+05,8.61E+06,6.53E+05,,,,,,,,,,,,,,,,1.02E+06,,,,,,,,8.88E+04,2.89E+05,,,,,
1172,15R-5A,99,612.495,56.1233,2.31E+07,2.66E+06,2.60E+06,7.47E+05,2.15E+07,1.66E+06,,,,,,,,,,,,,,,,2.59E+06,,,,,,,,2.69E+05,7.54E+05,,,,,
1172,15R-5A,104,612.55,56.1331,7.45E+06,1.63E+06,1.57E+06,4.59E+05,1.37E+07,1.02E+06,,,,,,,,,,,,,,,,1.43E+06,,,,,,,,1.60E+05,4.58E+05,,,,,
1172,15R-5A,110,612.605,56.1428,1.07E+07,2.25E+06,2.12E+06,5.80E+05,1.87E+07,1.32E+06,,,,,,,,,,,,,,,,1.60E+06,,,,,,,,1.86E+05,5.49E+05,,,,,
1172,15R-5A,120,612.705,56.1606,1.87E+07,3.95E+06,3.68E+06,1.01E+06,3.17E+07,2.23E+06,,,,,,,,,,,,,,,,2.66E+06,,,,,,,,2.63E+05,8.75E+05,,,,,
1172,15R-5A,130,612.805,56.1783,1.03E+07,2.12E+06,1.87E+06,5.20E+05,1.76E+07,1.17E+06,,,,,,,,,,,,,,,,1.64E+06,,,,,,,,1.80E+05,4.85E+05,,,,,
1172,15R-5A,139,612.9,56.1952,1.41E+07,2.96E+06,2.81E+06,7.79E+05,2.47E+07,1.69E+06,,,,,,,,,,,,,,,,2.04E+06,,,,,,,,1.85E+05,5.89E+05,,,,,
1172D,15R-5W,140-142 cm,612.91,56.1969,8.96E+06,1.84E+06,1.66E+06,4.20E+05,1.40E+07,9.35E+05,7.40E+04,8.75E+04,3.42E+03,2.88E+03,2.23E+03,1.57E+05,6.52E+04,3.06E+04,4.95E+04,1.00E+03,1.11E+04,1.33E+04,2.54E+04,9.39E+03,1.60E+04,8.18E+05,7.01E+04,1.00E+04,3.11E+05,2.56E+05,4.16E+04,6.09E+05,3.34E+04,1.62E+05,2.22E+05,8.01E+04,2.54E+04,,,
1172,15R-6A,10,613.105,56.2315,9.10E+06,1.98E+06,1.88E+06,4.84E+05,1.65E+07,1.19E+06,,,,,,,,,,,,,,,,1.43E+06,,,,,,,,1.19E+05,3.94E+05,,,,,
1172D,15R-6W,10-12 cm,613.106,56.2317,3.89E+06,7.55E+05,7.13E+05,1.81E+05,6.63E+06,4.59E+05,3.75E+04,4.44E+04,2.00E+03,1.00E+03,1.00E+03,7.65E+04,3.51E+04,1.89E+04,3.16E+04,2.88E+03,6.85E+03,1.56E+04,2.54E+04,4.93E+03,9.61E+03,4.79E+05,4.37E+04,1.09E+04,2.99E+05,2.39E+05,2.99E+04,5.68E+05,2.01E+04,8.19E+04,1.12E+05,5.05E+04,1.45E+04,,,
1172,15R-6A,30,613.305,56.2670,6.13E+06,1.30E+06,1.16E+06,3.12E+05,1.10E+07,7.48E+05,,,,,,,,,,,,,,,,1.08E+06,,,,,,,,8.58E+04,2.81E+05,,,,,
1172,15R-6A,50,613.505,56.3025,7.62E+06,1.73E+06,1.62E+06,4.51E+05,1.44E+07,1.04E+06,,,,,,,,,,,,,,,,1.73E+06,,,,,,,,1.18E+05,4.74E+05,,,,,
1172,15R-6A,70,613.705,56.3380,1.20E+07,2.46E+06,2.24E+06,5.56E+05,1.96E+07,1.31E+06,,,,,,,,,,,,,,,,1.56E+06,,,,,,,,1.48E+05,5.44E+05,,,,,
1172D,15R-6W,70-72 cm,613.706,56.3382,4.38E+06,8.79E+05,8.13E+05,1.88E+05,7.04E+06,4.47E+05,4.49E+04,5.72E+04,5.00E+02,4.58E+03,3.32E+03,7.85E+04,4.25E+04,2.15E+04,3.40E+04,1.29E+04,9.21E+03,1.59E+04,3.80E+04,5.82E+03,9.75E+03,4.61E+05,3.89E+04,1.11E+04,3.10E+05,2.38E+05,2.94E+04,5.77E+05,1.89E+04,1.02E+05,1.21E+05,5.55E+04,1.56E+04,,,
1172,15R-6A,90,613.905,56.3735,4.10E+06,6.59E+05,6.33E+05,1.49E+05,5.04E+06,3.68E+05,,,,,,,,,,,,,,,,1.00E+06,,,,,,,,6.55E+04,2.13E+05,,,,,
1172,15R-6A,110,614.105,56.4090,2.52E+06,6.43E+05,7.52E+05,2.07E+05,5.79E+06,5.32E+05,,,,,,,,,,,,,,,,8.30E+05,,,,,,,,5.67E+04,2.25E+05,,,,,
1172,15R-6A,130,614.305,56.4444,3.60E+06,6.83E+05,7.69E+05,1.85E+05,5.81E+06,4.77E+05,,,,,,,,,,,,,,,,1.05E+06,,,,,,,,6.78E+04,2.38E+05,,,,,
1172,15R-7A,10,614.605,56.4977,4.83E+06,9.93E+05,1.01E+06,2.88E+05,8.41E+06,6.92E+05,,,,,,,,,,,,,,,,1.16E+06,,,,,,,,7.47E+04,2.78E+05,,,,,
1172D,15R-7W,10-12 cm,614.61,56.4985,2.72E+06,5.26E+05,5.24E+05,1.40E+05,4.57E+06,3.67E+05,2.87E+04,3.04E+04,2.25E+03,0.00E+00,1.00E+03,6.83E+04,2.73E+04,1.34E+04,1.81E+04,2.10E+03,8.39E+03,1.29E+04,2.34E+04,4.94E+03,5.31E+03,4.70E+05,3.77E+04,1.46E+04,3.09E+05,2.52E+05,3.55E+04,5.96E+05,1.70E+04,5.91E+04,9.56E+04,3.15E+04,1.03E+04,,,
1172,15R-7A,49,614.995,56.5669,7.03E+06,1.29E+06,1.11E+06,2.95E+05,1.12E+07,6.96E+05,,,,,,,,,,,,,,,,7.61E+05,,,,,,,,1.11E+05,2.95E+05,,,,,
1172D,15R-7W,60-62 cm,615.1,56.5855,4.87E+06,8.99E+05,8.05E+05,2.10E+05,7.50E+06,5.14E+05,4.84E+04,5.66E+04,2.32E+03,0.00E+00,1.00E+03,8.72E+04,4.26E+04,2.26E+04,3.44E+04,0.00E+00,6.89E+03,1.36E+04,2.05E+04,6.47E+03,1.12E+04,4.63E+05,4.32E+04,1.23E+04,3.26E+05,2.54E+05,2.72E+04,6.07E+05,2.30E+04,1.05E+05,1.30E+05,5.70E+04,1.77E+04,,,
,16R-1W,40-42 cm,615.67,56.6866,1.36E+07,2.66E+06,2.16E+06,6.97E+05,2.50E+07,1.56E+06,1.64E+05,2.06E+05,0.00E+00,0.00E+00,0.00E+00,2.62E+05,1.55E+05,6.34E+04,1.22E+05,0.00E+00,2.04E+04,4.60E+04,6.64E+04,2.14E+04,3.20E+04,1.64E+06,1.35E+05,1.71E+04,6.25E+05,6.70E+05,8.67E+04,1.38E+06,7.00E+04,3.70E+05,4.17E+05,1.85E+05,5.34E+04,,,
,16R-1W,100-102 cm,616.27,56.7931,3.01E+06,5.30E+05,5.22E+05,1.53E+05,5.55E+06,3.28E+05,4.33E+04,5.30E+04,2.00E+03,4.94E+03,5.04E+03,9.00E+04,4.31E+04,2.09E+04,2.63E+04,7.60E+03,1.01E+04,3.09E+04,4.86E+04,4.62E+03,8.39E+03,6.52E+05,4.54E+04,1.24E+04,4.05E+05,3.24E+05,5.37E+04,7.83E+05,2.31E+04,9.63E+04,1.33E+05,4.72E+04,1.30E+04,,,
,16R-1W,140-142 cm,616.67,56.8640,1.43E+07,2.79E+06,2.48E+06,7.20E+05,2.67E+07,1.91E+06,2.70E+05,2.92E+05,0.00E+00,0.00E+00,0.00E+00,5.26E+05,2.72E+05,1.05E+05,1.75E+05,0.00E+00,8.18E+04,1.70E+05,2.52E+05,3.24E+04,4.16E+04,4.15E+06,2.84E+05,2.00E+05,4.02E+06,3.17E+06,4.82E+05,7.68E+06,1.55E+05,5.63E+05,7.98E+05,2.80E+05,7.40E+04,,,
1172D,16R-2W,10-12 cm,616.97,56.9173,7.44E+05,1.42E+05,1.19E+05,3.56E+04,1.27E+06,7.89E+04,9.43E+03,1.15E+04,5.00E+02,0.00E+00,0.00E+00,1.90E+04,8.37E+03,4.26E+03,6.84E+03,1.00E+03,3.18E+03,3.25E+03,7.43E+03,1.35E+03,2.20E+03,1.18E+05,9.02E+03,4.16E+03,8.55E+04,6.52E+04,1.01E+04,1.61E+05,4.72E+03,2.09E+04,2.74E+04,1.11E+04,3.55E+03,,,
,16R-2W,50-52cm,617.37,56.9882,5.46E+06,1.09E+06,9.29E+05,2.52E+05,1.00E+07,7.11E+05,7.23E+04,8.72E+04,0.00E+00,0.00E+00,0.00E+00,1.30E+05,6.67E+04,3.46E+04,4.46E+04,1.00E+03,3.00E+03,2.63E+04,3.03E+04,9.84E+03,1.33E+04,8.33E+05,6.60E+04,1.79E+04,4.39E+05,3.83E+05,6.22E+04,8.84E+05,3.39E+04,1.59E+05,1.97E+05,7.93E+04,2.31E+04,,,
,16R-2W,100-102 cm,617.87,57.0769,4.33E+06,8.41E+05,7.29E+05,2.16E+05,8.09E+06,5.13E+05,6.53E+04,8.09E+04,1.50E+03,0.00E+00,0.00E+00,8.90E+04,4.77E+04,2.56E+04,3.97E+04,4.97E+03,9.87E+03,1.58E+04,3.07E+04,6.54E+03,1.29E+04,5.25E+05,4.43E+04,6.09E+03,3.03E+05,2.54E+05,3.02E+04,5.87E+05,2.27E+04,1.46E+05,1.37E+05,6.54E+04,1.94E+04,,,
,16R-2W,140-142 cm,618.27,57.1432,5.12E+06,9.57E+05,7.60E+05,2.00E+05,8.68E+06,4.99E+05,6.16E+04,8.34E+04,1.50E+03,0.00E+00,0.00E+00,8.83E+04,4.89E+04,2.50E+04,4.85E+04,5.04E+03,7.17E+03,1.24E+04,2.46E+04,7.53E+03,1.57E+04,4.76E+05,4.73E+04,3.88E+03,2.40E+05,1.75E+05,2.00E+04,4.35E+05,2.33E+04,1.45E+05,1.37E+05,7.35E+04,2.32E+04,,,
1172D,16R-3W,10-12 cm,618.47,57.1752,4.58E+05,7.79E+04,6.14E+04,1.63E+04,6.42E+05,3.58E+04,4.38E+03,5.92E+03,5.00E+02,1.00E+03,0.00E+00,6.36E+03,3.64E+03,1.74E+03,2.89E+03,1.00E+03,1.00E+03,3.00E+03,5.00E+03,5.70E+02,1.00E+03,3.58E+04,3.36E+03,5.63E+02,2.31E+04,1.76E+04,1.42E+03,4.21E+04,1.63E+03,1.03E+04,9.99E+03,4.63E+03,1.57E+03,,,
,16R-3W,50-52 cm,618.87,57.2392,5.98E+06,1.19E+06,1.02E+06,2.69E+05,1.08E+07,6.71E+05,7.70E+04,1.03E+05,1.50E+03,0.00E+00,0.00E+00,1.06E+05,5.91E+04,3.47E+04,6.23E+04,6.62E+03,7.55E+03,1.19E+04,2.61E+04,7.99E+03,1.84E+04,5.10E+05,5.82E+04,9.49E+03,3.01E+05,2.24E+05,2.53E+04,5.50E+05,2.98E+04,1.80E+05,1.65E+05,9.70E+04,2.64E+04,,,
,16R-3W,100-102 cm,619.34,57.3144,1.10E+06,2.22E+05,2.08E+05,5.64E+04,2.12E+06,1.41E+05,2.04E+04,2.30E+04,5.00E+02,0.00E+00,0.00E+00,3.46E+04,1.85E+04,7.84E+03,1.24E+04,2.09E+03,5.33E+03,1.05E+04,1.79E+04,2.04E+03,3.94E+03,2.59E+05,1.94E+04,4.54E+03,2.00E+05,1.68E+05,1.74E+04,3.85E+05,1.05E+04,4.34E+04,5.31E+04,2.03E+04,5.98E+03,,,
,16R-3W,120-122 cm,619.54,57.3464,1.34E+07,2.83E+06,2.62E+06,6.72E+05,2.64E+07,1.91E+06,1.94E+05,2.50E+05,0.00E+00,0.00E+00,0.00E+00,4.01E+05,1.87E+05,8.88E+04,1.46E+05,2.57E+04,5.36E+04,9.68E+04,1.76E+05,2.64E+04,4.31E+04,2.95E+06,2.07E+05,7.93E+04,2.34E+06,1.59E+06,2.33E+05,4.16E+06,9.71E+04,4.44E+05,5.88E+05,2.35E+05,6.95E+04,,,
,16R-4W,30-32 cm,620.14,57.4424,1.80E+07,3.31E+06,2.79E+06,7.88E+05,3.23E+07,2.05E+06,2.25E+05,2.92E+05,7.65E+03,0.00E+00,0.00E+00,4.20E+05,2.38E+05,1.08E+05,1.67E+05,3.45E+04,4.61E+04,9.30E+04,1.74E+05,2.74E+04,5.04E+04,2.82E+06,2.29E+05,7.01E+04,2.14E+06,1.46E+06,1.75E+05,3.78E+06,1.07E+05,5.17E+05,6.58E+05,2.75E+05,7.78E+04,,,
,16R-4W,96.5-98.5 cm,620.805,57.5488,1.97E+06,3.84E+05,3.61E+05,1.09E+05,3.86E+06,2.56E+05,2.95E+04,3.70E+04,0.00E+00,0.00E+00,0.00E+00,3.97E+04,2.23E+04,1.11E+04,1.78E+04,5.47E+03,3.76E+03,1.01E+04,1.94E+04,3.05E+03,5.32E+03,2.16E+05,2.20E+04,5.28E+03,1.75E+05,1.42E+05,1.74E+04,3.34E+05,1.10E+04,6.65E+04,6.20E+04,2.89E+04,8.38E+03,,,
1172D,16R-4W,135-137 cm,621.19,57.6104,2.43E+05,4.26E+04,3.11E+04,9.71E+03,3.57E+05,1.89E+04,2.61E+03,3.70E+03,0.00E+00,0.00E+00,0.00E+00,3.17E+03,1.96E+03,1.23E+03,1.95E+03,0.00E+00,0.00E+00,1.00E+03,2.10E+03,2.00E+02,8.03E+02,1.59E+04,1.74E+03,7.44E+02,1.52E+04,1.14E+04,1.70E+03,2.83E+04,1.10E+03,6.31E+03,5.12E+03,3.18E+03,1.00E+03,,,
1172D,16R-5W,10-12 cm,621.44,57.6504,7.78E+05,1.36E+05,9.52E+04,2.78E+04,1.16E+06,6.34E+04,8.04E+03,1.13E+04,0.00E+00,0.00E+00,1.00E+03,1.17E+04,6.13E+03,3.53E+03,5.58E+03,1.00E+03,1.00E+03,2.88E+03,4.88E+03,1.03E+03,1.98E+03,6.02E+04,5.81E+03,1.79E+03,4.47E+04,3.35E+04,3.42E+03,8.16E+04,3.07E+03,1.93E+04,1.78E+04,9.11E+03,3.02E+03,,,
1172D,17R-1W,6-8 cm,625.06,57.7000,6.07E+05,1.04E+05,8.56E+04,2.44E+04,9.07E+05,5.50E+04,7.70E+03,9.93E+03,0.00E+00,0.00E+00,0.00E+00,8.24E+03,5.27E+03,3.13E+03,4.83E+03,0.00E+00,0.00E+00,1.00E+03,3.47E+03,6.45E+02,1.52E+03,4.16E+04,4.34E+03,1.45E+03,3.67E+04,2.87E+04,2.67E+03,6.81E+04,2.57E+03,1.76E+04,1.35E+04,7.96E+03,2.16E+03,,,
1172D,17R-1W,55-57 cm,625.55,58.9757,2.08E+07,2.41E+06,1.61E+06,4.82E+05,1.80E+07,7.65E+05,3.32E+05,3.91E+05,0.00E+00,2.37E+04,0.00E+00,1.59E+05,1.30E+05,5.96E+04,9.70E+04,6.69E+03,4.08E+03,8.02E+03,1.88E+04,7.71E+03,2.39E+04,4.13E+05,5.16E+04,5.77E+03,1.71E+05,1.54E+05,6.06E+03,3.31E+05,2.92E+04,7.23E+05,2.89E+05,1.57E+05,3.16E+04,,,
,17R-1W,80-82,625.8,58.9829,4.65E+07,5.29E+06,3.47E+06,1.00E+06,4.62E+07,1.83E+06,8.43E+05,1.13E+06,0.00E+00,1.00E+03,0.00E+00,3.85E+05,3.61E+05,1.50E+05,2.72E+05,1.36E+04,9.84E+03,2.98E+04,5.33E+04,1.92E+04,6.91E+04,1.24E+06,1.43E+05,1.76E+04,5.78E+05,4.84E+05,2.51E+04,1.09E+06,8.29E+04,1.97E+06,7.46E+05,4.22E+05,8.82E+04,,,
,17R-1W,120-122 cm,626.2,58.9943,4.69E+07,5.22E+06,3.09E+06,9.45E+05,4.28E+07,1.73E+06,9.96E+05,1.22E+06,0.00E+00,2.87E+04,2.99E+04,4.35E+05,3.86E+05,1.69E+05,2.74E+05,1.14E+04,2.00E+04,2.66E+04,5.80E+04,2.00E+04,6.76E+04,1.22E+06,7.23E+04,3.09E+04,6.08E+05,5.67E+05,3.09E+04,1.21E+06,8.15E+04,2.22E+06,8.21E+05,4.43E+05,8.76E+04,,,
1172D,17R-2W,10-12 cm,626.6,59.0057,6.51E+06,7.38E+05,5.21E+05,1.68E+05,6.11E+06,2.78E+05,1.26E+05,1.37E+05,0.00E+00,3.20E+03,1.00E+03,6.31E+04,4.99E+04,2.05E+04,3.75E+04,1.00E+03,2.20E+03,3.56E+03,6.76E+03,1.95E+03,6.63E+03,1.77E+05,1.55E+04,2.37E+03,6.23E+04,7.02E+04,3.94E+03,1.36E+05,9.44E+03,2.63E+05,1.13E+05,5.80E+04,8.58E+03,,,
1172D,17R-2W,55-57 cm,627.05,59.0186,5.50E+06,6.48E+05,4.15E+05,1.45E+05,5.68E+06,2.07E+05,1.02E+05,1.34E+05,0.00E+00,3.02E+03,2.18E+03,5.24E+04,5.23E+04,1.86E+04,3.97E+04,2.07E+03,2.04E+03,3.36E+03,7.47E+03,1.67E+03,7.49E+03,1.61E+05,1.98E+04,1.88E+03,7.11E+04,8.53E+04,2.84E+03,1.59E+05,1.23E+04,2.36E+05,1.05E+05,5.83E+04,9.17E+03,,,
,17R-2W,96-98 cm,627.46,59.0303,9.09E+06,1.01E+06,6.55E+05,2.05E+05,8.33E+06,3.81E+05,2.41E+05,2.83E+05,3.68E+03,0.00E+00,0.00E+00,1.00E+05,8.81E+04,3.84E+04,6.52E+04,1.00E+03,2.97E+03,5.53E+03,9.50E+03,4.92E+03,1.87E+04,3.00E+05,4.18E+04,3.57E+03,1.12E+05,9.64E+04,5.47E+03,2.14E+05,2.40E+04,5.24E+05,1.88E+05,1.04E+05,2.36E+04,,,
1172D,17R-3W,5-7 cm,628.05,59.0471,4.78E+06,5.79E+05,3.81E+05,1.25E+05,5.16E+06,2.49E+05,1.07E+05,1.48E+05,0.00E+00,3.62E+03,2.02E+03,5.96E+04,5.74E+04,2.25E+04,4.52E+04,1.00E+03,2.44E+03,3.03E+03,6.47E+03,2.72E+03,1.22E+04,1.95E+05,2.68E+04,3.21E+03,8.59E+04,9.89E+04,8.09E+03,1.93E+05,1.59E+04,2.55E+05,1.17E+05,6.77E+04,1.50E+04,,,
,17R-3W,101.5-103.5,629.015,59.0747,3.44E+06,4.66E+05,3.24E+05,1.00E+05,4.31E+06,1.94E+05,7.60E+04,1.05E+05,5.00E+02,1.00E+03,0.00E+00,4.21E+04,3.82E+04,1.33E+04,2.96E+04,1.50E+03,1.50E+03,3.07E+03,6.07E+03,2.10E+03,8.04E+03,1.74E+05,1.89E+04,2.81E+03,9.52E+04,7.51E+04,4.65E+03,1.75E+05,1.04E+04,1.81E+05,8.03E+04,4.29E+04,1.01E+04,,,
1172D,17R-4W,5-7 cm,629.55,59.0900,1.20E+06,1.73E+05,1.09E+05,3.62E+04,1.41E+06,5.11E+04,1.91E+04,3.27E+04,0.00E+00,0.00E+00,0.00E+00,1.32E+04,1.29E+04,6.07E+03,1.10E+04,0.00E+00,0.00E+00,1.00E+03,3.56E+03,9.89E+02,4.35E+03,5.29E+04,6.92E+03,1.70E+03,3.71E+04,3.61E+04,3.13E+03,7.63E+04,4.24E+03,5.18E+04,2.61E+04,1.71E+04,5.34E+03,,,
1172D,17R-4W,10-12 cm,629.6,59.0914,3.38E+06,4.71E+05,3.24E+05,9.86E+04,4.06E+06,1.97E+05,5.34E+04,8.53E+04,0.00E+00,0.00E+00,0.00E+00,3.65E+04,3.66E+04,1.87E+04,3.00E+04,1.00E+03,3.31E+03,2.93E+03,7.24E+03,2.32E+03,9.71E+03,1.52E+05,2.10E+04,5.84E+03,1.15E+05,1.22E+05,8.93E+03,2.46E+05,1.24E+04,1.39E+05,7.32E+04,4.88E+04,1.20E+04,,,
,17R-4W,98-100 cm,630.48,59.1166,6.35E+06,8.45E+05,5.54E+05,1.74E+05,7.90E+06,3.47E+05,1.21E+05,1.90E+05,0.00E+00,0.00E+00,0.00E+00,6.04E+04,6.48E+04,2.45E+04,5.03E+04,2.32E+03,3.11E+03,4.40E+03,9.83E+03,3.05E+03,1.21E+04,2.18E+05,2.74E+04,5.99E+03,1.44E+05,1.22E+05,7.37E+03,2.73E+05,1.44E+04,3.11E+05,1.25E+05,7.48E+04,1.52E+04,,,
1172D,17R-5W,5-7 cm,631.05,59.1329,5.52E+06,8.43E+05,5.79E+05,1.80E+05,7.16E+06,3.59E+05,8.52E+04,1.30E+05,1.50E+03,3.16E+03,3.46E+03,5.32E+04,5.90E+04,2.89E+04,4.67E+04,2.04E+03,2.96E+03,2.52E+03,7.52E+03,3.13E+03,1.12E+04,1.74E+05,2.71E+04,3.73E+03,9.96E+04,9.55E+04,8.54E+03,2.04E+05,1.60E+04,2.15E+05,1.12E+05,7.56E+04,1.44E+04,,,
1172D,17R-5W,55-57 cm,631.55,59.1471,1.48E+06,2.02E+05,1.30E+05,4.10E+04,1.66E+06,7.80E+04,2.21E+04,3.57E+04,0.00E+00,0.00E+00,0.00E+00,1.47E+04,1.45E+04,6.79E+03,1.29E+04,1.00E+03,1.00E+03,1.00E+03,3.80E+03,9.23E+02,3.76E+03,5.89E+04,8.24E+03,1.38E+03,3.92E+04,3.52E+04,1.39E+03,7.58E+04,4.61E+03,5.79E+04,2.92E+04,1.97E+04,4.69E+03,,,
1172D,17R-5W,105-107 cm,632.05,59.1614,3.22E+06,4.49E+05,2.95E+05,1.01E+05,3.99E+06,1.65E+05,4.31E+04,6.93E+04,0.00E+00,0.00E+00,0.00E+00,3.39E+04,3.09E+04,1.51E+04,2.55E+04,1.00E+03,1.00E+03,2.62E+03,4.62E+03,2.35E+03,7.36E+03,1.17E+05,1.85E+04,2.09E+03,7.78E+04,7.55E+04,2.27E+03,1.56E+05,1.05E+04,1.12E+05,6.48E+04,4.06E+04,9.71E+03,,,
,17R-6W,10-12 cm,632.6,59.1771,8.24E+05,1.10E+05,6.25E+04,2.22E+04,9.95E+05,3.59E+04,1.08E+04,1.71E+04,0.00E+00,0.00E+00,0.00E+00,8.68E+03,7.47E+03,2.18E+03,7.40E+03,0.00E+00,1.00E+03,1.50E+03,2.50E+03,5.73E+02,2.09E+03,3.48E+04,5.00E+03,9.12E+02,3.18E+04,2.60E+04,1.16E+03,5.89E+04,2.79E+03,2.79E+04,1.61E+04,9.58E+03,2.66E+03,,,
1172D,17R-6W,55-57 cm,633.05,59.1900,2.80E+06,3.36E+05,1.87E+05,6.97E+04,3.21E+06,1.04E+05,3.23E+04,4.93E+04,0.00E+00,0.00E+00,0.00E+00,2.28E+04,2.20E+04,9.97E+03,1.95E+04,1.00E+03,1.00E+03,2.87E+03,4.87E+03,1.69E+03,6.00E+03,8.46E+04,1.34E+04,2.12E+03,6.48E+04,7.02E+04,3.29E+03,1.38E+05,7.13E+03,8.16E+04,4.48E+04,2.94E+04,7.69E+03,,,
,17R-6W,100-102 cm,633.5,59.2029,4.02E+06,5.06E+05,3.13E+05,1.07E+05,4.88E+06,2.06E+05,6.42E+04,9.58E+04,0.00E+00,0.00E+00,0.00E+00,4.24E+04,3.34E+04,1.64E+04,2.71E+04,1.00E+03,2.53E+03,2.76E+03,6.29E+03,2.59E+03,8.44E+03,1.36E+05,1.97E+04,3.46E+03,9.53E+04,7.50E+04,4.38E+03,1.75E+05,1.06E+04,1.60E+05,7.58E+04,4.35E+04,1.10E+04,,,
1172D,17R-7W,10-12 cm,634.07,59.2191,1.98E+06,2.39E+05,1.31E+05,4.81E+04,2.23E+06,7.50E+04,3.14E+04,4.31E+04,0.00E+00,0.00E+00,0.00E+00,1.66E+04,1.77E+04,5.77E+03,1.05E+04,1.00E+03,1.00E+03,1.00E+03,2.84E+03,8.54E+02,3.22E+03,5.32E+04,6.80E+03,1.10E+03,2.90E+04,2.90E+04,1.12E+03,5.91E+04,3.66E+03,7.45E+04,3.43E+04,1.63E+04,4.08E+03,,,
1172D,18R-1W,10-12 cm,634.66,59.2360,3.48E+06,3.95E+05,2.12E+05,7.17E+04,2.83E+06,1.26E+05,5.87E+04,8.78E+04,0.00E+00,1.00E+03,3.24E+03,3.98E+04,3.24E+04,1.22E+04,2.76E+04,4.56E+03,0.00E+00,3.65E+03,8.22E+03,1.80E+03,7.38E+03,1.06E+05,1.56E+04,2.56E+03,8.76E+04,8.12E+04,3.13E+03,1.72E+05,8.43E+03,1.47E+05,7.22E+04,3.98E+04,9.17E+03,,,
1172D,18R-1W,62-64 cm,635.18,59.2605,6.26E+06,6.96E+05,3.63E+05,1.38E+05,6.67E+06,2.03E+05,7.38E+04,1.20E+05,0.00E+00,0.00E+00,0.00E+00,4.30E+04,4.48E+04,1.35E+04,4.11E+04,2.06E+03,3.00E+03,1.00E+03,6.06E+03,1.86E+03,9.88E+03,1.36E+05,2.13E+04,3.60E+03,1.00E+05,9.21E+04,4.07E+03,1.96E+05,1.23E+04,1.94E+05,8.78E+04,5.46E+04,1.17E+04,,,
1172D,18R-2W,10-12 cm,636.16,59.3134,3.88E+06,4.10E+05,2.21E+05,8.99E+04,4.17E+06,1.25E+05,4.98E+04,6.81E+04,0.00E+00,0.00E+00,0.00E+00,2.43E+04,2.50E+04,7.35E+03,2.11E+04,1.00E+03,1.00E+03,2.32E+03,4.32E+03,1.46E+03,5.71E+03,9.35E+04,1.30E+04,1.48E+03,5.90E+04,5.95E+04,2.28E+03,1.21E+05,7.34E+03,1.18E+05,4.93E+04,2.84E+04,7.17E+03,,,
1172D,18R-2W,106-108 cm,637.12,59.3652,5.62E+06,6.78E+05,4.38E+05,1.48E+05,6.38E+06,2.14E+05,6.07E+04,9.31E+04,0.00E+00,0.00E+00,0.00E+00,4.65E+04,3.93E+04,1.39E+04,3.77E+04,1.00E+03,2.99E+03,3.38E+03,7.37E+03,2.42E+03,1.04E+04,1.73E+05,2.55E+04,2.43E+03,9.93E+04,1.02E+05,5.86E+03,2.07E+05,1.40E+04,1.54E+05,8.58E+04,5.17E+04,1.28E+04,,,
1172D,18R-3W,55-57 cm,638.11,59.4187,1.31E+06,1.91E+05,1.34E+05,4.37E+04,1.59E+06,7.90E+04,1.49E+04,1.98E+04,0.00E+00,0.00E+00,0.00E+00,1.78E+04,1.23E+04,6.87E+03,9.67E+03,1.00E+03,1.00E+03,2.00E+03,4.00E+03,1.62E+03,2.98E+03,7.94E+04,9.88E+03,1.68E+03,3.89E+04,4.17E+04,2.89E+03,8.35E+04,5.02E+03,3.47E+04,3.02E+04,1.65E+04,4.60E+03,,,
1172D,18R-4W,10-12 cm,639.16,59.4753,5.29E+05,7.92E+04,5.76E+04,1.78E+04,7.17E+05,3.84E+04,5.77E+03,7.68E+03,0.00E+00,0.00E+00,0.00E+00,8.21E+03,5.40E+03,2.52E+03,4.34E+03,0.00E+00,1.00E+03,1.00E+03,2.61E+03,6.47E+02,1.61E+03,3.93E+04,4.08E+03,7.32E+02,2.69E+04,2.60E+04,2.22E+03,5.51E+04,2.34E+03,1.34E+04,1.36E+04,6.86E+03,2.26E+03,,,
1172D,18R-5W,7-9 cm,640.63,59.5547,4.48E+05,8.23E+04,8.51E+04,1.99E+04,6.88E+05,3.91E+04,4.42E+03,4.74E+03,0.00E+00,0.00E+00,0.00E+00,9.96E+03,3.69E+03,1.63E+03,2.24E+03,0.00E+00,0.00E+00,0.00E+00,2.00E+03,5.13E+02,6.28E+02,4.18E+04,3.52E+03,7.11E+02,2.13E+04,2.05E+04,1.93E+03,4.37E+04,5.00E+02,9.16E+03,1.37E+04,3.87E+03,1.14E+03,,,
1172D,18R-6W,7-9 cm,641.63,59.6087,2.04E+06,3.86E+05,3.17E+05,9.12E+04,3.40E+06,2.01E+05,1.80E+04,1.98E+04,0.00E+00,0.00E+00,0.00E+00,3.39E+04,1.33E+04,7.21E+03,8.81E+03,0.00E+00,2.14E+03,2.25E+03,4.39E+03,1.81E+03,2.60E+03,1.29E+05,1.27E+04,4.57E+03,8.87E+04,6.80E+04,6.12E+03,1.63E+05,6.10E+03,3.78E+04,4.72E+04,1.60E+04,4.41E+03,,,
1172D,19R-1W,10-12 cm,644.28,59.7517,1.74E+06,2.94E+05,2.10E+05,6.74E+04,2.65E+06,1.33E+05,1.47E+04,1.69E+04,0.00E+00,0.00E+00,0.00E+00,2.85E+04,9.65E+03,5.11E+03,6.35E+03,1.50E+03,1.50E+03,2.03E+03,5.03E+03,1.79E+03,2.36E+03,1.13E+05,1.05E+04,2.86E+03,7.79E+04,6.39E+04,6.46E+03,1.48E+05,4.79E+03,3.16E+04,3.82E+04,1.15E+04,4.14E+03,,,
,19R-2W,20-22 cm,645.88,59.8381,3.33E+06,6.67E+05,5.63E+05,1.71E+05,6.31E+06,3.57E+05,3.85E+04,4.21E+04,0.00E+00,0.00E+00,0.00E+00,7.68E+04,3.03E+04,1.37E+04,1.69E+04,4.19E+03,4.91E+03,4.79E+03,1.39E+04,3.26E+03,4.97E+03,3.20E+05,2.93E+04,6.99E+03,1.71E+05,1.47E+05,1.73E+04,3.35E+05,1.33E+04,8.06E+04,1.07E+05,3.06E+04,8.23E+03,,,
,19R-3W,20-22 cm,647.38,59.9190,3.54E+06,6.44E+05,5.29E+05,1.55E+05,6.12E+06,3.09E+05,4.25E+04,4.90E+04,0.00E+00,0.00E+00,0.00E+00,7.32E+04,3.08E+04,1.34E+04,2.18E+04,3.78E+03,3.76E+03,4.40E+03,1.19E+04,2.98E+03,5.37E+03,2.97E+05,2.69E+04,5.63E+03,1.57E+05,1.39E+05,1.30E+04,3.09E+05,1.25E+04,9.15E+04,1.04E+05,3.51E+04,8.35E+03,,,
1172D,20R-1W,10-12 cm,653.88,60.2699,5.36E+05,9.71E+04,8.46E+04,2.48E+04,8.41E+05,4.73E+04,6.79E+03,6.95E+03,0.00E+00,0.00E+00,0.00E+00,1.11E+04,5.70E+03,2.24E+03,2.41E+03,1.00E+03,1.00E+03,1.00E+03,2.00E+03,5.42E+02,7.69E+02,5.34E+04,4.31E+03,7.29E+02,1.97E+04,2.04E+04,2.19E+03,4.22E+04,2.00E+03,1.37E+04,1.68E+04,4.64E+03,1.31E+03,,,
1172D,20R-2W,10-12 cm,655.38,60.3508,3.25E+05,5.81E+04,4.34E+04,1.37E+04,5.56E+05,2.89E+04,3.29E+03,4.16E+03,0.00E+00,0.00E+00,0.00E+00,7.47E+03,3.43E+03,1.35E+03,2.22E+03,1.00E+03,1.00E+03,1.00E+03,2.81E+03,6.42E+02,5.98E+02,3.90E+04,3.20E+03,1.21E+03,3.63E+04,3.42E+04,2.81E+03,7.33E+04,5.00E+02,7.45E+03,1.09E+04,3.58E+03,1.24E+03,,,
1172D,20R-3W,10-12 cm,656.88,60.4318,3.19E+05,5.78E+04,4.39E+04,1.39E+04,5.48E+05,3.22E+04,3.15E+03,3.66E+03,0.00E+00,0.00E+00,0.00E+00,7.22E+03,2.61E+03,1.22E+03,1.54E+03,0.00E+00,1.00E+03,1.00E+03,3.35E+03,5.00E+02,5.00E+02,3.66E+04,3.09E+03,1.19E+03,3.91E+04,3.14E+04,2.13E+03,7.26E+04,5.00E+02,6.80E+03,9.83E+03,2.76E+03,1.00E+03,,,
1172D,20R-4W,10-12 cm,658.38,60.5127,1.27E+06,2.30E+05,1.85E+05,5.53E+04,2.20E+06,1.30E+05,1.26E+04,1.39E+04,0.00E+00,0.00E+00,0.00E+00,2.93E+04,1.08E+04,4.78E+03,6.38E+03,1.00E+03,4.60E+03,5.15E+03,1.08E+04,1.36E+03,1.74E+03,1.51E+05,1.20E+04,8.90E+03,1.83E+05,1.23E+05,1.15E+04,3.18E+05,5.62E+03,2.65E+04,4.01E+04,1.12E+04,3.10E+03,,,
1172D,20R-5W,10-12 cm,659.88,60.5937,2.14E+05,3.94E+04,3.21E+04,1.00E+04,3.81E+05,2.28E+04,2.98E+03,3.09E+03,0.00E+00,0.00E+00,0.00E+00,7.03E+03,2.31E+03,1.17E+03,1.44E+03,0.00E+00,1.00E+02,1.00E+02,2.74E+03,3.20E+02,3.15E+02,3.59E+04,2.55E+03,9.55E+02,3.91E+04,2.60E+04,2.19E+03,6.73E+04,5.00E+02,6.06E+03,9.34E+03,2.61E+03,6.35E+02,,,
1172D,20R-6W,10-12 cm,661.18,60.6639,5.76E+05,1.06E+05,8.65E+04,2.64E+04,9.87E+05,5.31E+04,5.99E+03,6.67E+03,0.00E+00,0.00E+00,0.00E+00,1.28E+04,6.75E+03,2.48E+03,3.43E+03,0.00E+00,1.00E+03,1.00E+03,3.01E+03,4.79E+02,7.03E+02,6.24E+04,5.67E+03,9.51E+02,3.19E+04,3.07E+04,4.22E+03,6.69E+04,2.54E+03,1.27E+04,1.96E+04,5.91E+03,1.18E+03,,,
1172D,20R-7W,10-12 cm,662.68,60.7448,4.10E+05,7.26E+04,5.39E+04,1.82E+04,6.63E+05,3.51E+04,4.64E+03,5.64E+03,0.00E+00,0.00E+00,0.00E+00,8.26E+03,4.13E+03,1.78E+03,2.34E+03,0.00E+00,0.00E+00,1.00E+03,2.38E+03,4.60E+02,5.54E+02,4.10E+04,3.50E+03,1.15E+03,3.39E+04,2.83E+04,2.97E+03,6.52E+04,1.00E+03,1.03E+04,1.24E+04,4.11E+03,1.01E+03,,,
1172D,21R-1W,10-12 cm,663.46,60.7869,3.20E+04,5.91E+03,4.72E+03,1.49E+03,5.63E+04,3.22E+03,0.00E+00,0.00E+00,0.00E+00,0.00E+00,0.00E+00,0.00E+00,0.00E+00,0.00E+00,0.00E+00,0.00E+00,0.00E+00,0.00E+00,0.00E+00,0.00E+00,0.00E+00,0.00E+00,0.00E+00,0.00E+00,0.00E+00,0.00E+00,0.00E+00,0.00E+00,1.00E+00,0.00E+00,0.00E+00,0.00E+00,0.00E+00,,,
1172D,21R-2W,10-12 cm,664.96,60.8679,4.71E+05,7.22E+04,4.78E+04,1.84E+04,6.84E+05,2.81E+04,4.74E+03,6.37E+03,0.00E+00,0.00E+00,0.00E+00,7.55E+03,4.80E+03,2.44E+03,3.48E+03,0.00E+00,0.00E+00,0.00E+00,2.00E+03,4.79E+02,9.49E+02,3.70E+04,4.17E+03,4.12E+02,2.38E+04,2.58E+04,1.78E+03,5.14E+04,2.09E+03,1.11E+04,1.24E+04,5.92E+03,1.43E+03,,,
1172D,21R-3W,10-12 cm,666.46,60.9489,2.81E+05,5.39E+04,4.16E+04,1.53E+04,4.97E+05,2.68E+04,3.09E+03,3.89E+03,0.00E+00,0.00E+00,0.00E+00,7.69E+03,3.58E+03,1.52E+03,2.05E+03,0.00E+00,0.00E+00,1.00E+03,2.25E+03,5.62E+02,5.17E+02,3.69E+04,3.21E+03,1.36E+03,2.61E+04,2.31E+04,2.87E+03,5.21E+04,1.00E+03,6.98E+03,1.13E+04,3.57E+03,1.08E+03,,,
1172D,21R-4W,10-12 cm,667.975,61.0306,2.90E+06,5.29E+05,4.07E+05,1.38E+05,4.84E+06,2.45E+05,2.16E+04,2.41E+04,2.00E+03,0.00E+00,0.00E+00,5.24E+04,2.71E+04,1.02E+04,1.28E+04,3.20E+03,3.32E+03,2.86E+03,9.38E+03,2.82E+03,3.21E+03,2.49E+05,2.13E+04,3.99E+03,1.43E+05,1.20E+05,1.30E+04,2.76E+05,9.50E+03,4.57E+04,7.95E+04,2.29E+04,6.03E+03,,,
1172D,21R-5W,10-12 cm,669.475,61.1116,1.19E+06,2.07E+05,1.44E+05,5.72E+04,2.05E+06,8.97E+04,1.30E+04,1.63E+04,0.00E+00,0.00E+00,0.00E+00,2.39E+04,9.93E+03,5.76E+03,7.20E+03,1.00E+03,2.56E+03,2.41E+03,5.97E+03,1.76E+03,1.76E+03,1.02E+05,9.75E+03,4.85E+03,1.07E+05,7.64E+04,6.20E+03,1.90E+05,4.21E+03,2.93E+04,3.38E+04,1.30E+04,3.52E+03,,,
1172D,22R-1W,10-12 cm,673.08,61.3062,7.40E+05,1.26E+05,9.00E+04,3.54E+04,1.26E+06,5.65E+04,6.96E+03,8.78E+03,0.00E+00,0.00E+00,0.00E+00,1.19E+04,7.52E+03,3.97E+03,5.69E+03,0.00E+00,1.00E+03,1.80E+03,2.80E+03,9.40E+02,1.61E+03,5.67E+04,6.44E+03,1.43E+03,6.10E+04,5.03E+04,4.36E+03,1.16E+05,3.25E+03,1.57E+04,1.94E+04,9.65E+03,2.55E+03,,,
1172D,22R-2W,9-11 cm,674.57,61.3866,2.28E+05,4.83E+04,4.04E+04,1.36E+04,4.81E+05,2.91E+04,2.68E+03,3.35E+03,0.00E+00,0.00E+00,0.00E+00,6.21E+03,2.77E+03,1.79E+03,2.00E+03,0.00E+00,0.00E+00,0.00E+00,2.00E+03,6.36E+02,6.91E+02,2.91E+04,3.16E+03,9.05E+02,2.30E+04,1.92E+04,2.05E+03,4.42E+04,1.00E+03,6.03E+03,8.97E+03,3.79E+03,1.33E+03,,,
1172D,22R-CCW,4-6 cm,675.56,61.4401,1.95E+05,3.51E+04,2.96E+04,9.36E+03,3.44E+05,2.02E+04,2.17E+03,2.79E+03,0.00E+00,0.00E+00,0.00E+00,4.42E+03,2.74E+03,1.31E+03,1.86E+03,0.00E+00,0.00E+00,0.00E+00,1.83E+03,3.05E+02,5.04E+02,2.37E+04,2.26E+03,7.54E+02,1.77E+04,1.65E+04,1.37E+03,3.55E+04,1.00E+03,4.96E+03,7.16E+03,3.17E+03,8.09E+02,,,
1172D,23R-1W,10-12 cm,682.78,61.8298,1.12E+06,2.09E+05,1.86E+05,5.52E+04,2.19E+06,1.29E+05,9.29E+03,1.24E+04,0.00E+00,0.00E+00,0.00E+00,1.92E+04,9.16E+03,4.54E+03,6.32E+03,0.00E+00,1.00E+03,1.90E+03,2.90E+03,1.54E+03,1.79E+03,9.33E+04,9.01E+03,2.59E+03,6.25E+04,5.54E+04,5.09E+03,1.23E+05,4.69E+03,2.17E+04,2.83E+04,1.09E+04,3.33E+03,,,
1172D,23R-2W,8-10 cm,684.28,61.9107,5.19E+05,1.15E+05,1.06E+05,3.55E+04,1.17E+06,6.91E+04,5.25E+03,6.06E+03,0.00E+00,0.00E+00,0.00E+00,1.16E+04,4.30E+03,2.73E+03,2.60E+03,0.00E+00,0.00E+00,0.00E+00,3.37E+03,7.55E+02,1.11E+03,5.55E+04,4.93E+03,2.87E+03,5.73E+04,4.25E+04,4.36E+03,1.04E+05,2.50E+03,1.13E+04,1.59E+04,5.32E+03,1.87E+03,,,
1172D,23R-CCW,10-12 cm,684.45,61.9199,1.81E+06,3.75E+05,3.53E+05,1.14E+05,3.70E+06,2.31E+05,1.54E+04,1.64E+04,0.00E+00,0.00E+00,0.00E+00,3.51E+04,1.39E+04,5.96E+03,6.03E+03,2.27E+03,2.50E+03,2.20E+03,6.96E+03,1.63E+03,1.24E+03,1.64E+05,1.36E+04,5.38E+03,1.08E+05,8.40E+04,1.23E+03,1.93E+05,6.12E+03,3.18E+04,4.90E+04,1.20E+04,2.87E+03,,,
1172D,24R-1W,41-43 cm,692.78,64.5733,2.95E+05,5.68E+04,5.32E+04,2.44E+04,5.68E+05,3.68E+04,3.44E+03,2.81E+03,0.00E+00,0.00E+00,0.00E+00,9.70E+03,3.37E+03,1.12E+03,1.26E+03,0.00E+00,0.00E+00,0.00E+00,1.50E+03,4.12E+02,3.06E+02,6.37E+04,3.80E+03,7.62E+02,1.38E+04,1.36E+04,6.16E+03,3.36E+04,2.07E+03,6.25E+03,1.31E+04,2.39E+03,7.18E+02,,,
1172D,24R-2W,120-122 cm,695.07,64.8571,4.03E+05,9.06E+04,8.88E+04,4.36E+04,8.90E+05,6.50E+04,5.45E+03,4.87E+03,0.00E+00,0.00E+00,0.00E+00,1.60E+04,7.29E+03,1.55E+03,1.84E+03,1.00E+03,0.00E+00,0.00E+00,2.59E+03,1.00E+00,1.00E+00,1.29E+05,7.48E+03,2.16E+02,1.90E+04,1.96E+04,1.11E+04,4.97E+04,4.32E+03,1.03E+04,2.33E+04,3.39E+03,0.00E+00,,,
1172D,24R-3W,40-42 cm,695.77,64.9166,2.92E+05,6.51E+04,6.16E+04,2.91E+04,6.48E+05,4.08E+04,4.15E+03,3.55E+03,0.00E+00,0.00E+00,0.00E+00,1.14E+04,5.31E+03,1.24E+03,1.60E+03,1.00E+03,0.00E+00,0.00E+00,2.03E+03,1.00E+00,1.00E+00,9.19E+04,5.66E+03,9.13E+02,2.00E+04,2.04E+04,7.34E+03,4.78E+04,3.00E+03,7.70E+03,1.67E+04,2.84E+03,0.00E+00,,,
1172D,24R-4W,40-42 cm,697.27,65.2502,3.94E+05,8.87E+04,8.73E+04,4.03E+04,8.45E+05,6.33E+04,6.11E+03,5.13E+03,0.00E+00,0.00E+00,2.67E+03,1.55E+04,6.18E+03,2.15E+03,1.64E+03,0.00E+00,1.00E+03,1.00E+03,5.21E+03,5.66E+02,4.42E+02,1.05E+05,6.49E+03,1.45E+03,2.82E+04,2.16E+04,1.14E+04,6.12E+04,2.93E+03,1.12E+04,2.17E+04,3.78E+03,1.01E+03,,,
1172D,24R-5W,35-37 cm,698.72,65.6753,8.92E+05,1.99E+05,1.88E+05,7.72E+04,1.79E+06,1.27E+05,1.15E+04,1.04E+04,0.00E+00,0.00E+00,0.00E+00,3.95E+04,1.37E+04,4.87E+03,4.22E+03,2.79E+03,1.00E+03,1.00E+03,4.79E+03,1.26E+03,1.06E+03,2.67E+05,1.83E+04,2.12E+03,5.59E+04,5.05E+04,2.21E+04,1.29E+05,8.66E+03,2.19E+04,5.32E+04,9.10E+03,2.32E+03,,,
1172D,24R-6W,40-42 cm,700.27,66.6957,3.79E+05,5.17E+04,3.61E+04,1.22E+04,4.87E+05,2.23E+04,4.28E+03,4.42E+03,0.00E+00,0.00E+00,0.00E+00,9.65E+03,5.51E+03,1.22E+03,2.50E+03,0.00E+00,0.00E+00,0.00E+00,2.91E+03,1.00E+00,1.00E+00,4.28E+04,3.82E+03,1.07E+03,3.75E+04,3.60E+04,3.17E+03,7.66E+04,1.00E+03,8.70E+03,1.52E+04,3.72E+03,0.00E+00,,,
1172D,24R-7W,17-19 cm,701.54,66.9221,3.49E+05,4.79E+04,3.44E+04,1.24E+04,5.38E+05,2.54E+04,3.16E+03,2.59E+03,0.00E+00,0.00E+00,0.00E+00,6.99E+03,2.94E+03,9.23E+02,1.17E+03,0.00E+00,0.00E+00,0.00E+00,2.39E+03,1.00E+00,1.00E+00,2.79E+04,9.86E+03,1.40E+03,3.55E+04,2.37E+04,2.81E+03,6.21E+04,1.00E+03,5.75E+03,9.93E+03,2.09E+03,0.00E+00,,,
1172D,25R-1W,120-122 cm,703.18,67.2145,2.32E+06,3.22E+05,2.40E+05,7.25E+04,3.16E+06,1.55E+05,2.29E+04,2.28E+04,0.00E+00,0.00E+00,0.00E+00,5.99E+04,2.36E+04,8.72E+03,1.12E+04,6.04E+03,4.76E+03,5.74E+03,1.65E+04,2.19E+03,2.52E+03,2.56E+05,2.18E+04,1.29E+04,2.63E+05,1.77E+05,2.02E+04,4.60E+05,7.25E+03,4.57E+04,8.35E+04,1.99E+04,4.71E+03,,,
1172D,25R-2W,40-42 cm,703.88,67.3393,2.91E+05,4.67E+04,3.47E+04,1.29E+04,4.73E+05,2.42E+04,2.90E+03,3.07E+03,0.00E+00,0.00E+00,0.00E+00,6.52E+03,3.15E+03,1.03E+03,1.41E+03,0.00E+00,0.00E+00,0.00E+00,2.30E+03,1.00E+00,1.00E+00,2.80E+04,2.37E+03,1.10E+03,2.62E+04,2.42E+04,3.76E+03,5.42E+04,1.00E+03,5.97E+03,9.67E+03,2.44E+03,0.00E+00,,,
1172D,25R-3W,40-42 cm,705.38,67.6067,4.40E+05,6.39E+04,4.65E+04,1.69E+04,7.08E+05,3.31E+04,4.36E+03,3.21E+03,0.00E+00,0.00E+00,0.00E+00,1.00E+04,4.15E+03,1.56E+03,1.74E+03,1.00E+03,0.00E+00,0.00E+00,3.07E+03,1.00E+00,1.00E+00,3.35E+04,2.86E+03,1.00E+02,1.23E+04,3.58E+04,6.69E+03,5.48E+04,1.00E+03,7.57E+03,1.42E+04,3.30E+03,0.00E+00,,,
1172D,25R-4W,40-42 cm,706.88,67.8742,4.83E+05,7.00E+04,4.88E+04,1.54E+04,6.51E+05,3.15E+04,3.55E+03,3.55E+03,0.00E+00,0.00E+00,0.00E+00,9.38E+03,4.52E+03,1.31E+03,1.99E+03,0.00E+00,0.00E+00,0.00E+00,3.13E+03,1.00E+00,1.00E+00,3.30E+04,3.35E+03,1.76E+03,3.53E+04,3.32E+04,2.37E+03,7.09E+04,1.00E+03,7.10E+03,1.39E+04,3.30E+03,0.00E+00,,,
1172D,25R-5W,40-42 cm,708.38,68.1416,3.66E+05,5.51E+04,4.06E+04,1.34E+04,6.16E+05,3.36E+04,3.08E+03,2.86E+03,0.00E+00,0.00E+00,0.00E+00,7.86E+03,3.70E+03,1.27E+03,2.12E+03,0.00E+00,0.00E+00,1.00E+03,3.30E+03,1.00E+00,1.00E+00,3.34E+04,2.96E+03,9.54E+02,3.87E+04,3.35E+04,2.72E+03,7.49E+04,1.00E+03,5.94E+03,1.16E+04,3.38E+03,0.00E+00,,,
1172D,25R-6W,40-42 cm,709.88,68.2904,5.66E+05,7.81E+04,5.08E+04,1.94E+04,9.53E+05,4.48E+04,5.09E+03,4.39E+03,0.00E+00,0.00E+00,0.00E+00,9.20E+03,4.16E+03,1.51E+03,2.19E+03,0.00E+00,0.00E+00,1.00E+03,3.99E+03,1.00E+00,1.00E+00,3.39E+04,3.78E+03,1.43E+03,5.71E+04,4.62E+04,3.36E+03,1.07E+05,1.00E+03,9.48E+03,1.34E+04,3.69E+03,0.00E+00,,,
1172D,26R-1W,10-12 cm,711.66,68.3370,1.63E+06,2.40E+05,1.83E+05,6.01E+04,2.71E+06,1.35E+05,1.62E+04,1.80E+04,0.00E+00,0.00E+00,0.00E+00,3.20E+04,1.55E+04,5.63E+03,6.67E+03,2.21E+03,3.32E+03,2.41E+03,7.93E+03,1.27E+03,1.92E+03,1.18E+05,1.13E+04,9.77E+03,2.08E+05,1.28E+05,1.03E+04,3.46E+05,4.27E+03,3.42E+04,4.75E+04,1.23E+04,3.19E+03,,,
1172D,26R-2W,10-12 cm,713.14,68.3758,2.44E+06,3.33E+05,2.23E+05,7.91E+04,3.80E+06,2.00E+05,1.46E+04,1.63E+04,0.00E+00,0.00E+00,0.00E+00,3.14E+04,1.37E+04,5.21E+03,6.39E+03,1.50E+03,1.50E+03,3.24E+03,6.24E+03,8.74E+02,1.51E+03,1.14E+05,1.17E+04,8.95E+03,1.80E+05,1.14E+05,8.05E+03,3.02E+05,4.50E+03,3.09E+04,4.51E+04,1.16E+04,2.38E+03,,,
1172D,26R-4W,10-12 cm,716.14,68.4921,1.34E+06,1.87E+05,1.29E+05,4.39E+04,2.03E+06,9.38E+04,1.13E+04,1.27E+04,0.00E+00,0.00E+00,0.00E+00,2.32E+04,1.08E+04,4.33E+03,6.68E+03,1.00E+03,2.15E+03,2.48E+03,5.63E+03,9.51E+02,1.70E+03,8.78E+04,9.28E+03,4.11E+03,1.09E+05,7.46E+04,5.96E+03,1.89E+05,3.78E+03,2.40E+04,3.40E+04,1.10E+04,2.65E+03,,,
1172D,26R-5W,40-42 cm,717.69,68.5533,6.95E+05,9.47E+04,6.62E+04,2.13E+04,9.90E+05,5.04E+04,4.02E+03,3.20E+03,0.00E+00,0.00E+00,0.00E+00,1.05E+04,3.73E+03,1.84E+03,1.71E+03,0.00E+00,0.00E+00,1.00E+03,5.50E+03,1.00E+00,1.00E+00,4.06E+04,3.30E+03,1.34E+03,1.30E+04,5.65E+04,2.34E+03,7.19E+04,1.01E+03,7.22E+03,1.43E+04,3.55E+03,0.00E+00,,,
1172D,26R-6W,10-12 cm,718.89,68.6007,8.62E+05,1.13E+05,7.17E+04,2.63E+04,1.26E+06,5.62E+04,5.23E+03,5.38E+03,0.00E+00,0.00E+00,0.00E+00,1.16E+04,4.67E+03,1.76E+03,2.48E+03,0.00E+00,1.50E+03,1.00E+03,2.50E+03,4.32E+02,5.15E+02,4.63E+04,4.21E+03,2.67E+03,7.80E+04,5.55E+04,2.74E+03,1.36E+05,1.00E+00,1.06E+04,1.63E+04,4.23E+03,9.47E+02,,,
1172D,27R-1W,10-12 cm,721.02,68.6848,3.82E+05,4.91E+04,3.14E+04,1.07E+04,5.34E+05,2.24E+04,2.12E+03,2.11E+03,0.00E+00,0.00E+00,0.00E+00,4.33E+03,1.70E+03,7.50E+02,1.11E+03,0.00E+00,1.00E+03,1.00E+03,2.53E+03,1.00E+00,1.00E+00,1.63E+04,2.00E+03,1.06E+03,2.83E+04,1.95E+04,1.34E+03,4.92E+04,1.00E+00,4.23E+03,6.03E+03,1.86E+03,0.00E+00,,,
1172D,27R-3W,40-42 cm,724.08,68.8056,4.18E+05,6.76E+04,5.28E+04,1.89E+04,8.33E+05,4.72E+04,2.61E+03,2.70E+03,0.00E+00,0.00E+00,0.00E+00,7.08E+03,2.13E+03,1.00E+00,1.00E+00,0.00E+00,0.00E+00,0.00E+00,6.89E+03,1.00E+00,1.00E+00,3.73E+04,3.13E+03,5.16E+03,1.27E+05,7.15E+04,2.66E+03,2.01E+05,1.00E+00,5.32E+03,9.20E+03,0.00E+00,0.00E+00,,,
1172D,27R-4W,10-12 cm,725.18,68.8491,4.20E+05,6.57E+04,4.73E+04,1.59E+04,6.73E+05,3.69E+04,3.66E+03,4.21E+03,0.00E+00,0.00E+00,0.00E+00,6.96E+03,3.04E+03,1.38E+03,1.73E+03,0.00E+00,2.00E+03,1.00E+03,4.33E+03,3.60E+02,3.89E+02,2.82E+04,2.58E+03,2.99E+03,7.72E+04,5.59E+04,2.29E+03,1.35E+05,1.00E+03,7.87E+03,1.00E+04,3.11E+03,7.49E+02,,,
1172D,27R-5W,40-42 cm,726.98,68.9202,7.85E+05,1.17E+05,8.17E+04,2.92E+04,1.39E+06,8.24E+04,6.00E+03,6.94E+03,0.00E+00,0.00E+00,0.00E+00,1.25E+04,6.66E+03,2.75E+03,3.96E+03,0.00E+00,5.44E+03,4.83E+03,1.03E+04,5.06E+02,1.02E+03,5.53E+04,5.62E+03,1.09E+04,2.12E+05,1.18E+05,7.61E+03,3.38E+05,2.34E+03,1.29E+04,1.92E+04,6.71E+03,1.52E+03,,,
1172D,27R-7W,40-42 cm,729.82,69.0323,8.20E+05,1.23E+05,8.27E+04,2.88E+04,1.46E+06,6.74E+04,5.05E+03,5.84E+03,0.00E+00,0.00E+00,0.00E+00,9.78E+03,4.18E+03,2.09E+03,2.55E+03,0.00E+00,4.10E+03,3.03E+03,7.13E+03,1.00E+00,1.00E+00,4.21E+04,4.21E+03,5.02E+03,1.41E+05,8.15E+04,3.76E+03,2.26E+05,1.00E+03,1.09E+04,1.40E+04,4.64E+03,2.00E+00,,,
1172D,28R-2W,10-12 cm,732.33,69.1314,5.61E+04,7.77E+03,5.61E+03,1.62E+03,8.51E+04,7.05E+03,0.00E+00,0.00E+00,0.00E+00,0.00E+00,0.00E+00,0.00E+00,0.00E+00,0.00E+00,0.00E+00,0.00E+00,0.00E+00,0.00E+00,0.00E+00,0.00E+00,0.00E+00,4.28E+03,0.00E+00,5.60E+02,1.02E+04,8.81E+03,0.00E+00,1.90E+04,0.00E+00,0.00E+00,0.00E+00,0.00E+00,0.00E+00,,,
1172D,28R-3W,40-42 cm,734.13,69.2025,7.07E+05,1.13E+05,8.41E+04,2.85E+04,1.22E+06,7.11E+04,7.06E+03,8.16E+03,0.00E+00,0.00E+00,0.00E+00,1.26E+04,6.11E+03,2.39E+03,2.89E+03,1.00E+03,3.25E+03,4.49E+03,8.73E+03,1.00E+00,1.00E+00,5.43E+04,4.29E+03,9.04E+03,1.86E+05,1.06E+05,4.39E+03,2.96E+05,2.08E+03,1.52E+04,1.87E+04,5.28E+03,0.00E+00,,,
1172D,28R-5W,40-42 cm,736.99,69.3154,4.79E+05,6.91E+04,4.97E+04,1.63E+04,7.75E+05,3.87E+04,4.04E+03,3.47E+03,0.00E+00,0.00E+00,0.00E+00,1.17E+04,2.74E+03,1.78E+03,2.49E+03,0.00E+00,2.79E+03,2.51E+03,5.29E+03,1.00E+00,1.00E+00,3.53E+04,4.67E+03,3.93E+03,1.08E+05,7.36E+04,3.03E+03,1.85E+05,2.00E+03,7.51E+03,1.45E+04,4.27E+03,0.00E+00,,,
1172D,28R-7W,40-42 cm,739.67,69.4212,7.18E+05,1.09E+05,8.50E+04,2.71E+04,1.16E+06,6.60E+04,5.55E+03,5.00E+03,0.00E+00,0.00E+00,0.00E+00,2.00E+04,4.50E+03,2.54E+03,2.49E+03,0.00E+00,2.75E+03,4.63E+03,7.37E+03,1.00E+00,1.00E+00,7.04E+04,6.92E+03,5.68E+03,2.01E+05,1.24E+05,6.39E+03,3.31E+05,2.79E+03,1.06E+04,2.45E+04,5.03E+03,0.00E+00,,,
1172D,29R-1W,10-12 cm,740.46,69.4524,6.71E+05,9.60E+04,6.84E+04,2.04E+04,1.07E+06,5.16E+04,4.00E+03,5.01E+03,0.00E+00,0.00E+00,0.00E+00,7.79E+03,4.05E+03,1.73E+03,3.38E+03,0.00E+00,2.64E+03,2.51E+03,5.15E+03,4.48E+02,7.89E+02,3.37E+04,3.72E+03,5.74E+03,1.20E+05,8.07E+04,4.06E+03,2.05E+05,1.00E+03,9.01E+03,1.18E+04,5.11E+03,1.24E+03,,,
1172D,29R-3W,40-42 cm,743.76,69.5827,6.43E+05,8.93E+04,6.21E+04,2.09E+04,9.69E+05,4.61E+04,4.45E+03,4.35E+03,0.00E+00,0.00E+00,0.00E+00,1.01E+04,4.13E+03,1.78E+03,2.21E+03,0.00E+00,2.65E+03,3.32E+03,5.97E+03,1.00E+00,1.00E+00,4.26E+04,3.87E+03,4.40E+03,1.26E+05,7.79E+04,3.99E+03,2.07E+05,1.00E+03,8.80E+03,1.43E+04,3.99E+03,0.00E+00,,,
1172D,29R-4W,10-12 cm,744.96,69.6301,1.11E+05,1.62E+04,1.16E+04,3.64E+03,1.79E+05,8.34E+03,9.38E+02,8.64E+02,0.00E+00,0.00E+00,0.00E+00,1.28E+03,4.78E+02,1.00E+00,1.00E+00,0.00E+00,0.00E+00,0.00E+00,2.00E+03,1.00E+00,1.00E+00,7.16E+03,1.00E-01,8.15E+02,2.63E+04,1.63E+04,8.59E+02,4.35E+04,1.00E+00,1.80E+03,1.76E+03,0.00E+00,0.00E+00,,,
1172D,29R-5W,40-42 cm,746.76,69.7012,1.14E+06,1.63E+05,1.07E+05,3.60E+04,1.74E+06,8.63E+04,7.92E+03,7.65E+03,0.00E+00,0.00E+00,0.00E+00,1.65E+04,7.19E+03,3.52E+03,4.68E+03,0.00E+00,4.96E+03,4.14E+03,9.10E+03,9.88E+02,1.40E+03,6.67E+04,6.60E+03,7.00E+03,1.88E+05,1.24E+05,3.51E+03,3.15E+05,2.48E+03,1.56E+04,2.37E+04,8.20E+03,2.39E+03,,,
1172D,31R-1W,40-42 cm,760.06,70.2263,9.18E+05,1.29E+05,9.31E+04,3.04E+04,1.34E+06,7.10E+04,6.94E+03,6.39E+03,0.00E+00,0.00E+00,0.00E+00,1.27E+04,6.08E+03,2.60E+03,3.96E+03,0.00E+00,3.59E+03,3.54E+03,7.13E+03,7.24E+02,7.08E+02,6.39E+04,4.73E+03,9.10E+03,1.90E+05,1.26E+05,4.56E+03,3.21E+05,2.14E+03,1.33E+04,1.88E+04,6.56E+03,1.43E+03,,,
1172D,31R-3W,10-12 cm,762.66,70.3290,3.13E+05,4.80E+04,3.64E+04,1.26E+04,6.10E+05,3.54E+04,1.71E+03,1.78E+03,0.00E+00,0.00E+00,0.00E+00,4.43E+03,1.80E+03,0.00E+00,0.00E+00,0.00E+00,0.00E+00,0.00E+00,4.61E+03,1.00E+00,1.00E+00,1.70E+04,2.00E+03,2.92E+03,9.42E+04,5.67E+04,1.00E+00,1.51E+05,1.00E+00,3.49E+03,6.23E+03,0.00E+00,0.00E+00,,,
1172D,31R-5W,10-12 cm,765.66,70.4474,3.85E+05,5.93E+04,4.49E+04,1.53E+04,7.29E+05,4.54E+04,3.51E+03,4.48E+03,0.00E+00,0.00E+00,0.00E+00,6.85E+03,3.44E+03,0.00E+00,0.00E+00,0.00E+00,0.00E+00,0.00E+00,2.00E+03,1.00E+00,1.00E+00,2.12E+04,2.43E+03,3.95E+03,1.12E+05,6.01E+04,1.00E+00,1.72E+05,1.00E+00,7.99E+03,1.03E+04,0.00E+00,0.00E+00,,,
1172D,31R-7W,10-12 cm,768.16,70.5461,2.78E+06,4.16E+05,3.13E+05,1.00E+05,4.50E+06,2.49E+05,1.83E+04,2.04E+04,0.00E+00,0.00E+00,0.00E+00,3.99E+04,1.63E+04,6.50E+03,8.63E+03,0.00E+00,0.00E+00,0.00E+00,2.03E+03,1.53E+03,2.41E+03,1.50E+05,1.42E+04,8.74E+03,2.36E+05,1.49E+05,1.51E+04,4.00E+05,5.75E+03,3.87E+04,5.62E+04,1.51E+04,3.94E+03,,,