Hole,Depth (c. mbsf ,Core (-R),Section (-W),Interval (top),Interval (bottom),Dage,Open,Spinif,Cribro,Cleisto,Proxgap,Aliso,Glaph,Ennead,Wetzel,Palaeop,Spinvozz,Defl,Phthano,Seneg,Gonio,Protop,Thermo,Endemic,Terr,,,,
1172D,356.32,2,3,11,14,29.03,76.7,62.0,0.0,0.0,0.0,9.3,0.0,2.3,0.0,,0.0,0.0,0.0,0.0,10.9,0.8,10.1,0.0,5.8,,,,
1172D,356.82,2,3,60,63,29.29,75.1,56.7,0.0,1.4,2.0,18.1,0.7,0.0,0.0,,0.0,1.4,0.0,0.0,0.7,0.7,0.7,1.4,1.3,,,,
1172A,358.82,39,3,122,124,33.27,2.1,1.0,0.7,0.0,2.4,1.4,0.0,1.0,0.0,,2.7,10.0,3.4,0.0,1.4,75.6,0.0,14.1,2.7,,,,
1172A,359.05,39,3,145,147,33.95,16.4,15.1,3.3,1.3,2.6,2.0,0.7,2.6,0.0,,16.4,9.9,4.6,0.7,1.3,36.8,0.0,28.9,19.6,,,,
1172A,359.15,39,4,5,7,34.11,38.1,27.1,5.9,0.8,24.6,25.8,0.0,2.1,0.0,,3.4,12.7,0.8,0.4,0.8,5.5,0.0,17.8,16.0,,,,
1172A,359.20,39,4,10,12,34.19,36.4,31.1,6.0,7.9,2.6,4.6,0.7,2.6,0.0,,3.3,11.3,6.6,0.7,0.7,13.2,0.0,24.5,18.8,,,,
1172A,359.35,39,4,25,27,34.43,28.2,23.4,4.0,9.7,0.8,0.8,0.0,0.8,0.0,,7.3,12.1,5.6,0.8,0.8,15.3,0.0,34.7,26.6,,,,
1172A,359.50,39,4,40,42,34.67,14.2,6.8,2.1,4.7,3.2,5.8,0.0,1.1,0.0,,17.9,13.2,3.7,1.6,0.5,26.8,0.0,37.9,13.2,,,,
1172A,359.55,39,4,45,47,34.75,16.1,10.9,0.7,4.4,2.2,4.4,0.0,0.7,0.0,,23.4,8.8,4.4,0.7,0.7,25.5,0.0,40.9,20.3,,,,
1172D,359.63,2,5,42,45,34.88,19.2,0.0,0.0,0.0,26.9,34.6,0.0,7.7,0.0,,0.0,0.0,0.0,0.0,0.0,38.5,0.0,0.0,0.0,,,,
1172A,359.75,39,4,65,67,35.07,13.5,9.0,16.8,0.0,2.6,0.6,0.0,1.9,0.0,,16.8,14.2,7.1,4.5,0.6,14.2,0.0,44.5,32.6,,,,
1172D,359.87,2,5,65,68,35.25,1.7,0.6,0.9,0.6,1.6,0.6,0.0,0.6,0.0,,3.1,6.6,1.9,0.0,0.0,82.3,0.0,10.0,1.2,,,,
1172A,359.95,39,4,85,87,35.39,13.4,8.9,1.8,0.0,1.8,1.8,0.0,1.8,0.0,,38.4,17.9,2.7,6.3,0.9,10.7,0.0,58.9,0.0,,,,
1172D,360.15,2,5,93,96,35.71,25.6,19.9,0.0,2.1,9.1,2.0,0.0,4.3,0.0,,4.3,6.4,0.0,0.0,0.0,44.8,0.0,14.2,7.2,,,,
1172D,360.37,2,5,115,118,35.74,27.6,18.7,0.0,5.8,6.1,4.1,0.0,3.3,0.0,,6.6,6.3,1.0,0.5,1.3,29.9,0.0,20.8,2.9,,,,
1172A,360.44,39,4,134,136,35.75,2.2,1.5,0.0,0.0,14.9,0.0,0.0,1.5,0.0,,5.2,56.7,16.4,0.0,0.0,1.5,0.0,64.2,20.2,,,,
1172A,360.57,39,4,147,149,35.77,0.6,0.6,0.0,0.0,2.9,0.0,0.0,1.2,0.0,,2.9,83.1,5.8,0.6,0.0,1.7,0.0,87.8,6.5,,,,
1172D,360.61,2,5,140,144,35.78,17.1,8.9,1.0,0.3,5.5,0.3,0.0,1.9,0.0,,34.8,7.3,2.0,3.1,0.3,23.5,0.0,46.2,4.9,,,,
1172A,360.65,39,5,5,7,35.79,0.9,0.0,0.0,0.0,0.3,0.0,0.0,0.3,0.0,,3.3,91.3,1.5,0.0,0.3,0.3,0.0,94.9,1.5,,,,
1172D,360.84,2,6,12,15,35.82,9.2,6.1,27.6,0.0,5.7,0.0,0.0,0.9,0.0,,25.9,11.4,2.6,3.1,0.9,10.5,0.4,64.0,3.0,,,,
1172A,361.15,39,5,55,57,35.87,5.2,4.2,0.0,0.0,0.3,0.0,0.3,1.7,0.0,,28.9,54.4,1.7,2.8,0.3,1.0,0.0,86.8,2.7,,,,
1172D,361.34,2,6,63,66,35.92,35.6,25.6,1.4,0.7,1.4,0.7,0.0,28.0,0.0,,8.3,6.2,5.5,2.1,0.0,1.4,0.0,41.9,5.9,,,,
1172A,361.45,39,5,85,87,36.01,1.6,0.3,0.3,0.0,1.6,2.0,0.0,0.3,0.0,,30.6,60.6,2.9,0.7,0.0,0.0,0.0,91.2,0.0,,,,
1172D,361.57,2,6,85,88,36.06,4.7,2.7,0.0,0.0,0.8,0.4,0.0,3.7,0.0,,1.2,82.2,0.0,1.2,1.2,3.5,0.0,87.9,1.9,,,,
1172A,361.64,39,5,104,106,36.08,1.2,0.8,0.0,0.0,1.6,0.0,0.0,0.4,0.0,,62.0,26.9,4.5,0.4,0.8,0.8,0.0,89.8,1.6,,,,
1172A,361.65,39,5,105,107,36.08,2.1,1.0,0.0,0.0,0.7,0.0,0.0,1.4,0.0,,64.5,27.6,2.8,0.0,0.3,0.3,0.0,93.1,1.0,,,,
1172D,362.09,2,6,137,140,36.16,7.9,4.8,0.0,0.0,0.0,1.4,0.0,1.4,0.0,,6.5,79.5,0.3,1.7,0.0,0.7,0.0,86.6,0.7,,,,
1172A,362.40,39,6,30,32,36.22,2.3,1.5,0.4,0.0,0.0,0.0,0.4,1.5,0.0,,23.0,63.6,6.1,0.0,0.0,0.4,0.0,90.4,4.0,,,,
1172A,362.65,39,6,55,57,36.26,4.4,2.9,0.0,0.0,0.5,0.0,0.2,0.0,0.0,,54.8,36.9,2.0,0.0,0.0,0.0,0.0,91.6,0.5,,,,
1172A,362.74,39,6,64,66,36.28,1.8,0.9,0.0,0.0,0.5,0.0,0.0,0.5,0.0,,65.3,29.3,1.4,0.5,0.0,0.0,0.0,95.5,1.8,,,,
1172D,362.87,3,1,5,8,36.30,18.1,14.3,0.0,0.0,0.0,0.8,0.4,2.7,0.4,,5.4,68.3,2.7,0.0,0.0,0.0,0.4,76.4,0.8,,,,
1172A,362.95,39,6,85,87,36.32,3.9,2.5,0.4,0.0,0.0,0.0,0.0,0.4,0.0,,20.2,68.8,2.1,1.4,0.0,1.1,0.0,90.1,0.4,,,,
1172A,363.15,39,6,105,107,36.36,3.5,1.0,0.3,0.0,0.0,0.0,0.0,0.6,0.0,,55.6,19.6,16.1,0.0,0.0,1.0,0.0,77.8,1.9,,,,
1172A,363.30,39,6,120,122,36.38,2.7,1.3,0.0,0.0,0.4,0.0,0.0,0.9,0.0,,52.9,13.9,23.8,0.0,0.4,0.9,0.0,71.3,5.1,,,,
1172D,363.37,3,1,55,58,36.40,15.8,10.7,0.0,0.0,0.0,0.0,0.0,6.1,0.0,,14.3,54.7,5.1,0.0,0.0,1.2,0.0,77.0,1.6,,,,
1172A,363.58,39,6,148,150,36.44,1.9,1.5,0.0,0.0,0.0,0.0,0.3,0.0,0.0,,14.5,81.5,1.9,0.0,0.0,0.0,0.0,95.7,0.3,,,,
1172A,363.65,39,7,5,7,36.45,0.5,0.5,0.0,0.0,0.3,0.0,0.0,0.8,0.0,,10.3,85.3,1.8,0.0,0.0,0.3,0.0,96.8,0.0,,,,
1172A,363.70,39,7,10,12,36.46,0.7,0.0,0.0,0.0,0.0,0.2,0.0,0.5,0.0,,24.4,66.8,6.2,0.7,0.0,0.0,0.0,92.0,0.2,,,,
1172A,363.91,39,7,31,33,36.50,1.7,0.4,0.0,0.0,0.4,0.0,0.0,2.1,0.0,,66.0,9.2,6.7,0.4,0.0,1.3,0.0,88.2,2.1,,,,
1172A,364.05,39,7,45,47,36.52,2.4,1.2,0.0,0.0,0.4,0.0,0.0,38.8,0.0,,22.8,18.8,12.8,0.0,0.0,0.4,0.0,82.4,0.4,,,,
1172D,364.44,3,2,12,15,36.60,8.4,5.1,1.0,0.0,1.0,0.0,0.0,1.0,0.0,,7.4,77.0,0.7,0.0,0.0,0.3,0.0,88.5,0.3,,,,
1172A,365.05,40,1,85,87,36.71,3.6,0.8,1.2,0.0,0.4,0.0,0.0,6.0,0.0,,38.1,21.4,21.0,0.0,0.4,3.2,0.0,66.7,1.6,,,,
1172D,366.44,3,3,62,64,36.89,9.0,0.7,0.0,0.0,0.7,0.0,0.0,19.0,0.0,,12.4,49.3,2.1,1.0,0.0,0.0,0.0,86.2,1.4,,,,
1172A,366.55,40,2,85,87,36.90,2.2,0.2,0.0,0.0,0.0,0.0,0.0,56.7,0.0,,32.0,0.6,6.7,0.0,0.0,0.0,0.0,89.7,0.0,,,,
1172D,367.47,3,4,15,18,37.04,2.6,1.0,0.0,0.0,0.7,0.0,0.0,83.5,0.0,,3.6,5.9,1.3,0.0,0.0,0.7,0.0,94.1,0.3,,,,
1172A,368.05,40,3,85,87,37.16,2.3,0.0,0.3,0.0,0.0,0.0,0.0,21.1,0.0,,17.4,52.3,2.0,2.6,0.0,0.3,0.0,91.8,1.3,,,,
1172D,368.49,3,4,118,121,37.25,9.6,4.3,0.0,0.0,0.0,0.0,0.0,25.6,0.0,,9.0,32.7,9.0,8.6,0.0,0.6,0.0,70.1,1.2,,,,
1172D,369.45,3,5,63,66,37.44,4.2,1.1,0.4,0.0,0.4,0.0,0.0,46.4,0.0,,14.4,31.6,0.4,0.0,0.0,0.8,0.0,92.8,0.4,,,,
1172A,369.55,40,4,85,87,37.46,3.1,0.0,0.0,0.0,0.0,0.0,0.0,28.5,0.0,,1.2,64.6,2.3,0.0,0.0,0.0,0.0,94.2,0.0,,,,
1172D,370.45,3,6,13,16,37.64,2.1,0.8,0.0,0.0,0.0,0.0,0.0,84.3,0.0,,0.0,12.8,0.4,0.0,0.0,0.4,0.0,97.1,0.4,,,,
1172A,371.05,40,5,85,87,37.76,2.0,1.2,0.8,0.0,0.4,0.0,0.0,10.9,0.0,,22.3,51.8,4.9,0.4,0.0,2.0,0.0,84.2,0.0,,,,
1172A,372.55,40,6,85,87,38.06,0.8,0.6,0.0,0.0,0.2,0.0,0.0,6.7,0.0,,0.2,91.5,0.2,0.0,0.0,0.2,0.0,92.1,0.0,,,,
1172A,373.30,40,7,10,12,38.21,4.1,3.2,0.0,0.0,0.0,0.0,0.0,34.7,0.0,,15.1,37.9,6.4,0.9,0.0,0.0,0.0,87.7,0.9,,,,
1172A,374.65,41,1,85,87,38.36,7.2,3.9,1.9,0.0,1.0,0.0,0.0,7.7,0.0,,57.5,15.9,2.9,0.5,0.0,1.9,0.0,82.6,0.0,,,,
1172A,376.15,41,2,85,87,38.41,0.2,0.0,0.0,0.0,0.4,0.0,0.0,0.6,0.0,,24.1,72.8,0.6,0.0,0.0,0.2,0.0,98.1,0.0,,,,
1172A,377.65,41,3,85,87,38.46,2.7,1.7,0.0,0.0,1.7,0.0,0.7,2.7,0.0,,44.5,37.3,9.2,0.0,0.0,0.3,0.0,84.6,0.0,,,,
1172A,379.15,41,4,85,87,38.52,4.6,3.8,0.4,0.0,1.9,0.0,0.0,5.0,0.0,,31.0,48.3,6.9,0.0,0.0,0.8,0.0,81.2,5.1,,,,
1172A,380.51,41,5,86,88,38.56,7.3,4.6,1.9,0.0,0.0,0.8,0.4,7.3,0.0,,28.2,44.4,2.3,0.0,0.4,0.8,0.0,74.5,2.6,,,,
1172A,382.15,41,6,85,87,38.62,5.2,2.6,0.0,0.0,0.7,0.0,0.4,18.5,0.4,,28.0,33.6,8.1,0.4,0.0,0.4,0.4,67.5,2.5,,,,
1172A,384.25,42,1,85,87,38.70,8.3,3.2,2.4,0.0,1.2,0.0,0.4,2.0,0.0,,50.4,5.2,19.4,1.2,0.4,2.0,0.0,57.9,6.0,,,,
1172A,385.00,42,2,10,12,38.73,5.1,3.0,0.9,0.0,3.4,0.4,0.0,4.7,0.0,,46.8,3.0,25.5,1.3,0.0,1.3,0.0,51.1,0.0,,,,
1172A,385.75,42,2,85,87,38.76,4.0,2.5,0.3,0.0,2.5,0.6,0.0,6.4,0.0,,65.0,8.3,9.2,1.2,0.0,0.6,0.0,76.1,2.1,,,,
1172A,387.25,42,3,85,87,38.82,15.0,8.8,2.2,0.0,0.4,1.3,0.4,19.9,0.0,,27.0,14.2,10.2,0.4,0.0,5.8,0.0,47.3,7.8,,,,
1172A,388.75,42,4,85,87,38.88,4.2,2.4,0.0,0.0,0.0,0.6,0.0,2.1,0.0,,39.3,26.5,23.8,0.9,0.0,0.0,0.0,67.6,0.0,,,,
1172A,390.25,42,5,85,87,38.94,6.2,3.1,0.0,0.0,0.4,0.0,23.1,5.8,0.0,,6.7,42.2,11.6,0.0,0.9,0.0,0.0,55.6,5.5,,,,
1172A,391.75,42,6,85,87,39.00,4.3,2.7,0.4,0.0,2.7,0.0,0.0,39.1,0.0,,5.1,35.2,10.5,0.0,0.0,0.4,0.0,62.1,1.9,,,,
1172A,393.62,43,1,62,64,39.07,14.0,7.4,1.2,0.0,1.2,0.0,24.3,10.3,0.0,,8.2,11.1,13.2,2.9,0.0,0.4,0.0,35.0,2.0,,,,
1172A,394.00,43,1,100,102,39.09,3.2,1.3,0.6,0.0,0.0,0.3,2.9,62.6,0.0,,0.3,4.2,1.0,0.0,23.0,0.3,23.0,27.8,1.3,,,,
1172A,394.42,43,1,142,144,39.10,12.1,5.6,8.4,0.0,4.3,0.4,0.4,10.8,0.0,,20.3,6.9,24.2,1.3,0.0,0.0,0.0,31.5,1.3,,,,
1172A,394.62,43,2,12,14,39.11,8.6,4.6,13.7,0.0,0.0,0.0,0.8,8.9,0.0,,21.9,9.7,22.8,0.8,0.0,0.8,0.0,36.7,2.5,,,,
1172A,394.92,43,2,42,44,39.12,4.8,1.9,8.3,1.4,1.4,0.5,0.5,6.4,0.0,,25.7,3.3,36.2,2.9,0.0,3.8,0.0,31.0,5.4,,,,
1172A,395.12,43,2,62,64,39.13,14.0,6.5,6.0,0.0,1.0,0.5,0.0,8.5,0.0,,30.5,14.5,17.0,1.0,0.5,0.5,0.0,52.0,3.8,,,,
1172A,395.52,43,2,102,104,39.14,23.0,12.4,3.7,0.0,0.0,1.2,1.2,6.2,0.0,,32.3,14.3,9.9,1.9,0.6,1.2,0.6,52.8,2.4,,,,
1172A,395.92,43,2,142,144,39.16,13.9,4.0,3.2,0.0,2.4,0.8,0.8,8.7,0.0,,24.2,21.0,20.6,0.8,0.4,0.0,0.4,52.8,1.2,,,,
1172A,396.02,43,3,2,4,39.16,13.6,7.4,1.5,0.0,3.7,0.0,0.0,6.3,0.0,,19.9,24.3,25.0,0.0,0.0,0.0,0.0,49.3,1.1,,,,
1172A,396.23,43,3,23,25,39.17,7.0,3.5,1.8,1.8,0.0,0.0,0.0,3.5,0.0,,21.1,26.3,28.1,0.0,0.0,5.3,0.0,43.9,5.0,,,,
1172A,396.85,43,3,85,87,39.20,25.7,6.4,0.0,0.3,0.7,0.0,0.3,3.4,0.0,,9.5,42.0,12.9,0.7,0.5,1.0,0.5,50.8,2.3,,,,
1172A,397.45,43,3,145,147,39.22,13.8,3.4,4.6,0.0,3.4,0.0,0.0,3.4,0.0,,36.8,21.8,10.3,1.1,0.0,1.1,0.0,58.6,3.3,,,,
1172A,397.70,43,4,20,22,39.23,12.5,2.5,15.0,0.0,2.5,0.0,7.5,5.0,0.0,,22.5,7.5,15.0,0.0,0.0,5.0,0.0,32.5,9.1,,,,
1172A,398.35,43,4,85,87,39.26,16.5,3.0,0.9,0.0,0.0,0.0,0.0,2.2,0.0,,25.2,30.0,15.7,0.0,0.9,3.9,0.9,58.3,3.4,,,,
1172A,399.37,43,5,37,39,39.29,16.9,5.2,0.6,0.0,0.6,0.0,0.0,12.8,0.0,,29.7,13.4,15.2,1.5,1.2,3.5,1.2,46.6,5.5,,,,
1172A,401.35,43,6,85,87,39.37,17.7,8.6,0.4,0.0,1.3,0.9,10.8,9.1,0.0,,9.1,25.9,9.9,0.0,0.4,0.9,0.4,46.6,4.9,,,,
1172A,403.45,44,1,85,87,39.45,7.4,2.7,1.0,0.0,0.7,7.4,0.0,11.4,0.0,,4.7,56.7,6.4,0.0,0.0,0.3,0.0,66.1,1.3,,,,
1172A,404.95,44,2,85,87,39.51,16.7,7.7,0.2,0.0,0.9,0.0,0.5,9.0,0.0,,17.6,30.7,17.2,0.0,0.0,0.9,0.0,37.0,3.9,,,,
1172A,406.45,44,3,85,87,39.57,10.8,4.7,0.5,0.0,3.3,0.0,0.0,21.7,0.0,,2.4,29.7,24.5,0.9,0.0,1.9,0.0,38.2,1.9,,,,
1172A,406.62,44,3,102,104,39.58,7.9,5.9,0.5,0.5,1.5,0.0,0.0,11.3,0.0,,5.9,9.4,57.6,0.0,1.0,2.5,0.0,16.3,5.1,,,,
1172A,407.72,44,4,62,64,39.62,4.1,2.6,2.8,0.0,1.8,0.0,0.0,25.4,0.0,,8.1,22.1,33.1,0.7,0.0,0.0,0.0,30.6,1.8,,,,
1172A,409.45,44,5,85,87,39.69,5.0,4.6,2.1,0.0,0.4,0.0,0.0,59.6,0.0,,5.4,10.4,15.4,0.0,0.0,0.8,0.0,17.5,1.6,,,,
1172A,410.95,44,6,85,87,39.75,0.8,0.5,0.0,0.0,0.0,0.0,0.0,77.9,0.0,,1.5,18.3,1.0,0.0,0.0,0.0,0.0,50.9,0.8,,,,
1172A,411.70,44,7,10,12,39.78,3.2,0.8,0.0,0.0,2.8,0.0,0.0,5.9,0.0,,17.6,52.3,12.2,0.4,0.8,1.6,0.8,64.7,3.8,,,,
1172A,412.52,45,1,32,34,39.81,4.4,2.7,0.5,0.0,2.2,0.5,0.0,12.5,0.0,,20.2,16.3,36.8,3.8,0.5,0.5,0.5,40.9,3.2,,,,
1172A,413.22,45,1,102,104,39.84,7.7,4.6,0.4,1.9,2.7,0.8,0.0,12.3,0.4,,20.8,21.5,24.2,0.4,1.9,1.2,1.2,45.4,3.7,,,,
1172A,414.02,45,2,32,34,39.87,4.8,0.8,0.0,0.0,0.8,0.0,0.0,67.2,0.0,,8.4,9.3,5.9,0.0,1.7,0.0,0.0,40.3,0.8,,,,
1172A,414.68,45,2,98,100,39.89,1.7,0.0,0.0,0.0,0.3,0.3,0.0,93.0,0.0,,2.8,0.0,1.0,0.0,0.0,0.0,0.0,3.1,0.7,,,,
1172A,415.42,45,3,22,24,39.92,0.9,0.3,0.0,0.0,0.3,0.0,0.0,92.3,0.0,,2.1,1.2,0.0,0.3,0.0,1.5,0.0,2.9,1.7,,,,
1172A,416.22,45,3,102,104,39.95,6.1,4.4,0.0,0.0,9.6,0.0,0.0,37.7,0.0,,8.8,1.8,28.9,0.0,0.0,3.5,0.0,19.3,7.3,,,,
1172A,417.72,45,4,102,104,40.01,5.9,5.3,0.0,0.0,1.6,0.0,0.0,76.6,0.0,,7.9,4.6,1.6,0.0,0.0,0.3,0.0,23.7,2.6,,,,
1172A,419.12,45,5,92,94,40.07,5.7,2.8,0.0,0.0,0.0,0.0,0.0,39.6,0.0,,22.6,21.7,0.9,0.0,3.8,0.9,2.8,52.8,10.2,,,,
1172A,420.02,45,6,32,34,40.10,6.7,0.0,0.0,0.0,6.7,1.7,0.0,18.3,0.0,,10.0,23.3,20.0,3.3,0.0,10.0,0.0,38.3,10.4,,,,
1172A,420.92,45,6,122,124,40.14,20.1,17.2,0.0,0.0,3.6,2.4,0.0,7.1,0.0,,36.1,16.6,3.6,0.6,0.0,1.2,0.0,55.0,2.9,,,,
1172A,421.62,45,7,42,44,40.21,7.1,3.0,0.0,0.0,3.0,0.0,0.0,18.8,0.0,,22.3,27.4,4.1,0.0,0.0,12.2,0.0,53.8,20.9,,,,
1172A,422.92,46,1,112,114,40.36,11.6,4.0,1.1,0.6,1.1,0.0,4.0,7.4,0.0,,30.7,16.5,4.5,0.0,9.1,9.1,9.1,47.7,8.8,,,,
1172A,424.15,46,2,85,87,40.49,23.3,9.2,2.5,0.0,12.5,0.0,0.0,12.5,0.0,,0.0,30.8,6.7,0.8,0.0,0.8,0.0,42.5,9.8,,,,
1172A,425.62,46,3,82,84,40.66,11.9,4.2,0.0,0.8,0.0,0.0,0.0,33.9,0.0,,28.8,3.4,7.6,0.8,0.0,5.9,0.0,68.6,5.6,,,,
1172A,425.65,46,3,85,87,40.66,0.4,0.4,0.8,0.0,0.8,0.0,0.0,84.7,0.0,,4.7,5.9,1.3,0.0,0.0,0.0,0.0,95.8,2.5,,,,
1172A,426.02,46,3,122,124,40.70,14.9,7.0,1.8,1.8,0.9,0.0,0.0,8.3,0.0,,12.7,46.9,0.9,0.9,0.4,0.4,0.4,68.4,3.8,,,,
1172A,426.22,46,3,142,144,40.73,14.1,7.8,8.6,1.6,3.1,0.0,0.0,9.4,0.0,,24.2,23.4,4.7,0.0,0.8,0.8,0.8,57.8,9.9,,,,
1172A,427.15,46,4,85,87,40.83,7.2,3.0,40.1,1.3,0.0,0.0,0.4,3.8,0.0,,19.8,22.4,0.8,0.0,0.0,0.4,0.0,43.9,3.3,,,,
1172A,427.22,46,4,92,94,40.84,6.8,5.3,23.8,1.5,0.0,0.0,0.0,9.1,0.0,,20.4,19.6,1.5,1.5,0.0,9.1,0.0,49.8,4.3,,,,
1172A,427.72,46,4,142,144,40.89,17.5,6.2,1.0,3.1,1.0,0.0,0.0,20.6,0.0,,24.7,14.4,6.2,1.0,0.0,1.0,0.0,56.7,9.3,,,,
1172A,428.65,46,5,85,87,41.00,9.6,7.2,0.5,0.0,1.0,0.0,0.0,26.7,0.0,,16.4,35.2,1.4,0.0,0.0,0.5,0.0,76.4,2.4,,,,
1172A,430.90,46,7,10,12,41.26,18.2,16.4,1.2,1.8,1.8,0.0,0.0,13.3,0.0,,21.2,22.4,9.7,1.8,0.0,1.8,0.0,44.2,5.7,,,,
1172A,432.23,47,1,85,87,41.41,12.6,8.4,9.1,0.3,0.3,0.0,0.0,9.1,0.0,,5.9,60.8,1.0,0.0,0.0,0.0,0.0,75.9,1.4,,,,
1172A,433.73,47,2,85,87,41.52,3.6,1.2,0.4,0.8,0.0,0.0,0.0,21.5,0.0,,7.2,61.8,0.0,0.0,2.0,0.0,2.0,93.2,0.0,,,,
1172A,435.23,47,3,85,87,41.63,4.4,1.6,3.3,1.1,0.0,0.0,0.0,46.4,0.0,,8.7,32.8,0.0,0.0,0.0,0.0,0.0,86.9,4.7,,,,
1172A,436.73,47,4,85,87,41.75,1.6,0.0,0.8,0.4,0.0,0.0,0.0,81.8,0.0,,7.1,6.3,0.0,0.0,0.0,0.0,0.0,96.4,0.8,,,,
1172A,438.23,47,5,83,84,41.86,3.4,2.1,2.1,0.0,0.0,0.0,0.0,87.7,0.0,,4.2,0.0,0.0,0.0,0.0,0.0,0.0,92.4,1.3,,,,
1172A,439.75,47,6,85,87,41.98,5.8,4.4,1.0,0.0,1.0,0.0,0.0,54.6,0.0,,14.6,17.6,3.1,0.0,0.0,0.0,0.0,88.1,0.7,,,,
1172A,441.85,48,1,85,87,42.14,3.0,2.6,1.9,0.0,0.0,0.7,0.0,42.8,0.0,,13.4,30.9,3.0,1.5,1.9,0.0,1.9,66.2,0.0,,,,
1172A,443.35,48,2,85,87,42.25,1.8,1.5,1.0,0.0,0.3,0.0,0.0,36.5,0.0,,5.4,54.2,0.8,0.0,0.0,0.0,0.0,96.1,0.0,,,,
1172A,444.85,48,3,85,87,42.38,5.6,4.2,1.3,0.0,0.3,0.0,0.0,16.3,0.0,,5.6,64.4,1.6,2.0,1.0,0.0,1.0,81.0,0.6,,,,
1172A,446.35,48,4,85,87,42.52,0.8,0.3,1.1,0.0,0.3,0.0,0.0,15.4,0.0,,4.0,75.5,0.5,0.3,0.3,0.0,0.3,96.5,0.3,,,,
1172A,447.85,48,5,85,87,42.66,1.1,0.4,1.1,0.0,0.0,0.0,0.0,62.5,0.0,,1.8,31.6,0.4,0.4,0.4,0.0,0.4,96.8,0.0,,,,
1172A,449.35,48,6,85,87,42.80,0.9,0.5,0.5,0.0,0.5,0.0,0.0,58.5,0.0,,1.4,37.3,0.2,0.0,0.5,0.0,0.5,97.9,0.7,,,,
1172A,451.45,49,1,85,87,43.00,2.7,1.0,2.3,0.0,0.3,0.3,0.0,38.7,0.0,,13.0,34.3,2.3,0.3,0.0,0.0,0.0,90.7,0.7,,,,
1172A,452.95,49,2,85,87,43.14,3.9,2.2,4.7,0.0,0.3,0.0,0.0,20.8,0.0,,5.8,54.3,0.3,0.0,0.0,0.0,0.0,89.8,0.3,,,,
1172A,454.45,49,3,85,87,43.28,4.3,2.4,5.5,0.0,1.6,0.0,0.0,7.9,0.0,,22.5,44.7,0.4,0.0,4.7,2.0,4.7,77.9,3.4,,,,
1172A,455.95,49,4,85,87,43.43,7.7,6.4,0.4,0.0,1.7,0.0,0.0,4.3,0.0,,32.8,45.1,0.4,0.4,3.8,0.0,3.8,80.0,0.0,,,,
1172A,457.45,49,5,85,87,43.48,4.2,2.3,0.5,0.0,0.5,0.0,0.0,1.4,0.0,,36.6,50.9,0.9,2.8,0.9,0.0,0.9,88.9,2.3,,,,
1172A,458.95,49,6,85,87,43.53,6.2,4.7,2.7,0.0,0.4,0.0,0.0,29.5,0.0,,1.2,56.2,0.0,0.4,0.8,0.0,0.8,70.9,3.4,,,,
1172A,470.61,51,1,81,83,43.91,2.9,0.4,4.1,0.0,1.2,0.0,0.0,20.8,0.8,,2.0,56.3,2.4,0.4,6.5,0.8,7.3,86.5,3.2,,,,
1172A,472.15,51,2,85,87,43.96,6.9,3.2,0.5,0.0,1.4,0.0,0.0,8.7,0.0,,12.4,58.7,1.4,7.3,0.5,0.5,0.5,78.0,0.0,,,,
1172A,473.65,51,3,85,87,44.01,2.3,0.9,0.5,0.0,1.9,0.0,0.0,18.1,0.0,,8.8,59.1,2.8,4.2,0.0,0.5,0.0,86.0,1.8,,,,
1172A,475.15,51,4,85,87,44.06,1.4,1.1,0.0,0.0,0.0,0.0,0.0,3.6,0.0,,7.9,82.7,1.1,1.8,0.4,0.0,0.4,92.8,3.1,,,,
1172A,480.25,52,1,85,87,44.22,5.9,5.0,2.7,0.0,0.9,0.0,0.0,24.0,0.0,,7.2,39.4,2.7,4.5,4.1,0.9,4.1,64.3,0.0,,,,
1172A,481.75,52,2,85,87,44.27,0.7,0.4,0.0,0.0,1.1,0.4,0.0,1.8,0.0,,8.3,75.9,5.4,4.3,0.4,0.0,0.4,86.3,0.4,,,,
1172A,483.25,52,3,85,87,44.32,2.3,2.3,1.2,0.0,0.4,0.0,0.0,4.6,0.0,,13.1,73.7,1.5,0.4,0.0,0.0,0.0,91.5,0.0,,,,
1172A,484.75,52,4,85,87,44.37,2.5,1.8,0.0,0.0,1.4,0.0,0.0,0.7,0.0,,11.9,77.5,1.8,1.8,0.4,0.0,0.4,91.2,0.0,,,,
1172A,486.25,52,5,85,87,44.42,2.4,1.6,0.8,0.0,2.4,0.0,0.0,0.0,0.0,,4.8,82.3,2.8,2.4,0.0,0.0,0.0,87.6,1.6,,,,
1172A,487.75,52,6,85,87,44.47,3.9,2.7,0.0,0.4,0.8,0.0,0.0,0.0,0.0,,12.7,77.6,2.7,0.0,0.4,0.4,0.4,90.7,0.8,,,,
1172A,489.85,53,1,85,87,44.54,3.1,2.3,0.4,0.0,0.4,0.0,0.0,3.5,0.0,,43.8,38.7,6.3,0.4,0.4,0.4,0.4,86.3,2.3,,,,
1172A,491.35,53,2,85,87,44.58,1.4,0.7,0.0,0.0,3.1,0.0,0.0,0.3,0.0,,9.7,79.9,3.1,0.3,0.3,0.0,0.3,90.7,0.7,,,,
1172A,492.85,53,3,85,87,44.63,1.1,0.7,0.0,0.0,0.4,0.0,0.0,0.4,0.0,,13.7,80.1,1.8,0.0,0.0,0.0,0.0,94.1,0.0,,,,
1172A,494.35,53,4,85,87,44.68,0.7,0.7,0.0,0.0,3.0,0.0,0.0,1.1,0.0,,43.9,46.1,1.5,0.0,0.4,0.4,0.0,91.1,0.0,,,,
1172A,495.85,53,5,85,87,44.73,1.6,1.2,0.0,0.0,2.0,1.2,0.0,1.2,0.0,,62.7,23.9,4.7,0.0,0.8,0.4,0.8,88.6,0.4,,,,
1172A,497.35,53,6,85,87,44.78,1.3,0.3,0.6,0.0,0.6,0.0,0.0,0.9,0.0,,57.9,23.1,12.0,0.3,0.3,0.0,0.3,82.9,0.0,,,,
1172A,498.70,54,1,10,12,44.83,1.6,0.6,0.3,0.0,0.6,0.6,0.0,12.3,0.0,,35.8,44.9,3.2,0.0,0.3,0.0,0.3,93.4,0.0,,,,
1172A,499.45,54,1,85,87,44.85,0.8,0.5,0.0,0.0,2.3,0.0,0.0,1.3,0.0,,67.9,25.5,0.8,0.0,0.5,0.0,0.5,95.2,0.5,,,,
1172A,500.95,54,2,85,87,44.90,0.9,0.6,0.3,0.0,0.9,0.3,0.0,64.7,0.0,,11.4,14.5,4.4,0.3,0.3,0.0,0.3,91.5,0.3,,,,
1172A,502.45,54,3,85,87,44.95,0.6,0.3,0.3,0.3,0.3,0.3,0.0,9.9,0.0,,31.3,28.6,25.9,0.3,0.3,0.0,0.3,70.5,0.3,,,,
1172A,503.95,54,4,85,87,45.00,4.7,3.4,0.4,0.4,1.7,0.0,0.0,4.7,0.0,,53.9,17.2,7.3,3.0,0.4,0.0,0.4,76.3,5.7,,,,
1172D,507.40,5,1,40,42,45.11,2.8,2.5,0.4,0.0,2.1,1.1,0.0,20.2,0.0,,10.3,35.8,1.8,14.9,0.7,1.8,0.7,67.7,0.7,,,,
1172D,508.88,5,2,38,40,45.16,10.5,10.0,0.0,0.0,6.7,0.4,0.0,9.6,0.0,,5.0,52.7,2.9,0.4,3.3,0.8,3.3,70.7,2.4,,,,
1172D,510.54,5,3,54,56,45.21,8.9,6.6,0.0,1.8,1.5,0.4,0.0,0.7,1.5,,36.9,42.8,1.1,3.3,1.5,0.0,3.0,81.5,0.0,,,,
1172D,511.60,5,4,10,12,45.25,2.0,2.0,0.0,0.0,0.6,0.3,0.0,43.9,0.0,,7.8,43.9,0.8,0.0,0.0,0.3,0.0,51.7,0.0,,,,
1172D,512.60,5,4,109,111,45.28,0.5,0.5,0.0,0.0,0.2,0.2,0.0,1.0,0.0,,4.7,90.9,1.0,0.0,0.0,0.2,0.0,95.3,0.0,,,,
1172D,516.70,6,1,10,12,45.41,3.9,3.1,0.0,0.0,1.6,0.4,0.0,26.3,0.0,,37.3,19.6,6.7,0.8,0.0,0.0,0.0,57.3,0.4,,,,
1172D,517.67,6,1,107,109,45.44,4.4,3.5,0.3,0.9,0.3,0.3,0.0,7.4,0.0,,15.3,57.6,4.7,0.9,0.3,0.0,0.3,74.4,0.3,,,,
1172D,518.48,6,2,38,40,45.47,3.9,3.5,0.4,0.0,5.2,0.9,0.0,6.1,0.0,,8.7,48.9,11.7,5.6,0.0,1.3,0.0,57.6,4.5,,,,
1172D,519.24,6,2,114,116,45.50,2.8,2.5,0.0,2.1,1.1,0.4,0.0,0.7,0.0,,16.3,58.2,6.7,6.0,0.0,0.4,0.0,74.5,0.0,,,,
1172D,519.96,6,3,31,33,45.52,1.4,1.4,0.3,0.0,0.7,1.4,0.0,1.4,0.0,,7.5,81.6,3.1,1.0,0.3,0.0,0.3,90.1,0.0,,,,
1172D,521.48,6,4,38,40,45.57,2.9,1.8,0.3,0.0,0.5,0.0,0.0,5.2,0.0,,2.9,79.4,2.3,3.4,0.0,0.5,0.0,82.2,1.3,,,,
1172D,522.55,6,4,135,137,45.60,2.1,2.1,1.3,0.0,0.0,0.2,0.0,1.1,0.0,,3.8,83.4,5.7,0.2,0.0,0.0,0.0,87.7,0.4,,,,
1172D,526.30,7,1,10,12,45.73,1.5,1.2,1.5,0.4,0.0,0.4,0.0,1.9,0.0,,0.4,84.9,3.1,0.0,0.0,0.0,0.0,85.7,0.4,,,,
1172D,526.65,7,1,35,37,45.76,3.6,3.0,0.0,0.0,0.3,0.3,0.0,3.0,0.0,,5.2,64.7,17.0,2.1,0.3,0.0,0.3,70.2,0.0,,,,
1172D,527.40,7,1,106,108,45.85,5.2,5.2,0.0,0.0,0.0,0.0,0.0,0.6,0.0,,2.1,77.6,11.8,0.9,0.0,0.0,0.0,80.0,0.0,,,,
1172D,528.46,7,2,60,62,45.98,11.6,11.3,0.0,0.0,1.5,1.8,0.4,0.4,0.0,,3.6,66.5,10.5,0.7,0.0,0.0,0.0,72.0,0.0,,,,
1172D,529.30,7,3,10,12,46.08,9.0,4.7,0.0,0.0,2.3,0.7,0.0,0.0,0.0,,2.3,64.5,12.7,1.7,0.3,0.0,0.3,68.2,2.3,,,,
1172D,529.60,7,3,40,42,46.11,6.3,5.1,1.2,0.0,5.5,2.0,0.0,0.0,0.0,,2.0,58.1,10.7,0.0,0.0,0.8,0.0,62.1,0.8,,,,
1172D,530.26,7,3,106,108,46.19,20.6,19.9,1.1,0.0,3.0,2.6,0.0,0.0,0.0,,3.7,39.0,19.1,3.4,0.0,0.0,0.0,44.9,0.7,,,,
1172D,531.31,7,4,61,63,46.31,9.4,7.5,0.4,7.5,2.6,2.6,0.0,0.0,0.0,,2.6,39.6,25.3,1.5,0.4,0.0,0.4,45.7,0.7,,,,
1172D,532.60,7,5,40,42,46.47,3.4,2.3,1.9,0.0,0.8,2.6,0.0,0.0,0.0,,7.9,70.9,4.9,0.4,0.0,0.4,0.0,81.9,1.5,,,,
1172D,535.05,7,6,135,137,46.76,2.6,2.2,0.4,0.4,2.2,0.4,0.4,0.4,0.0,,17.7,14.7,54.5,2.2,0.0,0.4,0.0,33.8,0.9,,,,
1172D,536.11,8,1,31,33,46.89,3.0,2.4,0.3,0.0,1.0,4.7,0.0,0.0,0.0,,7.1,53.7,26.4,0.7,0.0,0.0,0.0,65.2,1.0,,,,
1172D,537.40,8,2,10,12,47.04,10.2,8.6,1.6,0.8,4.3,4.7,0.0,0.0,0.0,,22.0,20.8,16.5,0.8,0.0,0.8,0.0,47.8,0.8,,,,
1172D,538.90,8,3,10,12,47.22,1.8,1.3,1.3,1.3,2.2,2.7,0.0,0.0,0.0,,12.6,28.7,34.5,1.8,0.0,0.0,0.0,44.4,0.0,,,,
1172D,539.95,8,3,115,117,47.34,4.5,3.6,0.6,0.6,0.0,0.3,0.0,0.3,0.0,,18.8,31.0,31.0,2.4,0.0,0.0,0.0,51.0,0.6,,,,
1172D,540.70,8,4,40,42,47.40,4.9,4.5,1.6,4.1,0.0,1.6,0.0,0.0,0.0,,22.1,54.1,5.7,1.2,0.0,0.4,0.0,77.9,0.8,,,,
1172D,541.90,8,5,10,12,47.49,5.1,3.8,1.7,0.4,4.6,1.3,0.0,,0.0,,36.3,23.2,15.2,5.1,0.0,0.0,0.0,59.9,0.8,,,,
1172D,542.84,8,5,104,106,47.57,6.8,6.2,0.6,8.5,0.8,1.4,0.0,,0.0,,22.0,26.8,24.8,2.3,0.3,0.3,0.3,50.1,0.8,,,,
1172D,543.70,8,6,40,42,47.63,7.7,6.9,0.0,7.3,2.0,1.6,0.0,,0.0,,27.1,25.1,20.2,4.5,0.4,1.2,0.4,52.6,0.8,,,,
1172D,545.50,9,1,10,12,47.77,7.5,5.2,0.7,11.6,1.1,1.5,0.7,,0.0,,26.1,30.6,10.8,1.1,0.0,2.2,0.0,58.2,0.0,,,,
1172D,546.45,9,1,105,107,47.84,3.6,3.0,0.0,4.2,0.3,4.2,0.0,,0.0,,30.0,33.6,16.7,3.3,0.3,0.3,0.3,67.9,1.5,,,,
1172D,547.30,9,2,40,42,47.91,3.8,3.1,0.4,3.8,0.4,0.8,0.0,,0.0,,53.1,25.4,5.0,4.6,0.0,0.4,0.0,79.2,1.9,,,,
1172D,548.00,9,2,110,112,47.96,4.2,3.3,0.0,2.1,0.8,5.9,0.0,,0.0,,26.8,34.3,14.6,2.9,2.9,0.0,2.9,66.5,2.0,,,,
1172D,548.50,9,3,10,12,48.00,13.8,10.7,7.7,0.0,3.8,2.7,0.0,,0.0,,6.5,22.6,27.2,2.7,8.4,0.0,8.4,30.3,1.1,,,,
1172D,549.52,9,3,112,114,48.07,4.3,3.5,0.0,4.7,0.8,0.8,0.0,,0.0,,14.5,54.1,13.7,0.4,0.8,0.0,0.8,69.0,0.0,,,,
1172D,550.00,9,4,10,12,48.11,5.9,4.9,0.3,4.9,0.7,1.4,0.0,,0.0,,30.4,37.8,12.9,1.4,0.0,1.0,0.0,68.2,0.3,,,,
1172D,551.50,9,5,10,12,48.23,6.6,3.9,0.0,1.3,1.8,0.9,0.0,,0.0,,36.4,7.9,30.7,3.5,0.4,0.9,0.4,45.2,3.4,,,,
1172D,553.00,9,6,10,12,48.34,10.7,8.3,1.7,0.8,5.0,0.8,0.0,,0.0,,31.0,18.2,20.7,2.9,0.4,0.8,0.4,49.6,2.0,,,,
1172D,553.50,9,6,60,62,48.38,5.0,4.6,0.0,1.7,1.3,0.8,0.0,,0.0,,25.8,36.3,24.2,0.8,0.0,0.0,0.0,63.3,0.0,,,,
1172D,554.80,9,7,40,42,48.48,9.0,8.3,2.3,5.3,3.4,9.4,0.0,,0.4,,17.3,42.5,4.1,0.4,0.4,0.0,0.8,60.9,1.1,,,,
1172D,555.50,10,1,40,42,48.53,14.1,10.8,5.4,7.5,4.1,1.7,0.0,,0.4,,21.6,23.2,14.5,0.8,2.1,0.0,2.5,44.8,0.0,,,,
1172D,556.23,10,1,113,115,48.58,11.0,10.0,2.1,22.3,2.4,0.7,0.0,,0.0,,3.8,34.7,15.5,0.0,4.1,0.3,4.1,38.5,0.7,,,,
1172D,556.70,10,2,10,12,48.60,12.2,9.8,1.2,23.2,3.3,1.6,0.0,,0.0,,13.0,6.5,19.1,6.5,6.9,1.6,6.9,21.1,1.6,,,,
1172D,558.50,10,3,40,42,48.70,9.8,7.1,1.1,3.4,5.6,0.8,0.0,,0.0,,5.3,44.0,18.4,2.3,3.0,0.4,3.0,50.0,2.2,,,,
1172D,559.20,10,3,110,112,48.74,5.8,5.1,3.2,6.4,3.5,0.0,0.0,,0.0,,6.7,38.0,32.6,1.0,0.3,0.0,0.3,44.7,3.1,,,,
1172D,559.70,10,4,10,12,48.77,12.9,9.1,1.9,10.2,3.8,0.8,0.0,,0.0,,9.1,22.0,18.9,12.9,0.4,0.8,0.4,31.1,2.6,,,,
1172D,560.74,10,4,114,116,48.83,2.4,1.6,0.8,31.3,1.6,0.0,0.0,,0.4,,5.2,47.0,6.8,2.0,0.0,0.0,0.4,52.2,0.8,,,,
1172D,561.20,10,5,10,12,48.85,11.2,6.8,8.0,12.7,14.7,2.0,0.0,,0.0,,7.2,23.1,8.8,6.0,0.0,0.8,0.0,30.3,1.2,,,,
1172D,561.95,10,5,85,87,48.89,10.5,8.3,4.9,16.5,2.3,1.5,0.0,,0.8,,5.6,45.1,6.8,1.5,0.0,0.4,0.8,50.4,0.0,,,,
1172D,562.70,10,6,10,12,48.94,9.2,5.6,3.2,7.2,4.8,0.0,0.0,,1.2,,5.2,37.1,10.8,18.3,0.0,0.0,1.2,42.2,1.2,,,,
1172D,564.20,10,7,10,12,49.02,4.0,0.4,1.8,11.6,6.7,1.3,0.0,,0.0,,2.2,45.1,3.6,13.8,3.1,0.4,3.1,47.3,3.9,,,,
1172D,564.80,11,1,10,12,49.05,3.6,1.8,0.0,5.8,1.1,0.7,0.0,,0.0,,2.2,79.7,2.5,1.4,1.1,0.0,1.1,81.9,1.1,,,,
1172D,565.83,11,1,113,115,49.11,5.3,2.5,0.3,10.0,3.4,0.6,0.0,,1.9,,3.4,58.3,8.1,1.6,3.1,0.3,5.0,61.7,0.0,,,,
1172D,566.30,11,2,10,12,49.14,14.0,5.4,4.1,3.2,10.9,0.5,0.0,,5.4,,10.4,15.8,6.8,8.6,13.1,0.5,18.6,26.7,2.2,,,,
1172D,567.80,11,3,10,12,49.22,5.5,3.6,0.0,20.9,1.4,0.0,0.0,,0.5,,0.9,65.5,3.2,0.9,0.0,0.0,0.5,66.4,0.0,,,,
1172D,568.00,11,3,30,32,49.23,1.9,1.4,0.2,2.3,0.0,0.0,0.0,,0.2,,1.2,91.6,1.0,0.0,0.6,0.0,0.8,92.8,0.0,,,,
1172D,568.83,11,3,113,115,49.28,10.7,6.9,2.1,2.6,1.7,1.3,0.0,,2.6,,6.4,54.5,9.9,6.9,2.6,0.0,5.2,60.9,0.4,,,,
1172D,569.05,11,3,135,137,49.29,18.2,11.4,1.4,6.8,4.1,1.4,0.0,,2.7,,5.9,25.5,15.9,5.0,5.5,0.0,8.2,31.8,2.7,,,,
1172D,569.30,11,4,10,12,49.30,31.9,29.1,12.2,0.9,6.6,0.9,0.0,,0.9,,8.5,22.5,2.3,6.6,0.0,0.0,0.9,31.0,3.2,,,,
1172D,571.10,11,5,40,42,49.47,20.6,8.7,6.4,0.5,15.1,6.4,0.5,,5.0,,4.6,22.5,14.7,6.9,0.5,0.5,5.0,27.1,4.4,,,,
1172D,572.60,11,6,40,42,49.64,23.1,20.8,22.6,0.0,14.2,2.4,0.9,,0.5,,7.5,7.5,5.2,10.4,0.5,1.4,0.5,15.6,14.9,,,,
1172D,572.69,11,6,105,107,49.65,14.6,14.6,0.0,0.0,1.9,5.3,0.0,,0.0,,3.4,58.3,7.8,2.4,1.5,0.0,1.5,66.5,3.7,,,,
1172D,574.04,12,1,10,12,49.81,28.5,15.0,3.7,0.4,9.7,7.1,1.1,,0.4,,10.5,12.4,1.1,2.2,14.6,1.5,15.0,25.8,7.0,,,,
1172D,574.34,12,1,40,42,49.85,8.3,7.9,14.0,0.0,0.4,1.3,0.0,,0.0,,5.3,66.7,0.4,1.3,1.3,0.0,1.3,72.4,0.0,,,,
1172D,575.54,12,2,10,12,49.98,20.2,12.0,4.0,0.0,11.3,5.5,2.8,,0.9,,14.7,14.4,1.2,4.0,11.7,1.2,12.6,32.2,6.6,,,,
1172D,575.84,12,2,40,42,50.02,23.1,21.7,1.9,0.0,7.1,4.7,0.0,,0.0,,13.7,29.2,8.0,1.4,2.4,0.9,2.4,46.7,4.5,,,,
1172D,577.06,12,3,10,12,50.16,10.3,6.0,0.7,0.0,21.9,2.3,0.3,,0.0,,9.3,4.0,0.0,6.3,38.4,1.0,38.4,12.9,12.0,,,,
1172D,577.36,12,3,40,42,50.20,18.4,17.0,13.2,0.0,2.8,1.4,0.9,,0.0,,0.0,18.4,2.4,4.2,26.9,1.9,26.9,30.7,3.6,,,,
1172D,578.54,12,4,10,12,50.33,13.3,6.8,1.2,0.0,15.0,1.9,0.5,,0.2,,30.7,4.6,0.5,19.1,4.1,8.0,4.3,34.3,7.8,,,,
1172D,578.84,12,4,40,42,50.37,24.1,22.7,2.5,0.0,7.4,2.0,0.0,,0.0,,3.0,15.3,4.4,5.4,25.1,0.0,25.1,19.7,2.9,,,,
1172D,580.04,12,5,10,12,50.51,19.9,7.7,2.3,0.0,19.0,2.6,0.6,,1.0,,26.7,6.1,1.0,14.8,4.5,4.5,5.5,32.8,5.5,,,,
1172D,580.34,12,5,40,42,50.54,18.2,15.4,2.5,0.0,11.4,3.2,0.0,,0.4,,3.2,23.2,7.1,5.0,19.6,0.0,20.0,27.1,4.1,,,,
1172D,581.54,12,6,10,12,50.78,14.6,6.8,5.4,1.5,17.1,3.4,1.5,,0.0,,20.5,2.9,1.0,23.4,6.8,2.4,6.8,23.4,3.8,,,,
1172D,581.84,12,6,40,42,50.87,18.5,17.6,1.3,3.1,8.4,2.2,1.8,,0.0,,4.0,22.5,3.1,13.7,18.5,0.0,18.5,26.9,6.2,,,,
1172D,583.06,12,7,10,12,51.24,7.3,3.0,2.3,0.0,14.0,3.0,1.3,,0.7,,23.6,2.3,0.0,19.3,23.9,12.0,24.6,25.9,4.1,,,,
1172D,583.36,12,7,40,42,51.33,10.8,3.9,0.4,2.6,6.9,2.6,0.0,,6.1,,1.7,28.6,3.5,5.6,33.3,0.0,39.4,31.6,2.5,,,,
1172D,583.61,12,7,65,67,51.41,7.1,4.7,0.0,0.5,4.7,1.4,9.0,,0.5,,0.5,14.2,1.4,50.5,6.6,0.0,7.1,15.6,2.8,,,,
1172D,585.85,13,1,10,12,52.74,13.7,8.0,6.4,0.4,11.2,4.0,1.2,,0.8,,14.1,6.0,2.4,30.9,4.8,15.7,5.6,22.9,3.5,,,,
1172D,586.15,13,1,40,42,52.79,23.2,12.9,4.9,1.3,11.6,8.0,3.1,,4.5,,0.0,4.0,1.3,27.2,12.5,1.3,17.0,10.3,1.8,,,,
1172D,586.35,13,1,60,62,52.82,23.9,11.3,0.8,0.8,10.1,1.7,2.5,,5.0,,1.7,1.3,0.0,40.8,14.3,2.1,18.9,4.6,13.8,,,,
1172D,586.65,13,1,90,92,52.86,15.9,11.5,2.7,0.4,10.6,0.4,5.3,,0.4,,4.4,5.3,0.0,42.9,6.2,4.9,6.6,10.2,9.2,,,,
1172D,586.85,13,1,110,112,52.89,13.0,9.0,5.8,0.9,19.7,0.4,4.5,,0.4,,1.8,3.1,2.7,38.6,4.0,5.4,4.5,4.5,16.5,,,,
1172D,587.15,13,1,140,142,52.94,14.9,5.4,2.5,0.0,17.8,0.0,3.3,,0.8,,3.7,2.1,0.8,36.9,10.8,8.3,11.6,5.8,12.4,,,,
1172D,587.35,13,2,10,12,52.97,11.2,5.6,2.6,0.3,17.6,2.4,1.2,,0.9,,16.8,2.9,0.3,32.6,9.7,12.4,10.6,21.8,5.0,,,,
1172D,587.65,13,2,40,42,53.01,21.8,3.8,5.5,5.0,1.3,7.1,18.1,,13.4,,1.3,5.0,0.0,12.6,18.9,2.1,32.4,12.6,2.1,,,,
1172D,587.85,13,2,60,62,53.04,5.1,2.8,1.4,0.0,10.1,0.9,3.2,,0.5,,2.3,5.5,0.5,54.8,3.7,9.7,4.1,8.8,7.7,,,,
1172D,588.15,13,2,90,92,53.08,13.3,3.7,1.1,7.8,7.4,0.0,7.4,,1.1,,4.4,6.7,1.9,30.4,14.1,7.4,15.2,9.3,9.7,,,,
1172D,588.35,13,2,110,112,53.11,17.6,7.9,2.8,7.9,6.9,0.9,0.5,,0.5,,3.2,2.3,0.0,35.6,14.4,4.6,14.8,6.0,12.6,,,,
1172D,588.65,13,2,140,142,53.16,15.4,7.2,2.3,1.4,9.5,0.5,1.4,,0.9,,10.9,0.9,0.5,48.0,0.0,5.4,0.9,11.8,12.3,,,,
1172D,588.85,13,3,10,12,53.19,14.9,0.3,1.6,2.6,45.8,0.3,0.3,,11.4,,1.9,3.9,11.4,11.7,0.0,7.1,11.4,6.2,3.8,,,,
1172D,589.15,13,3,40,42,53.23,13.7,9.0,3.3,0.0,7.6,1.9,4.7,,0.9,,15.6,3.3,0.0,23.7,0.5,3.3,1.4,19.0,5.4,,,,
1172D,589.35,13,3,60,62,53.26,11.2,9.6,0.0,0.0,9.2,0.0,3.2,,0.8,,21.9,2.0,0.0,48.6,0.0,1.6,0.8,23.9,3.5,,,,
1172D,589.65,13,3,90,92,53.31,5.0,1.1,1.1,54.1,10.7,0.0,5.3,,3.9,,7.1,3.9,0.0,10.0,0.0,0.7,3.9,10.7,1.4,,,,
1172D,589.80,13,3,105,107,53.33,12.5,1.7,1.0,50.5,11.5,0.0,0.0,,10.1,,7.3,3.1,0.0,12.5,0.0,1.0,10.1,10.1,1.7,,,,
1172D,590.10,13,3,135,137,53.37,13.2,0.6,7.7,13.8,12.6,0.6,3.1,,11.4,,14.5,6.8,0.0,20.3,0.0,0.9,11.4,20.6,4.1,,,,
1172D,590.35,13,4,10,12,53.41,15.7,8.2,1.5,0.0,28.5,0.4,1.1,,3.0,,16.1,2.6,0.7,25.5,0.4,19.9,3.4,18.7,8.6,,,,
1172D,590.65,13,4,40,42,53.45,8.4,2.3,1.4,0.0,14.0,0.5,0.9,,3.7,,20.5,6.0,0.0,37.2,0.5,2.8,3.7,25.1,4.4,,,,
1172D,591.85,13,5,10,12,53.63,24.3,3.9,2.7,0.6,32.4,1.5,2.1,,7.2,,2.7,10.2,3.9,16.8,0.0,8.1,7.2,12.9,7.0,,,,
1172D,592.15,13,5,40,42,53.68,10.5,6.6,5.2,2.2,21.0,0.0,1.7,,2.6,,3.5,45.0,1.7,3.1,2.2,0.0,4.8,48.5,6.1,,,,
1172D,593.35,13,6,10,12,53.85,15.4,4.5,3.6,0.0,21.5,0.0,0.8,,5.3,,5.7,9.3,13.4,19.4,0.4,11.3,5.7,15.0,3.9,,,,
1172D,593.65,13,6,40,42,53.90,31.7,13.8,2.2,0.9,7.6,0.0,0.0,,11.6,,6.3,18.8,4.0,8.9,3.1,1.8,13.8,25.0,5.5,,,,
1172D,594.25,13,6,100,102,53.99,11.2,3.4,2.9,0.5,31.6,0.5,1.0,,3.4,,17.5,4.4,2.4,21.8,0.0,5.3,3.4,21.4,14.9,,,,
1172D,594.35,13,6,110,112,54.00,22.4,8.2,1.2,0.0,40.0,0.0,1.6,,4.3,,5.9,8.6,0.8,15.3,0.0,6.7,4.3,14.5,11.8,,,,
1172D,594.47,13,6,120,122,54.01,27.1,7.9,0.5,0.5,35.5,0.0,2.0,,8.4,,5.4,2.5,1.5,22.2,0.0,4.4,8.4,7.9,14.3,,,,
1172D,594.77,13,6,150,152,54.04,20.7,5.3,3.8,0.5,44.2,0.0,1.9,,4.8,,7.7,1.9,1.4,14.4,0.0,3.8,4.8,9.6,8.8,,,,
1172D,594.87,13,7,10,12,54.05,21.2,6.9,5.8,0.8,23.6,0.0,1.9,,6.2,,12.4,9.7,1.5,17.0,0.0,3.5,6.2,22.0,8.2,,,,
1172D,594.92,13,7,15,17,54.06,19.3,6.4,4.4,0.3,22.0,0.0,1.7,,5.4,,21.7,7.5,0.7,19.0,0.0,3.1,5.4,29.2,7.8,,,,
1172D,595.12,13,7,35,37,54.08,21.2,6.8,3.8,0.0,14.0,0.0,0.7,,6.2,,21.9,9.2,0.7,24.0,0.0,7.9,6.2,30.5,14.6,,,,
1172D,595.17,13,7,40,42,54.09,25.1,12.3,2.1,0.4,9.5,0.0,0.0,,6.6,,9.5,32.1,3.3,9.1,1.6,0.8,7.4,41.6,3.2,,,,
1172D,595.22,13,7,45,47,54.09,14.4,4.8,2.9,0.0,25.0,0.0,0.5,,1.9,,12.0,5.3,2.4,31.3,0.0,6.7,1.9,17.3,10.0,,,,
1172D,595.37,13,7,60,62,54.11,16.7,2.7,3.1,0.0,19.4,0.0,0.7,,2.0,,15.3,10.9,1.4,28.6,0.0,6.5,2.0,25.2,11.2,,,,
1172D,595.42,13,7,65,67,54.12,6.1,2.4,4.7,0.5,26.4,0.0,0.9,,1.4,,3.8,6.1,0.0,46.7,0.0,9.4,1.4,9.4,1.9,,,,
1172D,596.44,14,1,10,12,54.23,11.1,6.3,4.5,0.3,24.1,0.0,1.2,,1.2,,9.6,28.6,1.5,13.0,0.3,5.4,1.5,38.3,6.2,,,,
1172D,596.49,14,1,15,17,54.24,14.7,5.6,3.2,0.0,15.5,0.0,4.8,,1.2,,15.9,14.3,0.0,28.2,0.0,0.8,1.2,29.8,9.4,,,,
1172D,596.64,14,1,30,32,54.25,17.2,5.2,6.4,0.0,21.0,0.0,6.4,,1.5,,15.0,7.5,0.4,15.0,0.0,4.1,1.5,22.5,5.0,,,,
1172D,596.69,14,1,35,37,54.26,6.0,3.6,2.0,0.0,28.2,0.0,6.0,,0.4,,20.2,2.8,0.0,28.6,0.0,4.4,0.4,23.0,7.7,,,,
1172D,596.91,14,1,55,57,54.28,18.4,5.9,2.3,0.0,23.4,0.0,12.1,,0.8,,11.3,1.2,0.0,20.7,0.0,3.9,0.8,12.5,3.0,,,,
1172D,596.96,14,1,60,62,54.29,9.9,2.6,2.1,0.9,13.3,0.0,11.2,,1.3,,10.7,2.6,0.4,40.8,0.4,4.3,1.7,13.3,6.8,,,,
1172D,597.11,14,1,75,77,54.30,16.1,4.9,2.2,2.7,23.2,0.0,11.2,,2.2,,6.7,4.9,2.2,25.0,0.0,0.4,2.2,11.6,5.1,,,,
1172D,597.16,14,1,80,82,54.31,12.2,4.2,5.9,0.4,27.3,0.0,6.3,,0.8,,4.2,2.9,0.0,35.7,0.0,5.9,0.8,7.1,6.7,,,,
1172D,597.31,14,1,95,97,54.33,19.1,4.3,3.9,0.4,27.3,0.0,3.1,,1.6,,8.6,3.1,0.0,27.3,0.0,5.9,1.6,11.7,3.4,,,,
1172D,597.36,14,1,100,102,54.33,8.9,2.3,4.2,0.9,30.0,0.0,1.9,,3.3,,9.9,1.9,0.5,36.2,0.0,4.7,3.3,11.7,5.8,,,,
1172D,597.51,14,1,115,117,54.35,12.5,4.0,5.5,0.0,49.5,0.0,2.5,,1.0,,4.5,4.5,0.0,17.0,0.0,2.5,1.0,9.0,9.9,,,,
1172D,597.56,14,1,120,122,54.35,7.7,2.6,3.3,0.7,35.9,0.0,0.4,,1.8,,13.6,5.1,1.1,28.9,0.0,11.4,1.8,18.7,6.5,,,,
1172D,597.71,14,1,135,137,54.37,14.6,5.1,2.5,0.3,28.8,0.0,2.5,,1.6,,21.2,5.7,0.6,20.6,0.0,7.3,1.6,26.9,3.4,,,,
1172D,597.76,14,1,140,142,54.38,11.3,3.5,1.6,0.3,23.0,0.0,2.2,,3.1,,28.0,6.9,0.3,23.6,0.0,3.5,3.1,34.9,3.0,,,,
1172D,597.86,14,1,150,152,54.39,5.4,1.2,2.9,0.8,32.2,0.0,4.1,,0.4,,22.3,10.3,0.0,13.6,0.0,5.0,0.4,32.2,4.7,,,,
1172D,597.94,14,2,10,12,54.40,8.7,4.3,2.6,0.0,36.1,0.0,1.0,,0.8,,11.3,10.2,6.1,13.3,0.5,7.4,1.3,21.5,3.5,,,,
1172D,597.99,14,2,15,17,54.40,11.2,2.2,2.7,0.0,35.9,0.0,2.2,,2.2,,19.3,3.1,0.0,17.5,0.0,4.5,2.2,22.4,11.5,,,,
1172D,598.14,14,2,30,32,54.42,7.5,2.8,5.6,0.3,43.8,0.0,2.2,,1.9,,9.4,5.6,0.0,19.4,0.0,7.5,1.9,15.0,4.5,,,,
1172D,598.19,14,2,35,37,54.42,5.2,2.0,4.0,0.8,47.8,0.0,2.4,,1.2,,6.4,5.2,0.0,24.9,0.0,7.2,1.2,11.2,10.1,,,,
1172D,598.41,14,2,55,57,54.45,11.3,3.2,2.0,0.4,48.4,0.0,2.0,,0.0,,6.5,6.5,0.0,19.4,0.0,4.0,0.0,12.9,6.1,,,,
1172D,598.46,14,2,60,62,54.45,8.2,2.3,3.5,0.0,45.5,0.0,1.6,,0.0,,5.8,3.9,0.0,26.8,0.0,7.0,0.0,9.7,9.5,,,,
1172D,598.61,14,2,75,77,54.47,14.6,2.7,3.1,0.8,36.4,0.0,3.4,,1.5,,3.8,1.5,0.0,29.9,0.0,5.4,1.5,5.0,7.1,,,,
1172D,598.66,14,2,80,82,54.48,9.5,2.5,1.2,0.0,30.3,0.0,1.2,,0.4,,8.7,2.5,0.0,42.3,0.0,14.1,0.4,11.2,5.1,,,,
1172D,598.81,14,2,95,97,54.49,10.1,2.8,1.7,0.0,38.5,0.0,2.4,,0.3,,6.6,5.2,1.7,31.6,0.0,7.3,0.3,11.8,7.1,,,,
1172D,598.86,14,2,100,102,54.50,11.1,7.3,0.8,0.0,31.0,0.0,1.5,,0.0,,0.8,1.9,0.4,51.7,0.0,3.1,0.0,2.7,7.1,,,,
1172D,599.01,14,2,115,117,54.52,10.5,5.4,1.4,0.0,23.1,0.0,1.8,,0.4,,1.1,6.9,0.0,51.6,0.0,3.2,0.4,7.6,11.5,,,,
1172D,599.06,14,2,120,122,54.52,8.7,6.3,0.0,0.0,29.5,0.0,2.4,,0.5,,3.4,4.8,0.0,47.8,0.0,3.4,0.5,8.2,13.4,,,,
1172D,599.21,14,2,135,137,54.54,9.0,5.4,1.8,0.0,23.5,0.0,0.4,,0.7,,0.7,3.6,0.0,56.0,0.0,2.5,0.7,4.3,8.0,,,,
1172D,599.26,14,2,140,142,54.54,10.3,5.7,0.8,0.0,24.0,0.0,0.8,,0.4,,0.8,2.7,0.0,58.9,0.0,6.1,0.4,3.4,4.7,,,,
1172D,599.44,14,3,10,12,54.56,5.9,2.0,1.5,0.0,34.2,0.0,0.5,,0.5,,8.4,6.4,6.4,33.2,0.0,7.4,0.5,14.9,5.2,,,,
1172D,599.74,14,3,40,42,54.60,43.7,35.5,0.0,0.0,11.2,0.0,0.0,,1.5,,1.5,9.1,1.0,27.4,0.0,0.5,1.5,10.7,6.6,,,,
1172D,600.96,14,4,10,12,54.73,14.3,10.9,1.2,0.0,30.1,0.0,0.6,,0.3,,13.7,3.7,0.3,31.4,0.0,4.3,0.3,17.4,9.0,,,,
1172D,601.26,14,4,40,42,54.77,25.4,17.7,3.4,0.0,16.8,0.0,0.0,,0.9,,3.0,22.8,0.4,21.1,0.9,0.0,1.7,25.9,2.5,,,,
1172D,602.60,14,5,10,12,54.92,9.9,7.9,3.6,0.4,52.6,0.0,0.4,,0.0,,7.9,7.9,0.4,11.9,0.0,1.6,0.0,15.8,2.7,,,,
1172D,602.90,14,5,40,42,54.95,13.0,7.7,3.8,0.0,30.3,0.0,0.0,,0.5,,5.8,17.8,0.5,18.8,0.0,0.0,0.5,23.6,1.4,,,,
1172D,603.70,14,5,120,122,55.04,9.2,5.1,1.4,0.0,32.5,0.0,0.0,,0.0,,0.3,9.8,0.3,44.2,0.0,0.0,0.0,10.0,0.8,,,,
1172D,604.14,14,6,10,12,55.09,7.4,4.5,5.4,0.0,49.2,0.4,0.0,,0.0,,7.0,6.6,0.0,19.0,0.0,3.7,0.0,13.6,16.0,,,,
1172D,604.44,14,6,40,42,55.12,6.1,5.5,0.3,0.0,51.4,0.0,0.0,,0.0,,2.3,8.0,0.0,25.4,0.6,1.0,0.6,10.3,15.0,,,,
1172D,604.89,14,6,85,87,55.17,10.9,7.7,0.3,0.0,41.0,0.0,0.0,,0.3,,0.3,6.1,0.3,29.8,0.6,0.3,1.0,6.4,3.4,,,,
1172D,605.60,15,1,10,12,55.25,2.8,1.7,2.8,0.0,13.6,0.0,0.0,,0.0,,1.4,47.9,0.3,23.5,0.6,1.9,0.0,46.0,1.9,,,,
1172D,605.90,15,1,40,42,55.28,5.0,3.9,4.3,0.0,21.4,0.0,0.0,,0.0,,1.4,47.1,0.0,17.5,1.1,0.4,0.0,48.6,5.7,,,,
1172D,607.10,15,2,10,12,55.42,7.6,2.5,3.0,0.0,45.5,0.0,0.0,,0.5,,2.5,4.0,2.5,28.3,0.5,9.6,0.5,6.1,11.6,,,,
1172D,607.40,15,2,40,42,55.45,7.9,6.7,9.1,0.4,32.3,0.0,0.0,,0.0,,0.8,28.0,0.4,16.1,2.4,2.0,0.0,28.7,6.3,,,,
1172D,608.60,15,3,10,12,55.58,9.3,4.0,0.7,0.0,41.2,0.0,0.0,,0.3,,4.3,3.3,3.3,32.2,0.0,6.0,0.3,7.3,8.2,,,,
1172D,608.90,15,3,40,42,55.62,10.8,10.4,2.8,0.0,22.4,0.0,0.4,,0.0,,2.4,28.8,0.0,26.4,0.0,0.8,0.0,31.2,1.6,,,,
1172D,609.30,15,3,80,82,55.66,7.7,4.0,2.5,0.0,19.6,0.0,0.0,,1.2,,0.0,3.1,2.1,50.3,0.0,11.3,1.2,3.1,2.4,,,,
1172D,610.01,15,4,0,2,55.74,4.5,1.7,0.0,0.0,36.7,0.0,0.0,,0.3,,0.0,3.1,1.4,47.9,0.0,1.0,0.3,1.4,4.3,,,,
1172D,610.21,15,4,20,22,55.76,4.8,2.4,1.0,0.0,37.1,0.0,0.0,,0.3,,0.7,2.0,0.3,43.5,0.0,0.3,0.3,1.4,2.6,,,,
1172D,610.41,15,4,40,41,55.79,3.3,2.1,0.3,0.0,53.0,0.0,0.3,,0.3,,0.3,2.7,2.1,31.8,0.0,0.6,0.3,0.6,1.5,,,,
1172D,610.61,15,4,60,61,55.81,6.6,1.5,0.6,0.0,10.2,0.0,0.0,,3.3,,0.0,5.4,2.4,71.9,0.0,0.6,3.6,1.2,3.2,,,,
1172D,610.71,15,4,69,70,55.82,7.6,0.3,0.3,0.0,5.1,0.0,0.3,,5.1,,0.0,9.6,2.0,71.5,0.3,0.0,5.4,0.6,5.6,,,,
1172D,610.82,15,4,80,82,55.83,4.1,2.3,2.3,0.0,9.1,0.0,0.5,,0.5,,0.2,13.2,1.6,51.6,0.2,0.5,0.7,4.8,1.8,,,,
1172D,610.90,15,4,89,91,55.85,2.9,1.1,1.1,0.0,4.0,0.3,0.0,,0.6,,0.9,13.2,0.9,67.0,0.3,0.0,0.9,5.2,3.9,,,,
1172D,611.00,15,4,99,100,55.86,4.8,1.1,2.1,0.0,7.6,0.0,0.2,,1.3,,0.2,9.5,1.9,68.4,0.2,0.4,1.5,7.2,2.3,,,,
1172D,611.12,15,4,110,112,55.88,5.9,2.2,6.4,0.0,9.3,0.0,0.0,,0.7,,0.0,4.9,1.5,67.7,0.0,0.2,0.7,1.7,1.9,,,,
1172D,611.20,15,4,119,120,55.90,5.1,0.3,2.7,0.0,16.9,0.0,0.0,,1.7,,0.0,5.1,0.0,65.9,0.0,0.3,1.7,2.7,8.1,,,,
1172D,611.32,15,4,131,132,55.92,18.5,4.6,3.1,0.8,8.9,0.0,0.0,,8.5,,0.0,6.9,0.8,55.2,0.0,0.4,8.9,5.0,10.7,,,,
1172D,611.36,15,4,135,136,55.93,46.4,10.4,2.1,1.4,6.1,0.0,0.4,,31.4,,0.0,3.6,1.4,36.1,0.0,0.4,32.9,3.2,16.7,,,,
1172D,611.47,15,4,146,147,55.94,44.2,17.6,2.6,0.0,3.4,0.0,4.9,,21.3,,0.0,2.6,0.4,27.3,0.7,1.5,33.3,0.7,33.1,,,,
1172D,611.52,15,5,0,2,55.95,39.6,10.9,3.0,3.0,0.8,0.0,10.2,,24.9,,0.4,0.0,0.8,32.8,0.4,0.8,33.6,0.4,13.1,,,,
1172D,611.56,15,5,5,7,55.96,36.7,11.0,2.8,7.8,1.4,0.0,6.4,,21.6,,0.4,0.4,0.4,34.6,0.4,1.8,28.6,0.4,12.7,,,,
1172D,611.64,15,5,13,15,55.97,44.6,10.2,1.0,2.0,3.9,0.0,3.9,,30.2,,0.0,0.3,0.7,22.0,17.0,0.7,51.5,0.0,15.3,,,,
1172D,611.70,15,5,19,21,55.98,52.2,12.0,4.0,1.6,13.1,0.4,2.0,,29.1,,0.0,0.0,0.0,10.8,10.0,0.4,42.6,0.0,25.7,,,,
1172D,611.74,15,5,23,25,55.99,49.6,9.6,1.8,1.4,3.2,0.0,1.8,,32.1,,0.0,0.7,0.4,17.1,12.5,1.1,55.4,0.7,20.5,,,,
1172D,611.78,15,5,27,28,56.00,37.4,8.1,3.0,3.4,6.8,0.0,12.8,,23.4,,0.0,1.3,0.0,17.9,6.4,0.9,34.5,1.3,8.9,,,,
1172D,611.80,15,5,29,30,56.00,30.2,8.7,7.9,2.1,4.1,0.0,7.9,,14.0,,0.0,1.2,0.8,20.7,16.9,1.2,35.1,0.4,13.3,,,,
1172D,611.82,15,5,31,32,56.00,26.4,6.5,2.7,8.8,8.4,0.0,18.8,,10.7,,0.0,0.8,0.4,21.8,0.4,2.3,13.8,0.8,17.1,,,,
1172D,611.84,15,5,33,34,56.01,45.3,6.4,2.2,8.6,1.9,0.0,13.9,,32.2,,0.0,0.4,0.4,21.3,0.4,1.9,34.5,0.0,18.6,,,,
1172D,611.86,15,5,35,37,56.01,33.9,7.2,9.3,3.4,1.7,0.4,17.4,,19.9,,0.0,0.4,0.8,21.6,3.0,0.4,24.2,0.0,11.3,,,,
1172D,611.89,15,5,38,39,56.02,16.2,6.6,15.5,0.4,1.8,0.0,0.0,,2.2,,0.0,7.7,1.8,41.7,0.0,1.1,2.6,2.2,26.0,,,,
1172D,611.91,15,5,40,41,56.02,23.3,6.1,2.0,1.2,2.9,0.4,4.1,,4.9,,0.0,8.2,1.6,37.6,4.1,1.6,9.4,4.9,22.5,,,,
1172D,611.93,15,5,42,43,56.02,15.4,4.7,13.8,0.0,0.4,0.4,0.4,,2.0,,0.0,3.2,0.0,49.8,0.0,1.2,3.2,2.0,20.2,,,,
1172D,611.95,15,5,44,45,56.03,18.9,7.8,6.9,0.9,0.0,0.0,1.4,,6.5,,0.0,2.8,0.0,41.0,0.5,1.8,7.8,2.8,17.2,,,,
1172D,611.97,15,5,46,47,56.03,27.7,9.5,7.4,1.3,0.4,0.0,0.0,,9.5,,0.0,2.6,2.2,36.4,0.0,1.7,9.5,1.7,17.5,,,,
1172D,611.99,15,5,48,49,56.03,26.8,9.2,4.8,0.0,2.6,0.0,1.8,,12.3,,0.0,2.6,0.0,41.2,0.0,0.9,12.3,1.8,18.3,,,,
1172D,612.01,15,5,50,51,56.04,36.3,6.4,1.7,3.0,6.0,0.0,1.7,,21.8,,0.0,5.1,0.9,35.0,0.4,0.9,23.1,3.8,15.5,,,,
1172D,612.03,15,5,52,53,56.04,22.9,7.8,7.5,1.4,2.7,0.0,0.7,,10.2,,0.0,1.7,1.4,48.5,0.3,1.0,10.9,0.3,22.5,,,,
1172D,612.06,15,5,55,56,56.05,35.5,6.8,1.8,1.8,3.2,0.0,2.3,,24.1,,0.5,5.5,0.5,38.6,0.0,0.9,24.1,3.2,13.0,,,,
1172D,612.10,15,5,59,60,56.05,33.3,5.7,2.9,9.3,1.4,0.0,1.1,,21.1,,0.0,12.9,0.4,33.3,0.0,2.2,21.5,2.9,11.4,,,,
1172D,612.20,15,5,69,70,56.07,30.0,5.9,3.3,5.2,1.5,0.0,1.1,,20.4,,0.0,3.7,0.4,43.3,0.0,0.7,20.4,0.7,12.9,,,,
1172D,612.30,15,5,79,80,56.09,49.8,3.1,1.7,0.7,2.4,0.0,1.0,,43.6,,0.3,1.7,0.0,32.2,0.0,0.7,43.6,0.7,8.3,,,,
1172D,612.36,15,5,85,86,56.10,43.3,2.9,1.1,0.0,1.8,0.0,0.4,,38.5,,0.0,2.5,0.0,41.5,0.0,1.1,38.5,1.1,9.2,,,,
1172D,612.41,15,5,90,91,56.11,55.5,1.8,1.4,0.5,0.5,0.0,0.0,,47.3,,0.0,2.3,0.0,33.6,0.5,0.5,47.7,0.5,6.0,,,,
1172D,612.45,15,5,94,96,56.12,62.3,2.9,0.6,0.3,1.9,0.0,0.3,,57.7,,0.0,1.0,0.0,27.7,0.0,0.3,57.7,0.3,7.2,,,,
1172D,612.50,15,5,99,100,56.12,67.9,0.9,0.9,0.0,1.4,0.0,1.8,,63.8,,0.0,0.5,0.0,21.6,0.5,0.5,64.2,0.5,6.0,,,,
1172D,612.55,15,5,104,106,56.13,54.3,0.8,2.1,0.0,3.7,0.0,4.1,,53.1,,0.0,1.6,1.6,24.3,0.4,0.0,53.5,1.2,6.2,,,,
1172D,612.61,15,5,110,111,56.14,48.8,2.8,0.8,0.0,1.6,0.0,3.6,,41.9,,0.0,1.6,0.0,32.7,0.4,0.8,42.3,1.2,10.5,,,,
1172D,612.65,15,5,114,115,56.15,32.5,4.2,0.5,0.0,0.5,0.0,4.2,,25.9,,0.0,1.4,0.0,51.9,0.0,0.5,25.9,0.0,9.0,,,,
1172D,612.71,15,5,120,121,56.16,9.4,3.8,0.9,0.4,3.4,0.0,3.0,,2.1,,0.0,4.3,0.9,64.3,0.0,0.9,2.1,1.7,13.9,,,,
1172D,612.75,15,5,124,126,56.17,11.4,6.8,1.3,0.0,5.5,0.0,5.5,,0.4,,1.3,2.1,0.4,54.7,0.0,1.3,0.4,1.7,15.1,,,,
1172D,612.81,15,5,130,131,56.18,10.6,4.0,1.5,0.0,6.6,0.0,8.4,,1.5,,0.0,5.1,0.0,36.5,0.4,0.4,1.8,0.0,16.0,,,,
1172D,612.85,15,5,134,136,56.19,11.5,8.4,1.8,1.3,4.0,0.0,16.3,,0.4,,0.0,6.2,0.4,36.1,0.0,2.2,0.4,1.8,20.1,,,,
1172D,612.90,15,5,139,141,56.20,6.6,4.4,0.0,0.0,2.6,0.0,16.7,,0.0,,0.9,5.7,0.0,45.2,0.0,2.2,0.4,0.9,19.1,,,,
1172D,612.99,15,5,148,149,56.21,10.2,6.9,0.9,0.0,4.6,0.0,12.0,,0.0,,1.9,3.7,0.5,45.8,0.0,0.9,0.0,1.9,11.1,,,,
1172D,613.11,15,6,10,12,56.23,3.7,1.5,0.7,0.0,2.6,0.0,0.4,,0.0,,0.0,1.8,0.7,76.5,0.0,0.4,0.0,0.0,6.2,,,,
1172D,613.21,15,6,20,22,56.25,8.9,3.6,2.4,0.0,7.3,0.0,0.8,,0.0,,0.8,5.2,0.0,59.7,0.4,0.4,0.4,1.6,8.1,,,,
1172D,613.31,15,6,30,32,56.27,10.0,2.5,0.0,0.0,0.8,0.0,0.0,,0.0,,0.8,2.5,0.0,76.6,0.0,0.0,0.4,0.4,4.8,,,,
1172D,613.51,15,6,50,52,56.30,10.0,6.1,0.4,0.0,3.1,0.0,0.4,,0.0,,0.0,2.2,0.0,77.3,0.0,0.4,0.0,0.0,13.9,,,,
1172D,613.71,15,6,70,72,56.34,5.9,3.9,0.8,0.0,2.7,0.0,0.0,,0.0,,0.0,2.4,0.0,83.1,0.4,0.0,0.4,0.0,4.9,,,,
1172D,613.91,15,6,90,92,56.37,6.1,3.3,0.5,0.0,1.9,0.0,0.0,,0.0,,0.0,1.4,0.0,80.4,0.0,0.0,0.0,0.0,13.7,,,,
1172D,614.11,15,6,110,112,56.41,7.3,4.3,0.0,0.0,1.3,0.0,0.0,,0.0,,1.7,8.5,0.0,62.8,0.0,1.7,0.0,3.0,19.3,,,,
1172D,614.31,15,6,130,132,56.45,1.7,1.7,0.0,0.0,1.4,0.0,0.3,,0.0,,0.3,6.3,0.0,84.6,0.0,0.0,0.0,3.8,5.6,,,,
1172D,614.50,15,6,150,152,56.48,3.2,2.1,0.7,0.0,2.1,0.0,0.0,,0.0,,0.7,8.2,0.0,72.6,0.0,0.7,0.0,4.3,5.1,,,,
1172D,614.61,15,7,10,12,56.50,3.8,2.3,0.6,0.0,0.3,0.0,0.3,,0.0,,0.3,6.4,0.0,82.5,0.0,0.3,0.0,4.1,6.0,,,,
1172D,614.81,15,7,30,32,56.53,2.1,1.7,0.0,0.0,0.0,0.0,0.0,,0.0,,0.0,5.0,0.0,90.4,0.0,0.4,0.0,4.2,2.4,,,,
1172D,615.00,15,7,49,51,56.57,1.5,0.9,0.3,0.0,1.2,0.0,0.0,,0.0,,0.3,7.8,0.0,86.8,0.0,0.0,0.0,0.3,0.6,,,,
1172D,615.47,16R,1W,10,12,56.65,21.2,20.2,3.9,0.0,11.8,1.5,11.8,,0.0,,0.5,2.5,0.0,37.9,0.5,2.0,1.5,0.5,33.0,,,,
1172D,615.57,16,1,20,22,56.67,5.2,2.6,4.8,0.0,10.9,0.0,4.8,,1.3,,3.9,0.4,0.0,62.4,0.4,0.9,1.3,4.4,16.1,,,,
1172D,615.87,16R,1W,50,52,56.72,13.7,11.7,0.5,0.0,4.9,1.5,27.3,,0.5,,0.0,1.0,0.0,26.8,0.5,0.0,2.0,0.0,26.3,,,,
1172D,616.37,16,1,100,102,56.81,21.7,19.6,0.0,0.0,1.1,1.1,3.7,,0.5,,0.0,5.3,0.0,48.7,0.0,1.1,0.5,0.0,15.2,,,,
1172D,616.57,16,1,120,122,56.85,17.1,12.0,1.4,0.0,12.0,0.0,0.5,,0.5,,3.2,1.4,0.0,56.2,0.9,0.9,0.9,4.6,7.3,,,,
1172D,616.75,16R,1W,138,140,56.88,23.6,17.6,2.8,0.0,1.9,1.9,0.9,,0.0,,0.0,2.8,0.0,44.4,0.0,0.0,1.9,0.0,24.2,,,,
1172D,617.57,16,2,70,72,57.02,13.4,12.1,4.9,0.0,25.1,0.0,0.4,,0.0,,2.0,0.4,0.0,45.7,0.4,0.8,0.0,2.4,8.5,,,,
1172D,617.87,16,2,100,102,57.08,18.0,9.6,0.6,0.0,0.0,4.2,0.0,,0.0,,0.0,2.4,1.2,62.3,0.6,0.0,0.6,1.2,4.6,,,,
1172D,618.27,16R,2W,140,142,57.14,24.7,22.0,0.4,0.0,5.7,1.8,0.0,,0.0,,0.9,3.1,0.0,45.4,0.0,0.0,0.0,0.9,13.7,,,,
1172D,618.57,16,3,20,22,57.19,4.6,3.4,2.9,0.0,15.1,0.0,0.0,,0.0,,2.5,0.4,0.0,66.0,0.4,2.5,0.4,2.5,8.1,,,,
1172D,618.86,16R,3W,49,51,57.24,32.5,23.0,1.0,0.0,3.5,4.0,0.0,,0.0,,0.0,1.0,0.0,45.5,0.0,1.0,0.5,0.0,7.0,,,,
1172D,619.57,16,3,120,122,57.35,15.9,11.7,0.8,0.0,22.6,0.4,0.0,,0.4,,4.2,2.1,0.4,47.3,0.0,5.4,0.4,5.9,9.8,,,,
1172D,619.97,16R,4W,10,12,57.42,12.5,10.0,0.5,0.0,0.5,12.5,0.5,,0.0,,0.5,0.5,0.0,61.5,0.5,0.0,0.0,0.5,14.2,,,,
1172D,620.35,16R,4W,48,50,57.48,20.6,12.3,2.9,0.0,0.5,1.0,0.0,,0.0,,0.5,0.0,0.0,55.4,0.0,5.4,0.0,0.5,24.4,,,,
1172D,620.57,16,4,70,72,57.51,9.1,4.3,1.0,0.0,23.1,0.0,1.0,,1.9,,0.5,0.0,0.0,56.3,1.4,1.9,2.4,0.5,8.4,,,,
1172D,620.84,16R,4W,97,99,57.55,21.9,13.8,2.6,0.0,0.0,0.5,1.5,,0.0,,0.5,0.5,0.0,56.1,0.0,3.6,3.1,0.5,22.5,,,,
1172D,621.57,16,5,20,22,57.69,13.2,8.5,0.9,0.0,24.7,0.4,1.3,,0.4,,1.3,0.0,0.0,53.6,0.0,1.7,0.4,1.3,8.6,,,,
1172D,625.07,17R,1W,10,12,58.96,17.3,13.3,0.0,0.0,0.4,1.3,1.3,,0.0,,0.0,0.0,0.0,71.2,0.0,0.4,0.4,0.0,12.4,,,,
1172D,625.17,17,1,20,22,58.96,11.5,7.1,3.6,0.4,15.8,0.4,4.0,,0.4,,6.7,13.4,0.0,33.6,0.0,0.4,0.4,18.2,4.9,,,,
1172D,625.77,17,1,80,82,58.98,0.9,0.0,0.9,0.0,4.2,0.5,0.0,,,,12.7,1.4,0.0,75.0,1.4,0.9,0.0,13.7,6.2,,,,
1172D,626.17,17,1,120,122,58.99,3.0,2.5,0.0,0.0,7.9,0.0,0.0,,,,8.9,1.0,0.0,76.7,0.0,0.5,0.0,9.4,2.9,,,,
1172D,626.38,17R,1W,141,143,59.00,2.1,1.6,0.0,0.0,1.0,1.6,0.0,,,,1.0,1.0,72.9,20.3,0.0,0.0,0.0,1.0,20.7,,,,
1172D,627.17,17,2,70,72,59.02,2.9,1.9,1.0,0.0,4.9,0.0,1.0,,,,22.8,0.5,0.0,61.7,0.5,1.9,0.0,23.3,12.7,,,,
1172D,627.43,17R,2W,96,98,59.03,2.9,2.0,0.5,0.0,0.0,0.0,0.0,,,,0.0,0.0,56.4,39.2,0.5,0.0,0.5,0.0,4.7,,,,
1172D,628.07,17R,3W,10,12,59.05,3.4,2.9,0.5,0.0,0.5,0.5,0.0,,,,0.0,2.4,9.8,80.5,0.0,1.0,0.0,0.0,14.9,,,,
1172D,628.17,17,3,20,22,59.05,3.0,1.3,0.9,0.0,9.6,0.0,0.0,,,,11.3,0.4,0.0,65.7,0.0,2.2,0.0,11.7,6.1,,,,
1172D,628.99,17R,3W,102,104,59.07,5.6,0.4,0.9,0.0,2.2,4.3,0.0,,,,0.0,1.3,0.0,81.4,0.0,0.4,0.0,0.0,24.0,,,,
1172D,629.17,17,3,120,122,59.08,5.0,1.0,0.5,0.0,12.4,2.0,0.5,,,,10.9,0.5,0.0,57.2,0.0,2.5,0.0,11.4,6.1,,,,
1172D,630.17,17,4,70,72,59.11,3.4,0.0,0.5,0.0,9.2,0.0,0.0,,,,6.8,1.0,0.0,69.1,0.0,1.4,0.0,6.8,6.3,,,,
1172D,630.45,17R,4W,98,100,59.12,3.3,1.4,0.0,0.0,0.9,3.7,0.0,,,,0.9,0.9,0.0,86.0,0.0,0.5,0.0,0.5,11.5,,,,
1172D,630.87,17R,4W,140,142,59.13,2.8,2.8,0.5,0.0,0.0,0.9,0.0,,,,1.4,0.9,0.0,87.6,0.0,0.0,0.0,1.4,6.4,,,,
1172D,631.07,17R,5W,10,12,59.13,1.9,1.9,0.5,0.0,0.0,0.0,0.0,,,,0.9,0.5,0.0,84.0,0.0,0.5,0.0,0.9,14.2,,,,
1172D,631.17,17,5,20,22,59.14,4.2,1.4,0.9,0.0,8.5,0.0,0.0,,,,11.3,1.4,0.0,67.6,0.5,0.0,0.0,12.2,7.4,,,,
1172D,632.17,17,5,120,122,59.16,5.1,3.3,1.1,0.0,6.2,0.0,0.4,,,,2.6,0.7,0.0,60.1,0.4,2.6,0.0,3.3,1.4,,,,
1172D,632.34,17R,5W,137,139,59.17,5.6,4.2,0.9,0.0,0.0,4.7,0.0,,,,11.7,0.5,0.0,65.0,0.0,0.5,0.0,11.7,3.6,,,,
1172D,632.57,17R,6W,10,12,59.18,2.1,0.9,1.3,0.0,0.4,0.4,0.9,,,,5.2,0.0,0.0,57.9,0.0,0.4,0.0,5.2,6.0,,,,
1172D,633.17,17,6,70,72,59.19,2.9,0.8,0.8,0.0,6.3,0.8,0.0,,,,13.9,0.4,0.0,52.5,0.0,0.8,0.0,13.9,5.6,,,,
1172D,633.47,17R,6W,100,102,59.20,3.7,2.8,1.4,0.0,0.0,3.7,0.0,,,,2.3,0.5,0.0,85.8,0.0,0.5,0.0,2.3,6.0,,,,
1172D,634.06,17R,7W,10,12,59.22,1.4,0.0,0.0,0.0,0.0,3.4,0.0,,,,0.0,0.7,0.0,93.8,0.0,0.0,0.0,0.0,21.1,,,,
1172D,634.57,17R,7W,61,63,59.23,1.4,0.0,0.5,0.0,0.0,1.0,0.0,,,,1.0,0.5,0.0,94.3,0.0,0.0,0.0,1.0,8.7,,,,
1172D,634.66,18R,1W,10,12,59.24,1.9,0.9,0.9,0.0,1.4,0.9,0.0,,,,1.9,0.5,0.0,88.3,0.0,0.9,0.0,1.9,17.4,,,,
1172D,634.98,18,1,40,42,59.25,7.3,6.8,0.5,0.0,10.9,0.5,0.0,,,0.5,26.4,6.8,0.0,46.4,0.0,0.5,0.0,26.4,19.4,,,,
1172D,635.71,18R,1W,113,115,59.29,10.5,8.6,1.0,0.0,0.5,1.4,0.5,,,0.5,9.6,0.5,0.0,74.2,0.0,1.4,0.0,9.6,9.1,,,,
1172D,636.16,18R,2W,10,12,59.31,1.4,0.0,0.0,0.0,0.0,2.8,0.0,,,0.5,9.5,2.4,0.0,79.6,0.5,1.4,0.5,6.2,18.5,,,,
1172D,636.45,18,2,40,42,59.33,5.9,2.9,1.5,0.0,12.2,0.5,0.0,,,1.0,12.7,4.4,0.0,59.0,0.0,0.0,0.0,12.7,18.0,,,,
1172D,637.45,18R,2W,140,142,59.38,4.8,3.9,0.9,0.0,2.6,3.1,0.0,,,0.9,0.0,0.9,0.0,85.5,0.0,1.3,0.0,0.0,7.3,,,,
1172D,638.55,18R,3W,99,101,59.44,8.6,7.2,0.0,0.0,4.1,9.0,0.0,,,0.0,0.9,3.6,0.0,70.6,0.0,0.5,0.9,0.9,12.0,,,,
1172D,639.47,18,4,40,42,59.49,2.8,1.2,2.0,0.0,14.6,2.8,0.0,,,0.4,0.0,2.8,0.0,70.9,0.0,0.0,0.0,0.0,4.2,,,,
1172D,640.07,18R,4W,100,102,59.52,7.6,4.6,0.4,0.0,1.3,0.0,0.4,,,0.0,8.4,0.4,1.7,75.9,0.0,0.0,0.4,8.4,14.1,,,,
1172D,640.63,18R,5W,7,9,59.55,5.1,2.8,2.8,0.0,1.4,8.4,0.0,,,0.0,4.2,5.6,2.3,68.2,0.0,0.5,0.0,4.2,20.1,,,,
1172D,641.02,18,5,40,42,59.58,7.6,3.6,5.2,0.0,7.6,5.2,0.0,,,0.0,1.6,1.6,0.0,69.1,0.0,0.0,0.0,1.6,10.1,,,,
1172D,641.52,18R,5W,90,92,59.60,10.5,5.9,2.7,0.0,0.5,8.7,0.5,,,0.0,10.5,2.3,0.0,63.5,0.0,0.0,0.0,10.5,15.4,,,,
1172D,641.63,18R,6W,7,9,59.61,13.5,2.6,4.8,0.0,2.2,4.4,1.7,,,0.0,1.7,5.2,0.0,64.2,0.4,0.9,0.4,1.7,23.4,,,,
1172D,641.97,18,6,40,42,59.63,4.3,2.7,3.9,0.0,6.6,2.0,0.0,,,0.0,1.2,0.8,0.0,80.1,0.0,0.0,0.0,1.2,5.5,,,,
1172D,644.58,19,1,40,42,59.77,10.3,5.4,4.0,0.0,12.1,3.1,0.4,,,0.0,2.2,1.3,0.0,63.8,0.4,0.4,0.4,2.2,8.6,,,,
1172D,645.86,19R,2W,20,22,59.84,30.9,17.0,0.5,0.0,3.1,1.5,0.0,,,0.0,0.0,6.7,0.0,48.5,1.5,1.5,1.5,0.0,19.8,,,,
1172D,647.36,19R,3W,20,22,59.92,37.7,8.4,4.7,0.0,5.8,3.1,0.5,,,0.0,0.5,5.2,0.0,39.3,3.1,1.0,3.1,0.5,16.6,,,,
1172D,647.57,19,3,40,42,59.93,10.7,5.4,2.0,0.0,20.5,1.0,0.0,,,0.0,0.0,1.5,0.0,60.5,0.0,0.5,0.0,0.0,3.3,,,,
1172D,654.18,20,1,40,42,60.29,7.5,5.8,3.3,0.0,50.8,5.0,4.2,,,0.0,2.5,13.3,0.8,5.8,0.0,0.0,0.0,2.5,17.2,,,,
1172D,655.16,20R,2W,10,12,60.34,4.7,2.6,0.0,0.0,7.9,4.7,1.1,,,0.0,4.7,3.7,0.0,67.4,0.0,3.2,0.5,4.7,17.4,,,,
1172D,655.67,20,2,40,42,60.37,5.2,4.4,1.1,0.0,38.1,5.6,1.5,,,0.0,0.7,4.4,0.0,41.9,0.0,0.4,0.0,0.7,17.4,,,,
1172D,656.66,20R,3W,10,12,60.42,21.5,11.0,0.0,0.0,4.8,7.7,1.0,,,0.0,1.4,1.4,0.0,61.7,0.0,0.0,0.5,1.4,21.4,,,,
1172D,657.38,20,3,40,42,60.46,5.9,4.2,2.1,0.0,40.2,2.9,1.3,,,0.0,0.0,8.4,0.0,36.8,0.0,0.4,0.0,0.0,0.0,,,,
1172D,658.16,20R,4W,10,12,60.50,17.2,5.9,0.0,0.0,5.4,3.9,1.0,,,0.0,0.5,1.5,0.0,71.6,0.0,1.0,0.0,0.5,18.7,,,,
1172D,658.67,20,4,40,42,60.53,5.9,3.4,4.4,0.0,43.1,4.9,0.5,,,0.0,1.0,2.0,0.0,35.3,0.0,0.0,0.0,1.0,7.3,,,,
1172D,659.66,20R,5W,10,12,60.58,17.2,11.8,0.0,0.0,8.3,8.8,2.5,,,0.0,1.0,7.4,0.0,55.9,0.0,1.0,0.0,1.0,14.6,,,,
1172D,660.18,20,5,40,42,60.61,3.2,2.4,1.2,0.0,17.5,5.6,0.0,,,0.0,0.0,4.0,0.4,67.9,0.0,0.0,0.0,0.0,5.6,,,,
1172D,660.69,20R,6W,10,12,60.64,8.4,5.6,0.0,0.0,13.5,5.6,0.0,,,0.0,0.0,4.7,3.3,67.9,0.0,0.5,0.0,0.0,24.5,,,,
1172D,661.68,20,6,40,42,60.69,2.7,2.2,1.8,0.0,37.6,7.1,1.8,,,0.0,1.3,2.7,0.0,41.2,0.4,0.4,0.4,1.3,12.1,,,,
1172D,662.46,20R,7W,10,12,60.73,10.2,3.7,0.0,0.0,6.5,1.4,0.5,,,0.0,0.0,7.9,0.0,68.1,0.0,2.3,0.0,0.0,18.5,,,,
1172D,663.18,20,7,40,42,60.77,5.7,1.4,1.9,0.0,32.1,2.8,0.5,,,0.0,0.9,2.8,0.0,48.6,0.0,0.5,0.0,0.5,5.8,,,,
1172D,663.46,21R,1W,10,12,60.79,8.5,2.8,0.0,0.0,8.5,8.5,0.0,,,0.0,0.0,5.7,0.0,70.8,0.0,0.9,0.0,0.0,19.4,,,,
1172D,663.78,21,1,40,42,60.80,11.1,6.3,2.4,0.0,21.3,5.8,3.9,,,0.0,1.0,15.0,1.0,38.2,0.0,0.0,0.0,1.0,13.8,,,,
1172D,664.96,21R,2W,10,12,60.87,4.6,3.2,0.0,0.0,2.8,3.2,1.4,,,0.0,0.0,30.6,,55.6,0.0,0.9,0.0,0.0,23.4,,,,
1172D,665.27,21,2,40,42,60.88,6.0,6.0,1.7,0.0,19.6,3.8,1.3,,,0.0,0.9,12.8,,51.9,0.0,0.4,0.0,0.9,7.5,,,,
1172D,666.46,21R,3W,10,12,60.95,5.3,4.7,0.0,0.0,5.3,5.8,1.6,,,0.0,1.1,11.6,,67.4,0.0,0.5,0.0,1.1,28.6,,,,
1172D,666.78,21,3,40,42,60.97,6.1,2.8,0.5,0.0,21.0,3.3,0.0,,,0.0,0.5,8.4,,53.7,0.0,0.0,0.0,0.5,8.2,,,,
1172D,668.03,21,4,15,17,61.03,9.5,6.8,0.0,0.0,20.0,1.8,2.3,,,0.0,0.5,2.7,,57.3,0.0,0.0,0.0,0.5,9.1,,,,
1172D,668.27,21,4,40,42,61.05,11.3,4.7,0.5,0.0,21.2,3.3,1.4,,,0.0,1.9,5.2,,48.6,0.5,0.5,0.0,0.0,12.4,,,,
1172D,669.46,21R,5W,10,12,61.11,3.3,2.7,0.5,0.0,1.1,1.1,2.7,,,0.0,0.0,3.8,,72.0,0.0,0.0,0.0,0.0,11.7,,,,
1172D,669.77,21,5,40,42,61.13,9.7,4.0,0.0,0.0,14.6,3.1,27.9,,,0.0,0.4,1.3,,33.2,0.0,0.4,0.0,0.0,2.6,,,,
1172D,673.36,22,1,38,40,61.32,1.7,0.6,0.0,0.0,2.9,1.4,78.7,,,0.0,0.3,0.3,,13.8,0.0,0.0,0.0,0.3,0.0,,,,
1172D,674.55,22R,2W,9,11,61.39,0.9,0.0,0.0,0.0,2.4,2.4,63.7,,,0.0,0.0,3.3,,22.2,0.5,0.9,0.5,0.0,7.0,,,,
1172D,674.94,22,2,46,48,61.41,2.2,0.4,0.0,0.0,2.9,0.4,80.7,,,0.0,1.1,1.5,,10.2,0.0,0.0,0.0,1.1,1.1,,,,
1172D,675.57,22R,CCW,4,6,61.44,0.4,0.2,0.0,0.0,1.2,0.3,95.8,,,0.0,0.0,0.1,,1.6,0.0,0.0,0.0,0.0,0.5,,,,
1172D,682.77,23R,1W,9,11,61.83,4.9,4.6,0.9,0.0,5.2,4.3,39.5,,,0.0,0.3,1.5,,42.2,0.0,3.3,0.0,0.9,4.4,,,,
1172D,683.09,23,1,41,43,61.85,5.9,2.1,1.3,0.0,9.7,4.7,31.8,,,0.0,0.0,1.7,,42.8,0.0,0.4,0.0,0.0,0.4,,,,
1172D,683.26,23,1,58,60,61.86,4.9,2.7,2.2,0.0,5.3,2.7,45.3,,,0.0,0.0,0.4,,32.9,0.0,5.3,0.0,0.4,3.4,,,,
1172D,684.23,23,2,4,6,61.91,3.1,3.1,1.8,0.0,10.1,3.5,16.3,,,0.0,15.9,2.2,,44.9,0.0,0.0,0.0,15.0,1.7,,,,
1172D,684.27,23R,2W,8,10,61.91,4.2,3.8,0.0,0.0,6.7,7.6,5.0,,,0.0,8.0,1.7,,68.5,0.0,1.3,0.0,5.5,4.0,,,,
1172D,692.97,24,1,60,62,64.68,1.9,1.2,0.8,0.0,11.6,1.2,0.0,,,38.8,24.8,2.7,,8.1,0.0,0.0,0.0,15.9,3.0,,,,
1172D,694.47,24,2,60,62,64.81,13.6,12.2,4.1,0.0,22.2,1.4,0.0,,,0.0,34.4,2.3,,14.0,0.0,0.0,0.0,23.5,3.5,,,,
1172D,695.97,24,3,60,62,64.93,3.3,3.3,2.0,0.0,6.5,0.4,0.0,,,2.8,41.9,3.3,,35.4,0.0,0.0,0.0,33.3,6.1,,,,
1172D,697.47,24,4,59,61,65.31,8.3,6.7,0.0,0.0,0.0,0.8,0.0,,,0.0,20.8,1.7,,62.5,0.0,0.0,0.0,0.0,8.4,,,,
1172D,698.61,24,5,12,14,65.64,4.3,2.9,0.0,0.0,0.0,0.7,0.0,,,56.4,1.4,1.4,,28.6,0.0,0.7,0.0,0.0,13.0,,,,
1172D,698.79,24,5,30,32,66.43,8.3,6.2,0.0,0.0,0.0,1.4,0.0,,,51.0,1.4,2.1,,20.7,0.0,0.0,0.0,0.0,27.5,,,,
1172D,698.85,24,5,36,38,66.44,4.6,2.9,0.0,0.0,0.6,1.1,0.0,,,80.5,0.0,2.9,,6.9,0.0,0.0,0.0,0.0,19.4,,,,
1172D,698.89,24,5,40,42,66.45,9.7,4.4,0.9,0.0,3.5,4.4,0.0,,,42.5,0.0,8.0,,14.2,0.0,0.0,0.0,0.0,54.4,,,,
1172D,698.93,24,5,44,46,66.46,7.5,4.1,0.0,0.0,4.8,4.8,0.0,,,8.2,0.7,4.8,,17.8,0.0,0.0,0.0,0.0,57.8,,,,
1172D,698.96,24,5,47,49,66.46,6.5,5.2,0.0,0.0,0.6,0.6,0.0,,,6.5,0.0,9.1,,24.7,0.6,0.0,0.6,0.0,58.8,,,,
1172D,699.20,24,5,71,73,66.50,15.0,5.0,0.0,0.0,0.0,0.0,0.0,,,1.0,1.0,5.0,,49.0,1.0,0.0,1.0,0.0,71.0,,,,
1172D,699.90,24,5,140,142,66.63,20.5,8.0,0.0,0.0,0.9,0.9,0.0,,,,0.0,0.9,,45.5,0.0,0.0,0.0,0.0,38.5,,,,
1172D,700.48,24,6,60,62,66.73,5.0,1.4,0.0,0.0,0.7,0.7,0.0,,,,0.0,6.4,,29.8,0.0,0.0,0.0,0.0,59.4,,,,
1172D,701.46,24,7,10,12,66.91,2.2,1.1,0.0,0.0,0.5,0.5,0.0,,,,0.0,1.1,,22.0,4.8,0.0,4.8,0.0,26.2,,,,
1172D,701.70,24,CC,0,2,66.95,10.7,6.1,0.0,0.0,0.0,0.0,0.0,,,,0.0,4.6,,4.6,0.0,1.5,0.0,0.0,17.6,,,,
1172D,702.58,25,1,60,62,67.11,20.4,8.2,0.0,0.0,4.1,4.1,0.0,,,,0.0,4.1,,14.3,0.0,0.0,0.0,0.0,62.0,,,,
1172D,704.06,25,2,60,62,67.37,9.5,7.5,0.0,0.0,0.5,0.5,0.0,,,,0.0,5.0,,69.0,0.0,0.5,0.0,0.0,13.4,,,,
1172D,704.66,25R,2W,120,122,67.48,6.9,6.9,0.0,0.0,2.8,2.8,0.0,,,,0.0,5.6,,55.6,0.0,0.0,0.0,0.0,18.2,,,,
1172D,705.56,25,3,60,62,67.64,4.4,3.7,0.0,0.0,0.0,0.0,0.0,,,,0.0,3.7,,28.9,0.0,1.5,0.0,0.0,26.6,,,,
1172D,706.15,25R,3W,120,122,67.74,26.7,25.9,0.0,0.0,1.7,1.7,0.0,,,,0.9,0.0,,2.6,0.0,0.0,0.0,0.0,44.5,,,,
1172D,707.08,25,4,60,62,67.91,10.0,6.3,0.0,0.0,3.8,3.8,0.0,,,,0.0,1.3,,15.0,3.8,0.0,3.8,0.0,21.6,,,,
1172D,708.58,25,5,60,62,68.18,3.7,3.1,0.0,0.0,0.5,0.5,0.0,,,,0.0,0.0,,17.3,1.6,0.0,1.6,0.0,20.4,,,,
1172D,709.16,25R,5W,118,120,68.27,10.6,9.6,0.0,0.0,1.9,1.9,0.0,,,,0.0,1.0,,45.2,2.9,0.0,2.9,0.0,62.9,,,,
1172D,710.06,25,6,60,62,68.2951,3.0,3.0,0.0,0.0,2.4,2.4,0.0,,,,0.0,2.4,,32.9,15.2,0.6,15.2,0.0,18.8,,,,
1172D,710.66,25R,6W,120,122,68.3109,3.1,3.1,0.0,0.0,1.6,1.6,0.0,,,,0.0,1.6,,21.4,2.1,0.0,2.1,0.0,39.8,,,,
1172D,711.04,25R,7W,8,10,68.3208,1.9,1.9,0.0,0.0,3.7,3.7,0.0,,,,0.0,3.1,,46.3,0.6,0.0,0.6,0.0,19.8,,,,
1172D,711.83,25,CC,14,16,68.3415,25.4,13.9,0.0,0.0,1.6,1.6,0.0,,,,0.0,0.8,,27.9,2.5,0.0,2.5,0.0,23.3,,,,
1172D,711.93,26R,1W,10,12,68.3441,4.9,3.7,0.6,0.0,0.0,0.0,0.0,,,,0.0,0.0,,46.3,0.0,0.0,0.0,0.0,39.1,,,,
1172D,712.13,26,1,40,42,68.3494,6.3,4.9,0.0,0.0,0.7,0.7,1.4,,,,0.0,0.0,,13.2,24.3,0.0,24.3,0.0,35.4,,,,
1172D,712.53,26,1,80,82,68.3598,1.8,1.8,0.0,0.0,1.8,1.8,0.0,,,,0.0,3.0,,7.1,3.0,0.0,3.0,0.0,51.6,,,,
1172D,713.14,26R,2W,10,12,68.3758,8.2,7.2,0.0,0.0,2.4,2.4,0.0,,,,0.0,0.5,,30.4,1.4,0.0,1.4,0.0,23.3,,,,
1172D,713.46,26,2,40,42,68.3863,11.6,5.8,0.0,0.0,0.5,0.5,0.0,,,,0.0,4.2,,21.2,3.7,0.0,3.7,0.0,10.4,,,,
1172D,714.64,26R,3W,10,12,68.4329,4.3,3.8,0.0,0.0,3.8,3.8,0.0,,,,0.0,0.5,,10.8,25.3,0.0,25.3,0.0,32.4,,,,
1172D,714.94,26,3,40,42,68.4448,2.2,2.2,0.0,0.0,0.9,0.9,0.0,,,,0.0,0.0,,8.7,66.5,0.0,66.5,0.0,13.9,,,,
1172D,716.14,26R,4W,10,12,68.4921,6.1,6.1,0.0,0.0,2.7,2.7,0.0,,,,0.0,1.4,,39.9,10.1,0.0,10.1,0.0,46.0,,,,
1172D,716.44,26,4,40,42,68.504,0.0,0.0,0.0,0.0,5.3,5.3,0.0,,,,0.0,0.5,,47.6,4.2,0.0,4.2,0.0,22.5,,,,
1172D,717.69,26,5,40,42,68.5533,0.0,0.0,0.0,0.0,1.6,1.6,0.0,,,,0.0,0.0,,2.2,1.1,0.0,1.1,0.0,24.2,,,,
1172D,718.89,26R,6W,10,12,68.6007,5.6,5.6,0.0,0.0,2.5,2.5,0.0,,,,0.0,5.0,,21.9,0.0,0.0,0.0,0.0,22.0,,,,
1172D,719.21,26,6,40,42,68.6134,6.4,5.3,0.0,0.0,1.6,1.6,0.0,,,,0.0,4.3,,21.4,4.8,0.0,4.8,0.0,12.6,,,,
1172D,721.26,27R,1W,10,12,68.6943,2.7,1.8,0.0,0.0,0.4,0.4,0.0,,,,0.0,0.9,,48.0,0.9,0.0,0.9,0.0,5.9,,,,
1172D,721.56,27,1,40,42,68.7061,1.2,1.2,0.0,0.0,0.4,0.4,0.0,,,,0.0,2.1,,32.2,0.0,0.0,0.0,0.0,4.7,,,,
1172D,723.06,27,2,40,42,68.7654,4.2,3.4,0.0,0.0,0.8,0.8,0.0,,,,0.0,0.4,,14.1,0.0,0.0,0.0,0.0,3.0,,,,
1172D,724.32,27,3,40,42,68.8151,3.4,2.1,0.0,0.0,2.4,0.0,0.0,,,,0.0,4.8,,28.1,17.5,0.0,17.1,0.0,12.6,,,,
1172D,725.42,27R,4W,10,12,68.8586,1.3,0.9,0.0,0.0,4.3,0.9,0.0,,,,0.0,0.0,,9.4,0.0,0.0,0.0,0.0,5.7,,,,
1172D,725.72,27,4,40,42,68.8704,1.6,0.0,0.0,0.0,1.2,0.0,0.0,,,,0.0,0.4,,2.8,0.0,0.0,0.0,0.0,2.0,,,,
1172D,727.22,27,5,40,42,68.9296,2.0,2.0,0.0,0.0,7.8,3.3,0.0,,,,0.0,2.0,,19.0,0.0,0.0,0.0,0.0,3.2,,,,
1172D,728.74,27,6,40,42,68.9896,7.5,7.0,0.0,0.0,1.6,1.6,0.0,,,,0.0,5.9,,19.8,3.7,0.0,3.7,0.0,10.5,,,,
1172D,730.08,27,7,40,42,69.0426,7.5,6.3,0.0,0.0,1.9,1.9,0.0,,,,0.0,3.8,,20.0,5.0,0.0,5.0,0.0,12.1,,,,
1172D,731.13,28,1,40,42,69.084,1.8,0.7,0.0,0.0,0.7,0.7,0.0,,,,0.0,1.1,,2.2,2.5,0.0,2.5,0.0,1.8,,,,
1172D,732.63,28,2,40,42,69.1432,5.7,4.1,0.0,0.0,4.1,3.3,0.0,,,,0.0,2.8,,9.8,12.2,0.0,12.2,0.0,2.0,,,,
1172D,734.13,28,3,40,42,69.2025,4.6,2.1,0.0,0.0,6.7,0.0,0.0,,,,0.0,7.9,,7.1,10.0,0.0,10.0,0.0,9.8,,,,
1172D,735.63,28,4,40,42,69.2617,8.6,4.8,0.0,0.0,18.7,0.0,0.0,,,,0.0,7.5,,22.5,9.6,0.0,9.6,0.0,5.6,,,,
1172D,736.99,28,5,40,42,69.3154,4.7,3.1,0.0,0.0,7.8,0.0,0.0,,,,0.0,0.5,,8.9,4.7,0.0,4.7,0.0,3.5,,,,
1172D,738.45,28,6,40,42,69.373,5.4,1.8,0.0,0.0,1.8,1.8,0.0,,,,0.0,2.7,,27.9,10.8,0.0,10.8,0.0,16.5,,,,
1172D,739.69,28,7,40,42,69.422,8.6,6.0,0.0,0.0,0.0,0.0,0.0,,,,0.0,4.0,,22.5,4.0,0.0,4.0,0.0,17.9,,,,
1172D,740.46,29R,1W,10,12,69.4524,0.0,0.0,0.0,0.4,4.1,0.0,0.0,,,,0.0,0.0,,15.2,1.6,0.0,1.6,0.0,6.9,,,,
1172D,740.78,29,1,40,42,69.465,6.0,4.7,0.0,0.0,0.0,0.0,0.0,,,,0.0,6.0,,21.5,7.4,0.0,7.4,0.0,21.2,,,,
1172D,742.28,29,2,40,42,69.5243,0.3,0.3,0.0,0.0,1.7,0.0,0.0,,,,0.0,1.0,,16.0,3.8,0.0,3.8,0.0,2.3,,,,
1172D,743.76,29,3,40,42,69.5827,3.8,3.8,0.0,0.0,0.0,0.0,0.0,,,,0.0,13.4,,6.5,16.1,0.0,16.1,0.0,7.9,,,,
1172D,744.96,29R,4W,10,12,69.6301,3.5,3.5,0.0,0.0,0.0,0.0,0.0,,,,0.0,0.0,,38.2,11.1,0.0,11.1,0.0,7.7,,,,
1172D,745.26,29,4,40,42,69.6419,9.1,3.6,0.4,0.0,1.2,0.0,0.0,,,,0.0,3.2,,15.1,6.3,0.0,6.3,0.0,7.0,,,,
1172D,746.78,29,5,40,42,69.702,4.5,2.6,0.0,0.0,0.0,0.0,0.6,,,,0.0,4.5,,22.7,22.7,0.0,22.7,0.0,24.5,,,,
1172D,750.18,30,CC,15,17,69.8362,9.3,5.4,0.0,0.0,0.0,0.0,0.0,,,,0.0,2.3,,6.2,11.6,0.0,11.6,0.0,16.8,,,,
1172D,759.96,31,1,40,42,70.2224,3.3,2.1,0.0,0.0,7.9,0.0,0.0,,,,0.0,0.0,,5.4,3.3,0.0,3.3,0.0,10.1,,,,
1172D,761.46,31,2,40,42,70.2816,47.5,2.5,0.0,0.0,1.4,0.0,0.0,,,,0.0,0.7,,6.1,0.0,0.0,0.0,0.0,4.1,,,,
1172D,762.66,31,3,10,12,70.329,25.7,3.5,0.0,0.0,2.5,0.0,0.0,,,,0.0,2.0,,13.9,1.5,0.0,1.5,0.0,3.8,,,,
1172D,762.96,31,3,40,42,70.3408,37.9,0.8,0.8,0.0,2.5,0.0,0.0,,,,0.0,1.7,,13.3,5.8,0.0,5.8,0.0,5.9,,,,
1172D,764.46,31,4,40,42,70.4001,44.0,0.5,0.0,0.0,1.8,0.0,0.0,,,,0.0,0.0,,15.6,0.0,0.0,0.0,0.0,3.1,,,,
1172D,765.66,31,5,10,12,70.4474,44.2,0.4,0.0,0.0,1.2,0.0,0.0,,,,0.0,1.2,,12.4,9.2,0.0,9.2,0.0,6.0,,,,
1172D,765.96,31,5,40,42,70.4593,57.0,0.0,0.0,0.0,0.0,0.0,0.0,,,,0.0,3.7,,5.1,2.3,0.0,2.3,0.0,6.6,,,,
1172D,767.46,31,6,40,42,70.5185,46.1,0.0,0.9,0.0,1.4,0.0,0.0,,,,0.0,1.4,,4.1,0.0,0.0,0.0,0.0,0.0,,,,
1172D,768.46,31,7,40,42,70.558,16.0,0.0,0.0,0.0,0.0,0.0,0.0,,,,0.0,0.9,,16.0,10.4,0.0,10.4,0.9,22.1,,,,
1172D,768.82,31,CC,17,19,70.5722,25.6,1.2,0.0,0.0,0.0,0.0,0.0,,,,0.0,0.0,,16.3,0.0,0.0,0.0,0.0,17.3,,,,
,,,,,,,,,,,,,,,,,,,,,,,,,,,,,
,,,,,,,,,,,,,,,,,,,,,,,,,,,,,
,,,,,,,,,,,,,,,,,,,,,,,,,,,,,
,,,,,,,,,,,,,,,,,,,,,,,,,,,,,
,,,,,,,,,,,,,,,,,,,,,,,,,,,,,
,,,,,,,,,,,,,,,,,,,,,,,,,,,,,
,,,,,,,,,,,,,,,,,,,,,,,,,,,,,
,,,,,,,,,,,,,,,,,,,,,,,,,,,,,
,,,,,,,,,,,,,,,,,,,,,,,,,,,,,
,,,,,,,,,,,,,,,,,,,,,,,,,,,,,