,,ungrouped dinocyst assemblages,,,,eco-grouped dinocyst assemblages,,,
depth_mbsf,age_GTS12,number of taxa counted,Fisher's alpha,Shannon index,Simpson Index,number of taxa counted,Shannon index,Simpson Index,sumCV (window size 31)
356.32,29.0303,9,2.201880317,1.387961416,0.623400036,8,1.24297434,0.578330629,
356.815,29.2827,13,3.449393039,1.393013637,0.633484376,10,1.306167679,0.618108539,
358.82,33.27,20,4.869924839,1.150693071,0.420141469,11,0.978500462,0.413552036,
359.05,33.95,30,11.19685446,2.525833915,0.852060248,14,1.824277231,0.7752,
359.15,34.11,28,8.27031412,2.59275434,0.880350474,15,2.1015736,0.832519391,
359.2,34.19,27,9.57621266,2.616467142,0.871803869,14,2.194561785,0.845752379,
359.35,34.43,24,8.865269331,2.585187293,0.89151925,14,2.168296969,0.861082206,
359.5,34.67,29,9.536853138,2.728662738,0.906814405,14,2.140888164,0.84033241,
359.55,34.75,27,10.06933226,2.597084886,0.888699451,14,2.026146411,0.820177336,
359.63,34.878,6,4.775421107,1.561868002,0.74852071,5,1.432442682,0.730769231,
359.75,35.065,27,9.452721633,2.753688468,0.913048908,13,2.056258223,0.837127992,
359.865,35.2375,19,4.128258888,1.331430578,0.574165912,11,0.780992542,0.315016862,
359.95,35.3925,24,9.370212032,2.462128859,0.852997448,12,1.712177504,0.721619898,
360.145,35.7071,24,7.854112447,2.307456449,0.813846149,12,1.783861622,0.741624575,
360.365,35.742,27,8.503338237,2.621920165,0.883473802,13,2.201851069,0.847556481,35.07963546
360.44,35.7538,13,3.556498461,1.799932246,0.775896637,8,1.224353711,0.608264647,34.22237014
360.57,35.7744,14,3.601983513,1.254977552,0.534140072,7,0.681425774,0.298674959,33.37050928
360.61,35.7808,28,7.269072484,2.262030357,0.816060758,14,1.82221528,0.763077031,32.7633902
360.65,35.7871,13,2.692168355,1.04288688,0.52653376,9,0.418346494,0.163415684,33.04076024
360.835,35.8164,21,5.638989049,2.258658487,0.841759003,12,1.839490836,0.791743613,33.73575734
361.15,35.8663,20,4.891254289,1.793244297,0.727628115,11,1.182831002,0.589784992,34.78177816
361.34,35.922,28,9.845265063,2.499700585,0.859400629,12,1.93717442,0.813998875,35.47391193
361.45,36.01,17,3.877570403,1.549041496,0.699742173,10,0.920224362,0.515421914,36.75816787
361.565,36.0621,21,5.424384596,1.040402883,0.353062371,11,0.844343139,0.320004902,38.45243791
361.64,36.076,17,4.151921062,1.611465039,0.691278635,10,0.913561631,0.47876718,37.14179976
361.65,36.0779,15,3.355008303,1.274974535,0.578549348,9,0.868776819,0.471272295,38.40287968
362.085,36.1586,16,3.638342323,1.041827251,0.38393695,9,0.853065175,0.358158191,38.30633577
362.4,36.2171,14,3.164043216,1.741685868,0.757270152,8,0.953581998,0.509475786,39.05682991
362.65,36.2636,13,2.561912918,1.423267361,0.663909833,7,0.950344621,0.540769941,40.79483991
362.74,36.2803,15,3.632964687,1.285064736,0.605997893,8,0.809453234,0.463558153,40.28882717
362.865,36.3035,15,3.466660393,1.29807418,0.514422864,8,1.061993071,0.492523193,39.42661576
362.95,36.3193,19,4.597670114,1.616092678,0.667647502,9,0.919614691,0.469116242,39.10174074
363.15,36.3564,17,3.863037433,1.895540193,0.797469009,10,0.928912602,0.445921775,40.06486393
363.3,36.3843,16,3.949510928,1.768342368,0.761487261,10,0.870499725,0.390798126,39.71060987
363.365,36.3964,18,4.436844327,1.786598354,0.680858739,8,1.380362022,0.640905813,30.43229248
363.58,36.4363,10,1.95439452,0.767286278,0.334057309,5,0.563079244,0.309061119,30.01068298
363.65,36.4493,11,2.117155875,0.643147528,0.265526317,8,0.531890124,0.258227147,23.61099139
363.7,36.4586,10,1.859292602,1.0627914,0.509797827,6,0.726035836,0.454512099,24.30183699
363.91,36.4976,14,3.250503882,1.445831438,0.608466916,8,0.942989168,0.441317704,24.10499775
364.05,36.5236,13,2.912089173,1.771147123,0.770016,9,1.338293405,0.686208,24.07620275
364.435,36.5951,15,3.335629209,1.080941725,0.404880386,10,0.95601963,0.3956355,24.13676527
365.05,36.7064,19,4.765865551,2.100904905,0.829963467,12,1.346756075,0.598072562,24.69924026
366.435,36.8845,17,3.942994955,1.747628667,0.715124853,9,1.477428183,0.688965517,23.34740703
366.55,36.8993,13,2.447008037,1.245062747,0.600673668,8,0.902854211,0.528684292,21.56838965
367.465,37.043,15,3.313811562,0.821970315,0.298707098,10,0.736743785,0.296354388,21.42074273
368.05,37.16,14,3.031737462,1.421192261,0.656812674,9,1.214339042,0.633028913,22.02957119
368.49,37.248,17,3.817848915,1.996821639,0.802564397,9,1.592171283,0.750567915,21.47328964
368.49,37.248,17,3.951110415,2.066899803,0.826364776,11,1.609894712,0.743507873,21.29430914
369.445,37.439,15,3.451042474,1.416904391,0.672497794,12,1.331001794,0.662204167,21.10188704
369.55,37.46,8,1.562353971,0.93879346,0.500443788,6,0.902071486,0.499674556,20.94054795
370.445,37.639,6,1.114132504,0.546655849,0.272727272,6,0.546655853,0.272727273,20.63418871
371.05,37.76,18,4.4654714,1.65938611,0.694684391,12,1.356361239,0.642200331,20.16947075
372.55,38.06,11,1.984432182,0.63319555,0.276412117,8,0.364737897,0.158447211,25.45875234
373.3,38.21,13,3.026524976,1.532514233,0.714288693,7,1.272147692,0.684723004,25.98377584
374.65,38.3565,20,5.463452678,1.759587262,0.675161615,10,1.35879706,0.593759481,26.13745232
376.15,38.4096,11,2.012397477,0.800636262,0.418905447,8,0.712765472,0.409184782,31.21306066
377.65,38.4626,12,2.520553961,1.332142533,0.652420718,8,1.056925474,0.569642522,30.88041352
379.15,38.5157,16,3.761053685,1.539012633,0.669749417,10,1.224042819,0.61854641,30.57677549
380.51,38.5638,21,5.395968329,1.862091812,0.734365916,13,1.571828995,0.698856606,30.23331418
382.15,38.622,22,5.655257792,2.035235245,0.798600238,11,1.488623368,0.715894391,29.92752962
384.25,38.704,28,8.059846073,1.937180845,0.710852861,13,1.239519098,0.481198711,28.13532378
385,38.7333,23,6.31250868,1.934650617,0.737962877,12,1.111888224,0.442983417,27.90621268
385.75,38.7626,17,3.811159244,1.456983793,0.561500245,10,0.985757007,0.414220118,27.78260044
387.25,38.8212,24,6.789804923,2.377338554,0.861931241,12,1.834339606,0.779137436,27.7997214
388.75,38.8798,16,3.496797352,1.654519326,0.737298043,8,1.004522485,0.513033813,27.37755505
390.25,38.9385,17,4.267126125,1.784015246,0.746350616,10,1.42729136,0.697580888,26.67427465
391.75,38.9971,20,5.07569765,1.882246008,0.784942627,10,1.394143319,0.690340421,26.42712217
393.62,39.0701,23,6.236461774,2.442188503,0.880760046,12,1.711572379,0.752546082,25.98705587
394,39.085,20,4.760938361,1.27682942,0.557319151,12,1.080036817,0.512615056,25.78619243
394.42,39.1014,24,6.734053302,2.565803912,0.893636673,11,1.794316027,0.747720053,25.67875228
394.62,39.1092,22,5.570865614,2.392056682,0.875580837,11,1.718629978,0.73775464,24.98474402
394.92,39.1209,29,8.694594835,2.500582462,0.856088436,13,1.406421831,0.559453767,24.86608367
395.12,39.1288,22,6.308183156,2.351778112,0.85495,12,1.72036456,0.719779804,24.96197537
395.52,39.1444,23,7.342928258,2.357753392,0.844489024,13,1.803588383,0.749258336,25.45887812
395.92,39.16,23,6.156125328,2.346076659,0.858371127,10,1.627400079,0.715777646,19.84210402
396.02,39.1639,20,4.975983177,2.16661039,0.833072016,11,1.647307202,0.716043148,19.79055318
396.23,39.1721,14,5.925432489,2.124752999,0.834102801,10,1.538428573,0.680824869,24.8718329
396.85,39.1963,25,6.520901988,2.105975308,0.801005496,13,1.664490534,0.738208411,25.0347669
397.45,39.2198,20,8.131823658,2.253215793,0.824151144,10,1.560360845,0.690657439,25.4826999
397.7,39.2296,14,7.656862671,2.362727308,0.885,10,1.877771696,0.79026956,25.71548686
398.35,39.255,19,4.912934387,2.21263743,0.849073723,12,1.632187575,0.721952909,25.8816758
399.37,39.2948,22,6.71618975,2.425746342,0.870657635,12,1.676529966,0.724035608,25.91399804
401.35,39.3722,22,5.96932795,2.590832163,0.904057669,13,1.921569683,0.812021293,25.55912188
403.45,39.4542,24,6.152887614,1.930217224,0.711251746,13,1.382889493,0.58972562,23.84946562
404.95,39.5129,23,6.075690546,2.408308029,0.877925493,12,1.700523135,0.751912404,25.05158055
406.45,39.5715,23,6.56009383,2.415384869,0.86734603,12,1.738893195,0.772559172,24.81478304
406.62,39.5781,19,5.131216571,1.704979918,0.646509255,11,1.329880544,0.569341649,26.0892902
407.72,39.6211,20,4.981916898,1.932450855,0.786327917,10,1.466348905,0.708131959,26.79628155
409.45,39.6887,13,2.946340421,1.453211283,0.625763889,9,1.218320364,0.588020833,26.98864809
410.95,39.7473,12,2.344981272,1.385112177,0.673164993,6,0.656047977,0.355962376,27.43678028
411.7,39.7766,24,6.156125328,2.272724521,0.841590514,12,1.345852574,0.630004396,27.00555109
412.52,39.8086,21,6.121373824,2.1072676,0.80469823,12,1.299187264,0.586595787,26.53330064
413.22,39.836,24,6.44958748,2.330047457,0.853431953,14,1.708730618,0.725976331,27.10863491
414.02,39.8673,16,3.441963833,1.742867878,0.73113034,10,1.142251586,0.51531786,26.63359048
414.68,39.893,8,1.526118219,0.364102607,0.1332783,7,0.341644483,0.132695553,26.87973746
415.42,39.922,17,3.769251487,0.491483833,0.157603929,9,0.39857362,0.141399111,26.94400258
416.22,39.9532,18,6.012523515,2.157847285,0.829485996,9,1.487392336,0.701292705,26.85974869
417.72,40.0118,13,2.759488646,1.285414586,0.547286185,9,0.908537301,0.398134522,27.2759099
419.12,40.0665,17,5.720003943,1.939453313,0.794410822,11,1.598301383,0.732154195,28.65574361
420.02,40.1017,15,6.419410978,2.367656921,0.88,8,1.722567578,0.783888889,28.58624715
420.92,40.1369,23,7.190050026,2.437534368,0.873428802,10,1.745258441,0.762666284,28.86744228
421.62,40.2096,17,5.939532512,2.283224959,0.85990363,9,1.805135471,0.800226752,29.02908354
422.92,40.3555,24,7.527404424,2.737261907,0.908881069,14,2.018366952,0.812612991,29.07499438
424.15,40.4935,21,7.368884825,2.372011205,0.856527777,12,2.086024757,0.840477367,27.42598635
425.62,40.6585,20,6.909052333,2.176477233,0.806808389,11,1.688424951,0.734702672,27.37670514
425.65,40.6618,13,2.960703657,0.74633548,0.278045099,8,0.643001459,0.274525998,27.47510373
426.02,40.7034,26,7.560163694,2.186811188,0.765581718,14,1.800276031,0.726523821,27.70994198
426.22,40.7258,23,8.17760166,2.568043616,0.890869141,13,2.05511581,0.828445657,22.54506769
427.15,40.8302,20,5.209175615,1.884742842,0.76241343,11,1.63398135,0.739622235,22.63203575
427.22,40.838,20,6.106597744,2.324901973,0.861317195,12,1.950610443,0.8243273,22.47244693
427.72,40.8941,20,7.643051584,2.50764962,0.8868105,12,1.995271956,0.818152832,22.28205394
428.65,40.9985,20,5.463452678,2.174073453,0.838507766,10,1.675216256,0.76314124,21.89979271
430.9,41.258,23,7.264664654,2.527372084,0.88624426,13,1.87536413,0.795224977,21.58781893
432.23,41.4074,16,3.660369538,1.452783599,0.602596702,10,1.358498737,0.600053792,21.85645063
433.73,41.5212,12,2.625489819,1.275254749,0.568117965,10,1.21439284,0.565578324,22.10155481
435.23,41.6349,14,3.528460029,1.579194919,0.689838455,10,1.380496444,0.659564726,27.52256284
436.73,41.7487,12,2.619744884,0.770768802,0.321204829,10,0.757741783,0.321111094,27.85916818
438.23,41.8624,9,1.854028781,0.592710216,0.227592644,7,0.542566013,0.214369202,28.18783598
439.75,41.9777,20,4.849088209,1.519642735,0.648549271,10,1.332563531,0.635036327,27.33650982
441.85,42.137,17,4.033179746,1.934810828,0.799961305,9,1.357470912,0.684060655,27.62993539
443.35,42.2507,8,1.425299754,1.036854277,0.569200574,7,1.013608818,0.568367907,27.53763773
444.85,42.38,23,5.763370605,1.515034232,0.571126491,10,1.185984819,0.54505778,28.22948032
446.35,42.5213,14,2.866436413,0.90354059,0.404127997,10,0.810939994,0.390305238,29.07012262
447.85,42.6625,12,2.536755216,0.950490367,0.509646046,8,0.890521652,0.502441034,29.47579065
449.35,42.8038,14,2.773488543,0.913157238,0.518384489,8,0.873447165,0.515951175,28.27697955
451.45,43.0015,18,4.203969828,1.614828089,0.715399998,9,1.327283001,0.677637048,27.89735831
452.95,43.1428,17,3.703960683,1.48966308,0.649181635,9,1.2226586,0.584972423,27.82390572
454.45,43.284,20,5.095606152,1.876965464,0.738427409,11,1.695324511,0.7264,27.73482872
455.95,43.4253,19,4.877406002,1.627994976,0.690375734,9,1.423802126,0.67454957,28.16206571
457.45,43.4774,16,3.990310226,1.295560582,0.608581963,10,1.091724523,0.577117627,28.35538417
458.95,43.5264,17,4.085284421,1.476753876,0.635899285,10,1.211619991,0.590349589,28.70462103
470.61,43.9073,20,5.15076675,1.559192553,0.633002915,12,1.419918034,0.627183553,29.67126189
472.15,43.9576,21,5.730420291,1.650808827,0.631091661,11,1.287451486,0.596699866,30.13283589
473.65,44.0066,16,3.996324766,1.429949914,0.607852896,9,1.213617525,0.592147107,30.02809825
475.15,44.0556,15,3.395799877,0.799166889,0.30823974,7,0.654917203,0.302313545,28.36771274
480.25,44.2223,21,5.702209014,2.186702267,0.799492231,11,1.722879754,0.755578512,27.60862028
481.75,44.2713,15,3.395799877,1.03146181,0.412815071,8,0.782524712,0.390637131,26.93986571
483.25,44.3203,15,3.466660393,1.083607907,0.440124626,8,0.921001964,0.430106886,26.69515082
484.75,44.3693,16,3.664114841,1.032470786,0.389806097,9,0.800577852,0.373998153,25.24466591
486.25,44.4183,14,3.207510436,0.879077135,0.318575509,7,0.689628578,0.305313476,25.09642831
487.75,44.4673,14,3.171057669,0.950753939,0.384430764,9,0.788029591,0.372773214,25.3378547
489.85,44.5359,17,4.095162328,1.672584509,0.73135376,11,1.160077632,0.594238281,25.35140605
491.35,44.5849,18,4.251556206,0.904823964,0.351049441,10,0.748536681,0.342596473,24.55517873
492.85,44.6339,12,2.571134207,0.77785013,0.341444156,8,0.677221558,0.334363639,24.44844406
494.35,44.6829,13,2.852789314,1.183553652,0.599715315,9,1.064062621,0.580036207,24.01826488
495.85,44.7319,20,5.082288541,1.245659766,0.551203387,12,1.004637488,0.486828143,24.19624389
497.35,44.7809,19,4.440324425,1.351771446,0.614284571,11,0.892879957,0.449060217,25.28853017
498.7,44.825,17,3.845297115,1.404665455,0.66772152,10,1.179920245,0.631088768,25.15873451
499.45,44.8495,15,3.084693105,0.985759398,0.48636619,9,0.868293074,0.462363534,25.11930374
500.95,44.8985,18,4.135873766,1.237133103,0.546348355,11,1.078258144,0.531565454,24.98635976
502.45,44.9475,17,3.791485491,1.565658213,0.746534329,12,1.108645606,0.576970533,25.14310055
503.95,44.9965,21,5.604402913,1.777113216,0.688168847,10,1.214222824,0.550200654,25.23447411
507.4,45.1093,24,6.269188491,2.317837542,0.856169207,13,1.674207337,0.752879634,25.30465154
508.88,45.1576,18,4.513406615,2.161662061,0.829922445,11,1.621021702,0.686612629,25.47615751
510.54,45.2118,19,4.655640377,1.599760408,0.691738949,12,1.318884015,0.640377991,25.47014176
511.6,45.2465,12,2.392987601,1.384697857,0.679379545,8,1.102575595,0.607393652,26.09775932
512.6,45.2791,14,2.813237714,0.891368529,0.386623992,9,0.428814249,0.170925164,26.19245441
516.7,45.4131,22,5.773786997,2.054457957,0.805136486,8,1.388985076,0.690319108,25.85345687
517.665,45.4446,20,4.643578176,1.677416568,0.655968855,14,1.372691517,0.612542529,25.789663
518.48,45.4713,24,6.734053302,2.381289894,0.843837259,11,1.500992868,0.681059201,25.57410231
519.24,45.4961,18,4.283447793,1.753580259,0.680624717,11,1.183365548,0.574493235,25.25274886
519.96,45.5196,18,4.233907088,1.027629447,0.381879814,10,0.729278553,0.320353178,25.34986211
521.48,45.5693,19,4.199946195,1.058045485,0.377356172,10,0.852706823,0.358977156,25.31870805
522.55,45.6042,16,3.201216687,0.831691743,0.309509964,8,0.673023671,0.293282125,25.152056
526.3,45.7267,15,3.466660393,0.905775838,0.326411354,9,0.703400676,0.274474143,24.61600271
526.65,45.7598,17,3.801249296,1.384640687,0.568324388,9,1.040836867,0.518842213,24.58301023
527.4,45.8491,12,2.442228149,0.90190626,0.390431588,7,0.752545021,0.373296602,24.63975581
528.46,45.9754,15,3.40645122,1.253905674,0.531200002,8,1.095500466,0.520833058,25.34307196
529.3,46.0754,17,3.907592817,1.410403271,0.560933324,11,1.245066918,0.546574479,24.98109895
529.6,46.1112,17,4.110226438,1.692519762,0.658626132,10,1.448715941,0.627817963,20.09266666
530.26,46.1898,17,4.042384337,1.882814668,0.773471363,11,1.600773709,0.736102344,20.15766325
531.31,46.3149,19,4.688982001,1.92504351,0.768956924,13,1.704074737,0.740420078,19.68438954
532.6,46.4685,22,5.6982303,1.480914512,0.541658956,11,1.104685628,0.471418733,18.29422619
535.05,46.7604,23,6.352317795,1.623340782,0.656059667,12,0.938797746,0.412349116,18.47657239
536.11,46.8866,15,3.335629209,1.498532146,0.658555515,10,1.167804483,0.591672754,18.2551948
537.4,47.0403,21,5.424384596,2.308707859,0.864344484,12,1.797552527,0.769950019,18.41074152
538.9,47.219,22,6.055645014,1.990067592,0.784894127,12,1.433010062,0.659793388,25.43186934
539.95,47.344,19,4.364157734,1.776503626,0.769757185,10,1.240896954,0.619383987,23.11346142
540.7,47.4033,19,4.816672814,1.659501074,0.675087344,10,1.300574319,0.617508734,22.31348138
541.9,47.4946,21,5.562638993,2.011921386,0.789901903,10,1.355321229,0.619095943,21.79030417
542.84,47.5661,26,6.460525785,2.072372812,0.819027969,14,1.494979167,0.675469153,21.04758856
543.7,47.6316,27,7.723247009,2.155384582,0.822960547,12,1.464880675,0.661181137,20.72455546
545.5,47.7686,23,6.02526859,2.248190952,0.832618624,11,1.683491381,0.741841167,20.37205245
546.45,47.8408,23,5.625212559,2.004160067,0.798457299,13,1.323761282,0.631974288,19.71937175
547.3,47.9055,21,5.388983963,1.628753006,0.664881658,11,1.129978533,0.544378698,19.36425392
548,47.9588,24,6.649323615,2.142884547,0.812135641,12,1.50383388,0.679154777,18.75948129
548.5,47.9969,26,7.182200381,2.40309625,0.85321707,11,1.856659217,0.787686616,18.62724429
549.52,48.0745,20,5.082288541,1.773523411,0.696255289,11,1.310520968,0.619392541,18.31346226
550,48.111,24,6.239042368,2.004960594,0.779818081,12,1.357950947,0.650985378,18.69432562
551.5,48.2252,23,6.383007612,2.298410467,0.83625731,12,1.198686501,0.492965126,18.11863297
553,48.3393,28,8.188304448,2.258714671,0.826002321,12,1.532636184,0.658012087,18.51264983
553.5,48.3774,15,3.546693277,1.766839993,0.767569445,10,1.192409871,0.603525849,18.59838051
554.8,48.4763,24,6.397756158,2.092872896,0.780202383,14,1.758392849,0.748536846,18.7273794
555.5,48.5296,31,9.462979486,2.696562018,0.893786265,12,1.871754338,0.784180713,18.16722786
556.23,48.5783,22,5.523258376,1.984904746,0.795597595,13,1.782584093,0.779301142,17.67729591
556.7,48.6043,31,9.382930039,2.6809452,0.887798269,13,1.912906399,0.783924912,18.05830952
558.5,48.7038,30,8.685732329,2.217932203,0.783763916,14,1.694990158,0.725268779,17.98932188
559.2,48.7426,20,4.760938361,1.835046573,0.743949616,10,1.451498305,0.684073533,18.32692423
559.7,48.7702,25,6.779966498,2.555839223,0.897555097,12,1.79460944,0.765151515,18.3872136
560.74,48.8277,16,3.81530362,1.630442896,0.704246705,10,1.329691914,0.66031193,19.73890193
561.2,48.8532,27,7.675940415,2.775571811,0.921223472,12,2.053547606,0.846335772,20.01485848
561.95,48.8947,24,6.397756158,2.04833021,0.762931764,13,1.736676216,0.73805755,19.28298099
562.7,48.9362,18,4.442491519,2.241591309,0.846018316,10,1.647976967,0.732020127,18.87626732
564.2,49.0191,24,6.812749462,2.306396268,0.846181442,12,1.725295728,0.736009247,19.05816836
564.8,49.0523,19,4.628803237,1.378266103,0.548650491,12,0.900286286,0.356779038,18.76122012
565.83,49.1093,25,6.33807179,1.877281356,0.672217857,15,1.540346896,0.629865782,19.0728876
566.3,49.1353,26,7.653795584,2.868256155,0.929301202,14,2.207561802,0.862308307,18.73155634
567.8,49.2183,14,3.328449562,1.228689357,0.542396696,8,1.089446406,0.523305785,17.56313172
568,49.2294,16,3.133470989,0.523491236,0.173522685,12,0.45491297,0.159101576,17.50488412
568.83,49.2753,18,4.551215165,1.783984539,0.678590504,13,1.472966432,0.641382232,17.12268226
569.05,49.2874,27,8.084352417,2.53655506,0.879669422,14,2.101439391,0.832520661,17.13075005
569.3,49.3013,23,6.548307257,2.393092821,0.858295312,11,1.887412443,0.811655536,17.12610225
571.1,49.468,29,8.978166608,2.672327469,0.895842101,14,2.05977591,0.838734113,16.98729824
572.6,49.6425,28,8.642315905,2.558367981,0.885190458,15,1.978841208,0.826228195,17.21789786
572.685,49.6524,13,3.082878199,1.51178588,0.627816007,9,1.357983444,0.616834763,16.80303943
574.04,49.8101,33,9.909252483,2.803074346,0.916130118,15,2.396454472,0.895425662,16.68669173
574.34,49.845,19,4.927527781,1.307257851,0.536280396,11,1.150382337,0.524353647,16.51177973
575.54,49.9847,36,10.33803365,2.944195336,0.928224623,14,2.369005066,0.889570552,16.37864792
575.84,50.0196,23,6.56009383,2.243539019,0.838020647,12,1.88367926,0.802287291,16.31471153
577.06,50.1615,29,7.904396856,2.168967462,0.792004735,14,1.855671244,0.772596329,16.00448515
577.36,50.1964,22,6.170155491,2.284474498,0.850792097,11,2.025083918,0.836863653,16.13491039
578.54,50.3337,27,6.467792869,2.408219511,0.857651287,14,1.914636945,0.76124297,16.73018779
578.84,50.3687,18,4.769147536,2.310893733,0.859569511,11,1.979971121,0.83297338,15.8782415
580.04,50.5083,33,9.33313147,2.513447561,0.869842122,14,2.014171586,0.796993414,15.34895262
580.34,50.5432,22,5.593829419,2.380820956,0.867704082,13,2.032652805,0.842729592,15.23654338
581.54,50.7834,31,10.15157236,2.516040057,0.870434266,13,1.937773481,0.768066627,15.23709201
581.84,50.8741,21,5.647805923,2.300267472,0.861029711,11,1.955879852,0.83141532,15.50349865
583.06,51.2432,26,6.82641227,2.324703903,0.851756603,14,1.942026807,0.801448108,15.53019123
583.36,51.3339,18,4.564195436,2.030892427,0.792676299,12,1.844803358,0.782931354,15.46350274
583.61,51.4095,21,5.789005551,1.838033818,0.708882163,13,1.636702061,0.686009256,16.02491353
585.85,52.7443,31,9.336383093,2.737365743,0.90450154,15,2.075676978,0.82018032,16.26830761
586.15,52.7887,25,7.208670507,2.511332257,0.875837053,14,2.207327621,0.85833216,15.50744677
586.35,52.8183,22,5.915064331,2.187800152,0.813466564,15,1.97344665,0.786243909,15.73198682
586.65,52.8627,27,7.997080547,2.333552901,0.818505758,15,1.997898234,0.779309265,15.75284975
586.85,52.8923,29,8.892923379,2.357037631,0.824106659,14,1.907635857,0.773713527,15.72243201
587.15,52.9367,24,6.628945196,2.500154542,0.872505639,13,2.056138777,0.814724264,15.65963462
587.35,52.9663,33,9.029596028,2.511149719,0.87652249,15,1.941332314,0.788685121,15.67405326
587.65,53.0107,29,8.657943137,2.818481411,0.915719229,14,2.21580272,0.858025563,15.4704098
587.85,53.0403,27,8.129710718,2.148399368,0.764764596,14,1.786596099,0.72239369,15.60996338
588.15,53.0847,31,9.038220245,2.70835127,0.896213992,14,2.145677251,0.843319616,15.72116454
588.35,53.1143,28,8.574804176,2.456197897,0.852366256,15,2.134901765,0.825745885,15.90808051
588.65,53.1587,25,7.246580268,2.166667927,0.764275918,12,1.590682792,0.639257576,16.09125701
588.85,53.1883,22,5.42281026,2.024976044,0.757020576,12,1.699087086,0.723082527,15.86031142
589.15,53.2327,25,7.380215957,2.454099069,0.871049616,13,1.894943231,0.746889455,15.65057666
589.35,53.2623,18,4.442491519,1.870934674,0.739131125,12,1.152281334,0.489272075,15.8773458
589.65,53.3067,18,4.288112421,1.740156714,0.678309546,10,1.340392922,0.602117347,16.1972358
589.8,53.3289,16,3.65664575,1.682650778,0.701696028,10,1.498076162,0.682038242,16.62505216
590.1,53.3733,24,5.979491806,2.461025254,0.887952663,13,1.952754923,0.812410739,16.86780618
590.35,53.4103,27,7.499862983,2.370554947,0.853567871,14,1.932640748,0.805331868,17.06190477
590.65,53.4546,28,8.591454062,2.317124394,0.825743646,13,1.563391482,0.648372237,17.1979273
591.85,53.6322,25,6.262131949,2.465584951,0.86059032,15,2.077524051,0.82743138,17.42043065
592.15,53.6766,23,6.372696244,2.139272153,0.769817509,12,1.747774672,0.734341336,17.70397665
593.35,53.8542,26,7.331166253,2.648295796,0.900424528,13,2.040281207,0.824404921,16.9220248
593.65,53.8986,23,6.425093123,2.670756017,0.908083546,14,2.270454921,0.873971193,16.97736537
594.25,53.9856,24,7.037749853,2.296842727,0.834055991,13,1.737173245,0.736799524,17.64132828
594.35,53.9967,21,5.424384596,2.205289155,0.803936947,12,1.870931443,0.778628557,17.18088549
594.47,54.0101,21,5.882777612,2.211262559,0.819578246,13,1.886412874,0.786197432,17.00056773
594.77,54.0435,22,6.214548585,2.150976943,0.773668639,13,1.816412021,0.745238536,16.81498514
594.87,54.0547,25,6.826925377,2.637585495,0.893516793,13,2.119020893,0.835947359,16.89888391
594.92,54.0602,28,7.599852942,2.56946477,0.886940536,13,1.881382693,0.775278819,16.75434931
595.12,54.0825,26,6.898836415,2.694611672,0.911474949,12,1.994750778,0.798742728,16.43420175
595.17,54.0881,22,5.871684798,2.385094731,0.85440905,14,1.995912819,0.815103046,15.4693145
595.22,54.0937,18,4.72899496,2.297437044,0.849805843,10,1.752865257,0.758690828,15.98247614
595.37,54.1104,27,7.242621348,2.545139902,0.880281365,12,1.854665353,0.773218092,17.55982518
595.42,54.116,23,6.56009383,2.00598419,0.768244926,12,1.676450062,0.730576582,17.21660123
596.44,54.2296,28,7.2913438,2.352374794,0.844788794,14,1.945037579,0.80848112,11.66789244
596.49,54.2352,25,6.895494026,2.380702206,0.859221467,12,1.807895096,0.753968254,11.79304428
596.64,54.2519,25,6.75255317,2.622859617,0.89727728,12,2.164155176,0.850613376,12.08800961
596.69,54.2575,22,5.797484405,2.147429545,0.820704208,12,1.632982677,0.709404132,11.61470605
596.91,54.282,24,6.485348744,2.469926452,0.877624512,12,2.036192507,0.826721191,11.73196853
596.96,54.2876,23,6.332258008,2.257467377,0.817255796,14,1.807570275,0.725082429,11.64749018
597.11,54.3043,25,7.208670507,2.444220497,0.86328125,13,1.987040067,0.806491182,11.75283237
597.16,54.3099,18,4.519593457,2.167754588,0.81975143,13,1.945514125,0.791681378,11.86806529
597.31,54.3266,23,6.122047911,2.298496122,0.844940186,13,1.965276899,0.801116943,12.15130362
597.36,54.3322,19,5.04464168,2.013028289,0.788247482,13,1.688903199,0.718420067,12.25669491
597.51,54.3489,17,4.438768997,1.872658689,0.71935,11,1.660689308,0.7027,12.37943057
597.56,54.3545,21,5.302263863,2.073724954,0.804975245,13,1.701805651,0.742446317,12.20765444
597.71,54.3712,22,5.378762566,2.223994862,0.839749239,13,1.866993218,0.77593735,12.18434805
597.76,54.3767,23,5.692055927,2.103537944,0.81857917,13,1.665261356,0.699299869,12.2676373
597.86,54.3879,25,6.999692803,2.247275452,0.827060992,13,1.823692056,0.770820062,13.18896489
597.94,54.3968,23,5.340115235,2.305466836,0.830868454,14,1.872506595,0.778658777,13.71025157
597.99,54.4024,18,4.618134933,2.094853782,0.804802028,12,1.77688755,0.747531621,13.35862015
598.14,54.4191,24,6.009686462,2.110962223,0.771054688,13,1.766936508,0.738613281,13.38904657
598.19,54.4247,25,6.925951123,1.934530499,0.724407673,13,1.587249526,0.691954995,13.51074185
598.41,54.4492,18,4.459666854,1.858546962,0.725416233,12,1.647311129,0.700945762,13.57466372
598.46,54.4548,19,4.735503617,1.875633264,0.736544081,11,1.612610578,0.705144175,14.44011792
598.61,54.4715,23,6.080763115,2.119461394,0.791327198,13,1.864474354,0.766118573,13.16788084
598.66,54.477,21,5.530339988,1.999641615,0.792169557,12,1.626661744,0.73,12.84117726
598.81,54.4938,20,4.885874653,1.970711153,0.773871527,12,1.63235262,0.724167441,13.54552542
598.86,54.4993,19,4.711936789,1.494456238,0.660002057,11,1.375993195,0.647817854,13.91280432
599.01,54.5161,22,5.613918577,1.752576026,0.694209491,12,1.555007471,0.675993388,13.89501181
599.06,54.5216,18,4.736887767,1.655469421,0.69173143,10,1.387466838,0.653784523,14.16808528
599.21,54.5383,21,5.277007564,1.588475422,0.646769801,12,1.443078887,0.634530561,14.43642488
599.26,54.5439,15,3.451042474,1.505419369,0.651100926,11,1.424500845,0.642137374,14.6197914
599.44,54.564,21,5.893669873,2.039236185,0.791932163,12,1.522516877,0.695078914,14.85633893
599.74,54.5974,19,5.186935087,1.942230168,0.7869824,10,1.660076164,0.754997918,15.56189666
600.96,54.7334,23,5.669301718,2.02492862,0.799814821,12,1.561546389,0.70754717,15.8410255
601.26,54.7668,19,4.898562065,2.306279837,0.866750892,11,1.912566952,0.819621928,16.22086499
602.6,54.9161,22,5.789529959,1.888992975,0.698682998,12,1.550911951,0.672280461,17.1026655
602.9,54.9496,20,5.453922159,2.284359982,0.844720784,10,1.825737652,0.797011971,17.76363448
603.7,55.0387,14,2.880246512,1.54405206,0.690476715,9,1.426920774,0.680752932,17.87829626
604.14,55.0878,23,6.245719114,1.919404496,0.719998632,10,1.518618283,0.683013455,23.93473366
604.44,55.1212,20,4.770306806,1.608976132,0.666287568,10,1.35088641,0.643772059,23.79616167
604.89,55.1714,18,4.15526297,1.701867265,0.729783036,13,1.622926038,0.72466716,23.9043118
605.6,55.2505,26,6.425780058,2.220103493,0.844407271,11,1.488804736,0.686307524,24.01458893
605.9,55.2839,16,3.68317158,1.891497828,0.807933674,10,1.463055561,0.692219388,23.94316983
607.1,55.4177,23,6.736644793,1.974461123,0.743087439,12,1.621656793,0.709577675,24.17492122
607.4,55.4511,18,4.425664173,2.007040889,0.817936636,10,1.688013321,0.772047681,25.13983056
608.6,55.5848,21,5.137707451,1.963710738,0.756901137,11,1.508752116,0.691947534,25.24428105
608.9,55.6183,16,3.810616262,1.946041851,0.817376,10,1.646497184,0.77024,24.83137494
609.3,55.6628,20,4.702405099,2.123077225,0.829632279,11,1.576547415,0.685443787,26.35195497
610.01,55.742,15,3.368294529,1.591461977,0.702063668,10,1.281593603,0.628074722,23.5514851
610.21,55.7642,19,4.538648507,1.722018935,0.746656488,10,1.332329856,0.653382436,22.63727359
610.405,55.786,19,4.383495994,1.570131076,0.66587695,12,1.211022435,0.598294546,22.10074667
610.61,55.8088,18,4.073554199,1.659812247,0.693535086,12,1.045136965,0.435676441,21.30409092
610.71,55.82,17,3.721118091,1.646272475,0.710017852,12,1.031261127,0.437945895,21.34343769
610.82,55.8334,21,4.592424954,2.058206743,0.802572314,13,1.489667779,0.65823595,21.0598391
610.9,55.847,22,5.219948061,1.817907849,0.698507067,11,1.113350318,0.498451112,20.01346794
611,55.864,24,5.332571771,1.916288219,0.736345706,13,1.150453897,0.480921114,20.56798868
611.115,55.8836,18,3.85032946,1.8376156,0.724421782,11,1.205378164,0.504002248,19.79698635
611.195,55.8972,20,4.84395382,1.876439868,0.767622352,11,1.184626436,0.526077098,19.25252608
611.315,55.9176,21,5.395968329,2.286236461,0.83597442,12,1.630876743,0.660395641,19.35548683
611.355,55.9244,23,5.935860304,2.396318068,0.87744898,13,1.710600785,0.742908163,19.10529468
611.47,55.9439,31,9.078047623,2.626109613,0.901653831,14,2.045208052,0.828402699,19.04055556
611.515,55.9516,25,6.770766661,2.568926486,0.901986472,13,1.881407108,0.79259523,18.50566509
611.56,55.9592,25,6.615183633,2.547545772,0.896577558,13,1.919080744,0.797972939,17.46951481
611.64,55.9728,23,5.769531229,2.569706996,0.898618651,14,1.963277684,0.812577264,17.25957427
611.7,55.983,30,8.8872211,2.636195946,0.891890605,16,2.203794712,0.852049967,17.11509729
611.74,55.9898,23,5.935860304,2.541500388,0.895637755,14,2.072460952,0.826862245,16.17904265
611.775,55.9958,27,7.874081344,2.717490961,0.914259846,15,2.287009337,0.87088173,16.04471406
611.795,55.9992,28,8.188304448,2.801555304,0.919233659,15,2.312641029,0.875902778,15.91673597
611.815,56.0027,28,7.952053985,2.74108388,0.912259068,15,2.334896372,0.879408284,15.58207431
611.835,56.0062,29,8.275001745,2.525215946,0.891273548,15,1.994890779,0.811973543,15.54948329
611.86,56.0106,26,7.459597486,2.64035054,0.906707842,16,2.205709689,0.85840994,15.53017238
611.885,56.0151,26,7.084417313,2.417491852,0.864149454,13,1.818939008,0.761344307,15.52012772
611.905,56.0186,27,7.747437722,2.733515903,0.90305706,16,2.144529298,0.810669175,15.20907797
611.925,56.0222,23,6.147515764,2.24669026,0.832132982,14,1.690861613,0.706119452,15.2658426
611.945,56.0257,23,6.502167632,2.378530564,0.862112171,14,1.818907259,0.760304954,15.27274797
611.965,56.0293,25,7.123851274,2.541685164,0.885740522,12,1.904900145,0.79203913,15.25165475
611.985,56.0328,22,6.006929909,2.440076084,0.873345645,12,1.831304122,0.770198523,15.16514606
612.005,56.0364,30,9.145120128,2.656887217,0.899663963,15,2.04406772,0.807254,15.1339494
612.025,56.0399,31,8.757874645,2.51250869,0.864331558,14,1.746229021,0.710059172,15.3039441
612.055,56.0452,25,7.25943173,2.555456881,0.883884298,13,1.891386675,0.773670274,15.77215586
612.095,56.0523,26,7.010766239,2.609932303,0.897881578,13,2.013385943,0.817814813,16.31618687
612.195,56.0701,27,7.468982932,2.476239188,0.870754459,13,1.832759374,0.752016461,16.96271481
612.295,56.0878,24,6.216915601,2.289262038,0.850827936,13,1.561985611,0.687041262,16.25716674
612.355,56.0985,22,5.627523283,2.103928442,0.827371902,12,1.468602699,0.675808264,16.55884499
612.405,56.1073,25,7.25943173,2.109760335,0.815371903,13,1.396513896,0.646433471,16.86152676
612.45,56.1153,19,4.46598018,1.863563078,0.764474505,12,1.22150651,0.585098855,18.41208701
612.495,56.1233,18,4.65359689,1.869447111,0.770810538,13,1.199619636,0.536179698,18.40961436
612.55,56.1331,19,4.823227293,2.129233396,0.821284018,11,1.38594118,0.632797045,19.22454788
612.605,56.1428,22,5.829870699,2.26941674,0.854383454,13,1.597087262,0.703439935,13.56550914
612.645,56.1499,17,4.351969994,2.100391618,0.832502669,12,1.415195237,0.649206749,13.84539531
612.705,56.1606,24,6.691028629,2.109334263,0.772657309,14,1.38027376,0.543200931,14.09947771
612.75,56.1685,23,6.302747954,2.22209273,0.816755242,12,1.52419401,0.642398124,14.38501038
612.805,56.1783,24,6.331806709,2.5070876,0.886115403,14,1.93150774,0.781273621,15.30897722
612.85,56.1863,24,6.778472738,2.537554019,0.878806109,14,2.045211038,0.805313279,15.57208583
612.9,56.1952,20,5.279185227,2.243904483,0.848376424,11,1.638403545,0.714646733,21.79830061
612.985,56.2102,22,6.127281475,2.360254697,0.863597395,12,1.695512519,0.716039586,20.41845244
613.105,56.2315,18,4.331388978,1.63762745,0.69861051,12,0.939112049,0.376551782,19.61600055
613.205,56.2493,23,6.191184272,1.745455603,0.636641518,12,1.463267122,0.600006719,19.73937078
613.305,56.267,18,4.513406615,1.632386052,0.689378687,9,0.932096048,0.381705211,20.26981575
613.505,56.3025,17,4.242705685,1.480647326,0.603535401,11,0.981260245,0.399496577,21.09979327
613.705,56.338,16,3.787643737,1.222970859,0.50026913,11,0.791903324,0.304313725,21.96508495
613.905,56.3735,13,3.04752251,1.33610016,0.581579178,9,0.833067343,0.34505197,22.31461824
614.105,56.409,17,4.21319392,1.91453839,0.781759077,9,1.234268333,0.558115339,22.68125701
614.305,56.4444,17,3.959320009,1.436436849,0.650716413,8,0.652083176,0.267405355,23.90281625
614.495,56.4781,20,4.924216444,1.793857751,0.741100037,11,1.059261696,0.454781474,22.31248941
614.605,56.4977,20,4.631493508,1.49559588,0.660966096,12,0.777956767,0.312182849,23.52919813
614.805,56.5331,13,2.946340421,1.193733694,0.599409724,8,0.472433212,0.186875,23.55941011
614.995,56.5669,12,2.434803524,0.594077751,0.239664384,9,0.559877284,0.234339704,24.13223613
615.47,56.6511,25,7.496047298,2.246014732,0.815792666,13,1.81765207,0.775145773,18.91035173
615.57,56.6689,16,3.916247491,1.94558614,0.789153524,13,1.342001805,0.550294617,19.18767223
615.87,56.7221,25,7.466284003,2.403144029,0.865817967,13,1.825114495,0.792520776,24.85839539
616.37,56.8108,17,4.526819476,1.654880914,0.700036393,12,1.567374044,0.694545043,24.93117384
616.57,56.8463,20,5.371721007,1.949079416,0.771390347,15,1.472535222,0.618106139,25.42770725
616.75,56.8782,24,6.908397139,2.305683206,0.829989713,12,1.717133853,0.729206349,25.62616456
617.57,57.0237,17,4.141282423,1.981875146,0.805422151,11,1.490078217,0.692742415,25.60940344
617.87,57.0769,18,5.121159593,1.681720458,0.624403888,10,1.311886548,0.555609921,25.78666727
618.27,57.1432,20,5.28726702,1.955230573,0.766131692,11,1.628327877,0.71757651,25.85308398
618.57,57.1912,17,4.190352828,1.775151269,0.742814774,10,1.169921645,0.510851181,25.78821827
618.86,57.2376,20,5.532579475,2.123517114,0.8071,12,1.654268163,0.71350479,25.60841624
619.57,57.3512,21,5.546369503,1.929028612,0.754503597,11,1.550378066,0.693965442,25.50949844
619.97,57.4152,19,5.158699093,1.744969906,0.68995,13,1.283162854,0.570177021,25.49230209
620.35,57.476,21,5.871983434,1.950232732,0.729863516,11,1.515041579,0.639882831,25.31752138
620.57,57.5112,20,5.453922159,1.872708076,0.772559171,14,1.424074839,0.620831291,25.35635684
620.835,57.5536,19,5.196520516,1.76402758,0.664254478,11,1.507975096,0.638962695,26.15490897
621.57,57.686,14,3.262805822,1.873910895,0.793408781,10,1.38884142,0.644671797,26.79234142
625.07,58.962,14,3.301305582,1.60100901,0.694964368,10,0.989030628,0.441694215,25.65879315
625.17,58.9649,28,8.047517122,2.48510759,0.855129747,13,1.894910176,0.780082856,25.99534669
625.77,58.982,14,3.366639082,1.26103591,0.503070486,9,0.605658961,0.22748309,27.47585973
626.17,58.9934,11,2.49688138,0.936074363,0.397608077,7,0.583851245,0.251874954,27.72476501
626.38,58.9994,11,2.534129107,0.980955777,0.441026475,7,0.318002233,0.110677083,27.63196832
627.17,59.022,17,4.394260114,1.455297812,0.619803941,11,0.755272377,0.283926234,28.46801301
627.43,59.0294,9,1.926433948,1.141220033,0.594002308,6,0.219807981,0.076412918,28.88649116
628.07,59.0477,13,3.087459709,1.174273506,0.507792982,8,0.427327755,0.159543182,29.79566163
628.17,59.0506,17,4.236715107,1.627066213,0.649943288,10,0.878894817,0.365380362,29.76827627
628.985,59.0739,16,3.905488077,1.289705148,0.504150972,10,0.76598806,0.297244444,30.33591787
629.17,59.0791,19,5.149456201,1.933491494,0.740773743,11,1.065543307,0.458891967,29.11851121
630.17,59.1077,13,3.078333847,1.726015554,0.723610819,8,0.820417997,0.353113968,28.85009238
630.45,59.1157,16,3.996324766,1.056969477,0.429724178,8,0.467667699,0.174144594,29.7240278
630.87,59.1277,12,2.732393757,0.892031232,0.348539686,6,0.301237196,0.112027524,29.42834867
631.07,59.1334,12,2.754719304,1.028814785,0.445621216,6,0.258290207,0.091855956,31.17255024
631.17,59.1363,17,4.345124469,1.786238871,0.750071636,9,0.76518679,0.319095776,30.84407636
632.17,59.1649,22,5.641301771,2.049906644,0.798776316,12,1.233545521,0.527425831,18.50217178
632.34,59.1697,16,4.002387707,1.830540491,0.765962092,9,0.727562174,0.29409621,18.7094981
632.57,59.1763,17,4.219009142,1.680786385,0.742544528,10,0.927143343,0.483282488,18.4396967
633.17,59.1934,18,4.519593457,1.941258798,0.806404915,9,1.006970588,0.495580393,18.3806312
633.47,59.202,15,3.65376173,1.264571069,0.57343658,9,0.547067175,0.207304527,18.70148513
634.06,59.2189,6,1.260273016,0.939431709,0.545881028,4,0.261726536,0.105179208,18.1565177
634.57,59.2334,9,1.911534611,0.674704004,0.293922904,5,0.190952588,0.066139233,18.79712802
634.66,59.236,16,4.002387707,1.159381791,0.518342212,10,0.472210669,0.161712353,19.1663137
634.98,59.2497,15,3.643282936,1.816153226,0.783347109,8,0.958546162,0.446300816,18.98875648
635.71,59.2891,18,4.721169057,1.431372417,0.585334585,10,0.669779182,0.2770193,20.26550264
636.16,59.3134,18,4.705714206,1.143272516,0.418319438,7,0.455998832,0.174050335,20.16731246
636.45,59.3291,15,3.726096599,1.557202095,0.644092803,9,0.998198607,0.43995,19.78072131
637.45,59.383,19,4.927527781,1.327870306,0.591412744,9,0.6111581,0.232379497,19.17486415
638.545,59.4421,18,4.632151067,1.717616999,0.684711616,9,0.994867968,0.421587302,18.79354425
639.47,59.4921,15,3.486753873,1.178876789,0.477276954,8,0.960694383,0.435085381,18.45595833
640.07,59.5245,19,4.863562495,1.863091121,0.746247929,9,0.564902495,0.216974944,18.86093031
640.63,59.5547,21,5.769146198,2.024312132,0.774390776,9,0.968581822,0.407528345,18.76750501
641.02,59.5757,18,4.453902331,1.359756224,0.511249818,9,1.094676565,0.465365493,19.35787111
641.52,59.6027,17,4.305197816,1.927037969,0.752569796,9,0.993883905,0.424125514,17.20723954
641.63,59.6087,25,7.147610306,2.090118481,0.742815734,11,1.330176157,0.535308642,16.83814865
641.97,59.627,16,3.783139685,1.102406081,0.412231445,8,0.773560918,0.321904644,16.43557498
644.58,59.7679,26,7.612998645,1.966861692,0.740433675,12,1.247902323,0.525123967,15.92260838
645.86,59.837,22,6.383159852,2.213119041,0.819162504,11,1.642437942,0.702163993,15.89626456
647.36,59.9179,23,6.834020437,2.273338729,0.82399057,12,1.780438809,0.75767313,15.78293566
647.57,59.9293,20,5.482765927,1.477531203,0.597691853,11,1.26606493,0.570381921,15.91486424
654.18,60.286,23,8.452463483,2.120565908,0.747916666,10,1.50513582,0.653057851,15.895887
655.16,60.3389,21,6.03254217,1.944924875,0.68963989,8,1.002032589,0.421567444,15.90276514
655.67,60.3665,22,5.662303581,1.718810214,0.705925926,11,1.348921831,0.652002984,15.87141792
656.66,60.4199,23,6.596020228,2.11479663,0.786520455,9,1.25610317,0.551530006,15.78190783
657.38,60.4588,20,5.194251423,1.750878209,0.722151222,11,1.417494462,0.674494649,15.62658074
658.16,60.5009,17,4.408840409,1.812528709,0.720876586,9,1.044938615,0.449493824,15.68319893
658.67,60.5284,16,4.065830352,1.625941483,0.698193003,8,1.318263903,0.649729279,17.04835811
659.66,60.5818,26,7.90641039,2.252859572,0.779123415,9,1.400582171,0.610691891,18.01080387
660.18,60.6099,15,3.494976179,1.282950754,0.531746033,7,1.001866945,0.47927355,17.24518984
660.69,60.6374,21,5.759342364,1.542110338,0.563028666,8,0.981368377,0.456054446,17.4911934
661.68,60.6909,21,5.656692735,1.87430791,0.738938054,11,1.351040612,0.646350528,17.57365926
662.46,60.733,21,5.74962086,2.003966521,0.75085734,9,1.11581511,0.483219305,17.88412573
663.18,60.7718,22,6.170155491,1.684437564,0.679423282,11,1.296614981,0.617292339,18.93481686
663.46,60.7869,20,5.416612943,1.818604992,0.673949803,8,1.02482118,0.439661239,17.90006288
663.78,60.8042,22,6.225893717,2.368256548,0.863964154,10,1.648420564,0.739570718,18.11399385
664.96,60.8679,19,5.020067959,1.563885943,0.641375171,10,1.176686714,0.58009968,18.04442218
665.27,60.8846,20,5.224323417,1.893323008,0.730792213,9,1.327827063,0.635366904,18.15756962
666.46,60.9489,21,6.03254217,1.632519187,0.587036014,9,1.041456705,0.46298953,18.54890032
666.78,60.9661,22,6.148533814,1.890722861,0.713337409,9,1.218314499,0.586838817,18.50096476
668.025,61.0333,19,4.988230293,1.71970702,0.676487606,9,1.219859315,0.571028495,18.67046036
668.27,61.0466,20,5.416612943,2.029011715,0.762415449,11,1.410437824,0.636633794,18.5506199
669.46,61.1108,13,3.204357812,1.173851917,0.500845304,8,0.678905926,0.271799629,18.57762834
669.77,61.1275,25,7.183980842,2.160370184,0.813062888,11,1.587462627,0.734140715,18.96480132
673.36,61.3213,17,3.744736021,1.07776459,0.448222308,8,0.693928467,0.3373552,18.82661675
674.55,61.3855,21,5.789005551,1.409442332,0.560786755,10,1.032435161,0.501977723,18.82797652
674.94,61.4066,13,2.835450793,0.827997341,0.337401655,7,0.710342946,0.324356962,18.64558815
675.57,61.4406,18,3.172814348,0.280467375,0.082783566,9,0.213588592,0.072508585,18.49503227
682.77,61.8292,22,5.31109513,1.575261711,0.676268698,11,1.35460872,0.654372397,19.16653842
683.09,61.8465,21,5.570865614,2.087505982,0.811512496,10,1.457361526,0.684922103,19.51685757
683.26,61.8557,21,5.665650414,1.77923509,0.714903702,11,1.447507056,0.670156643,20.79935884
684.23,61.908,18,4.590751126,2.027949321,0.787711774,8,1.166619148,0.553250228,20.42754611
684.27,61.9102,24,6.659629836,1.690335504,0.592048584,10,0.964811551,0.39528871,20.60565327
692.97,64.6785,19,4.729553034,2.139258472,0.803166877,7,1.074870773,0.529384757,20.72189737
694.47,64.8061,18,4.632151067,2.245379348,0.859196167,9,1.505686762,0.687989227,21.06288955
695.97,64.9336,19,4.803702781,2.219694199,0.836704343,8,0.740306999,0.310982345,21.45213989
697.47,65.3089,15,4.525054834,1.679667557,0.734999998,8,0.648400995,0.263715392,22.03227538
698.61,65.6431,18,5.493580247,1.549283246,0.630918366,7,0.902202852,0.384773663,21.43562311
698.79,66.4318,17,4.997541084,1.765745739,0.69764566,7,1.339992681,0.618842975,21.75170706
698.85,66.4425,14,3.588014109,0.931180547,0.347139646,7,1.517025398,0.711734694,21.4796571
698.89,66.4496,18,6.037256983,2.075693793,0.782206909,10,1.68028827,0.718792867,22.91344639
698.93,66.4567,17,4.983946662,2.035375921,0.77950835,7,0.942384023,0.409379794,23.01769275
698.955,66.4612,15,4.109628186,1.873218229,0.758222296,8,0.770748535,0.349821923,22.74344177
699.2,66.5049,14,4.430310773,1.99495766,0.8232,6,0.848617009,0.392223161,24.12505573
699.9,66.6297,10,2.655962122,1.832895365,0.798947704,5,0.784776442,0.400226223,24.92441454
700.48,66.7331,10,2.459330594,1.395384736,0.643026004,6,0.561698071,0.242743484,26.16076405
701.46,66.9078,11,2.558054995,1.396872756,0.59954908,7,0.609734263,0.254361599,25.7831236
701.7,66.9506,11,2.860202063,1.038470666,0.408950528,7,0.742416148,0.316928069,19.68493386
702.58,67.1075,11,4.410581155,1.81013642,0.728029988,6,1.099903868,0.517013233,19.8321091
704.06,67.3714,11,2.504085224,1.450415169,0.651,8,0.666841069,0.289778144,19.87369591
704.66,67.4784,8,2.302803179,1.493596028,0.669367284,5,0.783042459,0.357698962,20.25373846
705.56,67.6388,11,2.831171828,1.80019438,0.759286694,6,0.813526606,0.379904,20.68041198
706.15,67.744,12,3.361599879,1.162662997,0.54592747,5,0.7645281,0.445256067,21.31368601
707.08,67.9098,11,3.453924729,1.42162316,0.5853125,7,0.812539324,0.343396863,21.93244931
708.58,68.1773,9,1.961253955,1.367986809,0.623776761,6,0.70945872,0.357281873,22.38132196
709.16,68.2716,14,4.356175016,1.681246173,0.723742605,7,0.760206645,0.334863789,25.79095468
710.06,68.2951,12,2.980902341,1.868939048,0.803762641,7,1.269959362,0.631915526,26.30024192
710.66,68.3109,13,3.150650031,1.563150872,0.659613715,6,0.543740167,0.217349479,26.39605513
711.36,68.3292,10,2.355584629,1.725127611,0.779606768,6,0.97128867,0.514708124,26.31948232
711.66,68.337,11,2.668302795,1.761530563,0.792790734,5,0.731661872,0.387838487,26.46185395
711.85,68.342,12,3.299496173,1.65497311,0.740929856,6,0.977756068,0.483983334,27.05549587
712.15,68.3499,12,3.112150932,1.96547902,0.815489969,7,1.32547514,0.673251029,27.22453774
713.14,68.3758,14,3.391767374,1.707336002,0.743868002,7,0.883444797,0.412904138,28.07357913
713.46,68.3863,13,3.166210454,1.664151277,0.685367151,8,0.887804766,0.378265348,28.00319678
714.64,68.4329,12,2.865037139,1.699736161,0.728176668,7,1.06909311,0.545526693,28.94863221
714.94,68.4448,9,1.866385539,1.12953441,0.51931947,5,0.809689096,0.46982323,28.31368144
716.14,68.4921,12,3.083438023,1.986545362,0.821585099,6,0.975999031,0.451171206,29.76733676
716.44,68.504,8,1.693534465,1.325852099,0.656140645,5,0.531749258,0.232524285,29.87249372
717.69,68.5533,8,1.710695515,0.915946903,0.395664772,4,0.438878675,0.207738776,30.25715251
718.89,68.6007,11,2.678737921,1.689546253,0.707890625,5,0.76446627,0.347222222,29.60124812
719.21,68.6134,13,3.176861036,1.665650957,0.681460723,7,0.900823478,0.385123457,29.24128658
721.26,68.6943,13,3.01029236,1.74504983,0.781917996,7,0.427078232,0.162650232,29.42566316
721.56,68.7061,10,2.103498596,1.607354423,0.749470664,5,0.295509232,0.112222222,29.06650424
723.06,68.7654,16,3.75672115,1.625030118,0.711001691,7,0.432141143,0.169873126,28.91837542
724.32,68.8151,16,3.638342323,2.151101543,0.857595234,8,1.182722923,0.554558054,23.38593631
725.42,68.8586,10,2.124738681,1.247959851,0.535983348,5,0.563952115,0.269035438,23.2030406
725.72,68.8704,9,1.830732418,1.086115242,0.533753901,5,0.345906852,0.139982532,23.25119538
727.22,68.9296,10,2.397097905,1.629822885,0.688880345,5,0.686813023,0.314986185,28.46569357
728.74,68.9896,12,2.860323105,1.639922603,0.68060282,8,0.946861543,0.408395062,28.93367472
730.08,69.0426,12,3.00486846,1.659700888,0.680078125,7,0.948777444,0.408907388,
731.13,69.084,14,3.114101497,0.852836656,0.351554293,7,0.348343219,0.126058927,
732.63,69.1432,19,4.803702781,2.033646744,0.764954723,8,1.15946897,0.516885643,
734.13,69.2025,14,3.242444651,2.054843397,0.820451389,7,1.51468019,0.715412435,
735.63,69.2617,15,3.840377701,2.398174135,0.892676371,7,1.697088601,0.778448083,
736.99,69.3154,13,3.150650031,1.380770774,0.541286891,7,0.896848443,0.392881394,
738.45,69.373,17,5.599279425,1.970839068,0.78256635,9,1.019700132,0.435,
739.69,69.422,12,3.062779274,1.660718732,0.693653788,8,0.980988633,0.422143147,
740.46,69.4524,12,2.649229142,1.333136526,0.526342528,5,0.39408863,0.162343936,
740.78,69.465,14,3.786128929,1.807272279,0.751858023,7,1.153688823,0.538623083,
742.28,69.5243,13,2.786879292,1.266129658,0.502137474,7,0.570325688,0.240346739,
743.76,69.5827,10,2.261533085,1.832056351,0.776910626,5,1.217656143,0.615122457,
744.96,69.6301,9,2.128020494,1.857526435,0.798611111,4,0.608059251,0.300502044,
745.26,69.6419,16,3.801335444,1.884712497,0.725844042,9,1.007138603,0.42306167,
746.78,69.702,12,3.042823747,1.814615098,0.79886996,8,1.320186139,0.648639412,
750.18,69.8362,9,2.201880317,1.588165284,0.704404784,7,1.371022551,0.642990205,