location,substrate,type,IIIa-tot,IIIb-tot,IIIc-tot,Iia-tot,Iib-tot,Iic-tot,brGDGT-Ia,brGDGT-Ib,brGDGT-Ic,SUMBR,FR.TETR,FR.PEN,FR.HEX,NoRINGStetra,NoRINGSpenta,NoRINGSpenta5,NoRINGSpenta6,IRpenta,IRhexa,,Iia,Iia',Iib,Iib',Iic,Iic',IIIa,IIIa',IIIb,IIIb',IIIc,IIIc'
Harrell,shelf sediment,Paleogene,1.09E+04,,,1.05E+05,1.36E+04,,1.82E+06,2.56E+05,4.75E+04,2253000.00,94.25,5.26,0.48,0.17,0.11,,,0.00,0.00,,,,,,,,,,,,,
Harrell,shelf sediment,Paleogene,,,,2.47E+04,,,7.69E+05,1.04E+05,3.60E+04,933700.00,97.35,2.65,0.00,0.19,0.00,,,0.00,,,,,,,,,,,,,,
Harrell,shelf sediment,Paleogene,,,,,,,1.63E+05,2.56E+04,4.99E+03,193590.00,100.00,0.00,0.00,0.18,,,,,,,,,,,,,,,,,,
Harrell,shelf sediment,Paleogene,,,,5.82E+03,,,2.50E+05,4.26E+04,1.27E+04,311120.00,98.13,1.87,0.00,0.22,0.00,,,0.00,,,,,,,,,,,,,,
Harrell,shelf sediment,Paleogene,,,,9.71E+03,,,3.98E+05,7.03E+04,6.19E+04,539910.00,98.20,1.80,0.00,0.37,0.00,,,0.00,,,,,,,,,,,,,,
Harrell,shelf sediment,Paleogene,,,,,,,1.22E+05,8.84E+03,8.45E+03,139290.00,100.00,0.00,0.00,0.18,,,,,,,,,,,,,,,,,,
Harrell,shelf sediment,Paleogene,,,,,,,1.07E+04,,,10700.00,100.00,0.00,0.00,0.00,,,,,,,,,,,,,,,,,,
Harrell,shelf sediment,Paleogene,,,,,,,1.77E+04,,,17700.00,100.00,0.00,0.00,0.00,,,,,,,,,,,,,,,,,,
Harrell,shelf sediment,Paleogene,,,,1.93E+04,,,7.63E+05,7.99E+04,8.00E+04,942200.00,97.95,2.05,0.00,0.26,0.00,,,0.00,,,,,,,,,,,,,,
Harrell,shelf sediment,Paleogene,,,,,,,1.43E+05,2.51E+04,1.39E+04,182000.00,100.00,0.00,0.00,0.29,,,,,,,,,,,,,,,,,,
Harrell,shelf sediment,Paleogene,,,,,,,1.18E+05,2.40E+04,6.97E+03,148970.00,100.00,0.00,0.00,0.25,,,,,,,,,,,,,,,,,,
Harrell,shelf sediment,Paleogene,,,,,,,2.11E+05,3.02E+04,1.84E+04,259600.00,100.00,0.00,0.00,0.26,,,,,,,,,,,,,,,,,,
Harrell,shelf sediment,Paleogene,,,,1.81E+04,,,4.56E+05,9.09E+04,6.56E+04,630600.00,97.13,2.87,0.00,0.36,0.00,,,0.00,,,,,,,,,,,,,,
Harrell,shelf sediment,Paleogene,,,,4.89E+04,,,1.15E+06,2.35E+05,1.31E+05,1564900.00,96.88,3.12,0.00,0.33,0.00,,,0.00,,,,,,,,,,,,,,
Harrell,shelf sediment,Paleogene,,,,3.13E+04,,,2.67E+05,5.69E+04,3.81E+04,393300.00,92.04,7.96,0.00,0.37,0.00,,,0.00,,,,,,,,,,,,,,
Harrell,shelf sediment,Paleogene,,,,6.07E+04,,,1.80E+05,3.14E+04,2.10E+05,482100.00,87.41,12.59,0.00,1.07,0.00,,,0.00,,,,,,,,,,,,,,
Harrell,shelf sediment,Paleogene,4.49E+04,,,3.30E+05,7.78E+04,3.40E+03,1.97E+06,2.45E+05,8.07E+04,2751800.00,83.43,14.94,1.63,0.18,0.21,,,0.00,0.00,,,,,,,,,,,,,
Harrell,shelf sediment,Paleogene,2.77E+04,,,5.45E+05,3.75E+04,5.59E+03,3.17E+06,3.67E+05,1.07E+05,4259790.00,85.54,13.81,0.65,0.16,0.08,,,0.00,0.00,,,,,,,,,,,,,
Harrell,shelf sediment,Paleogene,6.66E+04,,,5.20E+05,5.18E+04,5.00E+03,2.81E+06,3.11E+05,9.30E+04,3857400.00,83.32,14.95,1.73,0.15,0.11,,,0.00,0.00,,,,,,,,,,,,,
Harrell,shelf sediment,Paleogene,2.99E+04,,,2.87E+05,6.63E+04,2.47E+03,1.48E+06,1.78E+05,4.96E+04,2093270.00,81.58,17.00,1.43,0.16,0.20,,,0.00,0.00,,,,,,,,,,,,,
Harrell,shelf sediment,Paleogene,5.43E+04,,,4.93E+05,1.23E+05,3.59E+03,2.65E+06,3.26E+05,8.93E+04,3739190.00,81.98,16.57,1.45,0.16,0.21,,,0.00,0.00,,,,,,,,,,,,,
Harrell,shelf sediment,Paleogene,8.74E+04,,,6.75E+05,1.45E+05,8.13E+03,3.56E+06,4.01E+05,1.19E+05,4995530.00,81.67,16.58,1.75,0.16,0.19,,,0.00,0.00,,,,,,,,,,,,,
Harrell,shelf sediment,Paleogene,4.15E+04,,,3.81E+05,7.33E+04,7.85E+03,1.61E+06,2.56E+05,6.75E+04,2437150.00,79.33,18.96,1.70,0.20,0.19,,,0.00,0.00,,,,,,,,,,,,,
Harrell,shelf sediment,Paleogene,6.51E+04,,,4.80E+05,6.10E+04,5.11E+03,2.12E+06,3.24E+05,8.18E+04,3137010.00,80.52,17.41,2.08,0.19,0.13,,,0.00,0.00,,,,,,,,,,,,,
Harrell,shelf sediment,Paleogene,2.54E+04,,,3.67E+05,4.11E+04,4.02E+03,2.17E+06,2.56E+05,7.67E+04,2940220.00,85.12,14.02,0.86,0.16,0.12,,,0.00,0.00,,,,,,,,,,,,,
Harrell,shelf sediment,Paleogene,2.92E+04,,,2.15E+05,3.32E+04,2.34E+03,1.05E+06,1.26E+05,3.88E+04,1494540.00,81.28,16.76,1.95,0.17,0.15,,,0.00,0.00,,,,,,,,,,,,,
Harrell,shelf sediment,Paleogene,5.49E+04,,,3.96E+05,1.19E+05,6.64E+03,1.56E+06,2.65E+05,7.09E+04,2472440.00,76.68,21.10,2.22,0.21,0.25,,,0.00,0.00,,,,,,,,,,,,,
Harrell,shelf sediment,Paleogene,3.61E+04,,,3.61E+05,3.64E+04,4.16E+03,2.25E+06,2.93E+05,8.69E+04,3067560.00,85.73,13.09,1.18,0.18,0.11,,,0.00,0.00,,,,,,,,,,,,,
mid-waipara,shelf sediment,Paleogene,0.009,,,0.026,0.010,0.002,0.084,0.010,0.004,0.15,67.54,25.95,6.52,0.19,0.38,,,0.00,0.00,,,,,,,,,,,,,
mid-waipara,shelf sediment,Paleogene,0.006,,,0.016,0.007,0.002,0.101,0.013,0.007,0.15,79.20,16.88,3.92,0.22,0.47,,,0.00,0.00,,,,,,,,,,,,,
mid-waipara,shelf sediment,Paleogene,0.005,,,0.019,0.007,0.002,0.097,0.012,0.006,0.15,77.80,18.61,3.58,0.21,0.40,,,0.00,0.00,,,,,,,,,,,,,
mid-waipara,shelf sediment,Paleogene,0.005,,,0.016,0.005,0.001,0.143,0.012,0.007,0.19,86.07,11.35,2.58,0.16,0.31,,,0.00,0.00,,,,,,,,,,,,,
mid-waipara,shelf sediment,Paleogene,0.007,,,0.018,0.007,0.002,0.157,0.016,0.009,0.21,84.37,12.58,3.05,0.19,0.40,,,0.00,0.00,,,,,,,,,,,,,
mid-waipara,shelf sediment,Paleogene,0.006,,,0.021,0.007,0.002,0.120,0.012,0.006,0.17,79.47,16.95,3.58,0.17,0.38,,,0.00,0.00,,,,,,,,,,,,,
mid-waipara,shelf sediment,Paleogene,0.005,,,0.018,0.006,0.002,0.100,0.012,0.006,0.15,79.11,17.34,3.55,0.20,0.41,,,0.00,0.00,,,,,,,,,,,,,
mid-waipara,shelf sediment,Paleogene,0.004,,,0.012,0.005,0.002,0.075,0.009,0.005,0.11,79.37,16.72,3.91,0.21,0.43,,,0.00,0.00,,,,,,,,,,,,,
mid-waipara,shelf sediment,Paleogene,0.005,,,0.011,0.004,0.002,0.085,0.009,0.006,0.12,81.65,14.32,4.03,0.21,0.45,,,0.00,0.00,,,,,,,,,,,,,
mid-waipara,shelf sediment,Paleogene,0.005,,,0.016,0.005,0.002,0.085,0.010,0.005,0.13,77.84,18.51,3.65,0.20,0.40,,,0.00,0.00,,,,,,,,,,,,,
mid-waipara,shelf sediment,Paleogene,0.005,,,0.009,0.006,0.002,0.071,0.009,0.005,0.11,79.48,16.16,4.36,0.23,0.60,,,0.00,0.00,,,,,,,,,,,,,
mid-waipara,shelf sediment,Paleogene,0.005,,,0.013,0.006,0.002,0.074,0.009,0.005,0.11,77.78,18.08,4.14,0.21,0.44,,,0.00,0.00,,,,,,,,,,,,,
mid-waipara,shelf sediment,Paleogene,0.004,,,0.008,0.004,0.002,0.063,0.008,0.004,0.09,80.27,14.96,4.77,0.22,0.55,,,0.00,0.00,,,,,,,,,,,,,
mid-waipara,shelf sediment,Paleogene,0.003,,,0.007,0.004,0.002,0.042,0.009,0.005,0.07,76.87,18.84,4.29,0.34,0.63,,,0.00,0.00,,,,,,,,,,,,,
mid-waipara,shelf sediment,Paleogene,0.003,,,0.009,0.004,0.002,0.052,0.008,0.006,0.08,77.69,18.64,3.67,0.30,0.54,,,0.00,0.00,,,,,,,,,,,,,
mid-waipara,shelf sediment,Paleogene,0.004,,,0.015,0.004,0.001,0.056,0.007,0.004,0.09,73.50,22.51,3.99,0.21,0.33,,,0.00,0.00,,,,,,,,,,,,,
mid-waipara,shelf sediment,Paleogene,0.009,,,0.017,0.005,0.002,0.034,0.004,0.002,0.07,55.16,33.08,11.75,0.21,0.36,,,0.00,0.00,,,,,,,,,,,,,
mid-waipara,shelf sediment,Paleogene,0.007,,,0.012,0.004,0.002,0.027,0.004,0.002,0.06,56.74,30.90,12.37,0.25,0.41,,,0.00,0.00,,,,,,,,,,,,,
mid-waipara,shelf sediment,Paleogene,0.004,,,0.007,0.003,0.001,0.026,0.006,0.005,0.05,71.03,22.04,6.93,0.43,0.45,,,0.00,0.00,,,,,,,,,,,,,
mid-waipara,shelf sediment,Paleogene,0.000,,,0.012,0.005,0.002,0.062,0.012,0.015,0.11,82.32,17.68,0.00,0.46,0.49,,,0.00,,,,,,,,,,,,,,
mid-waipara,shelf sediment,Paleogene,0.014,,,0.021,0.007,0.002,0.036,0.004,0.002,0.09,49.48,34.14,16.39,0.21,0.33,,,0.00,0.00,,,,,,,,,,,,,
mid-waipara,shelf sediment,Paleogene,0.022,,,0.022,0.007,0.001,0.039,0.003,0.001,0.10,45.69,31.52,22.80,0.13,0.29,,,0.00,0.00,,,,,,,,,,,,,
mid-waipara,shelf sediment,Paleogene,0.022,,,0.026,0.008,0.001,0.042,0.004,0.002,0.10,46.05,33.13,20.82,0.16,0.30,,,0.00,0.00,,,,,,,,,,,,,
mid-waipara,shelf sediment,Paleogene,0.025,,,0.024,0.008,0.001,0.045,0.004,0.001,0.11,46.02,30.73,23.24,0.14,0.30,,,0.00,0.00,,,,,,,,,,,,,
mid-waipara,shelf sediment,Paleogene,0.018,,,0.017,0.007,0.001,0.047,0.003,0.001,0.09,54.52,26.54,18.94,0.11,0.34,,,0.00,0.00,,,,,,,,,,,,,
mid-waipara,shelf sediment,Paleogene,0.018,,,0.021,0.009,0.001,0.043,0.005,0.002,0.10,49.67,31.84,18.49,0.17,0.37,,,0.00,0.00,,,,,,,,,,,,,
mid-waipara,shelf sediment,Paleogene,0.019,,,0.021,0.008,0.001,0.035,0.004,0.002,0.09,45.62,33.77,20.61,0.19,0.35,,,0.00,0.00,,,,,,,,,,,,,
mid-waipara,shelf sediment,Paleogene,0.014,,,0.018,0.007,0.001,0.035,0.004,0.002,0.08,50.14,33.13,16.74,0.19,0.35,,,0.00,0.00,,,,,,,,,,,,,
mid-waipara,shelf sediment,Paleogene,0.014,,,0.019,0.007,0.001,0.031,0.004,0.002,0.08,47.80,34.17,18.03,0.20,0.34,,,0.00,0.00,,,,,,,,,,,,,
mid-waipara,shelf sediment,Paleogene,0.019,,,0.020,0.007,0.001,0.034,0.004,0.002,0.09,45.42,32.90,21.69,0.21,0.34,,,0.00,0.00,,,,,,,,,,,,,
mid-waipara,shelf sediment,Paleogene,0.010,,,0.016,0.006,0.001,0.029,0.004,0.002,0.07,51.48,33.88,14.63,0.23,0.36,,,0.00,0.00,,,,,,,,,,,,,
mid-waipara,shelf sediment,Paleogene,0.010,,,0.015,0.006,0.001,0.029,0.004,0.002,0.07,51.45,33.31,15.25,0.23,0.37,,,0.00,0.00,,,,,,,,,,,,,
mid-waipara,shelf sediment,Paleogene,0.009,,,0.015,0.005,0.001,0.028,0.004,0.002,0.06,52.56,32.95,14.50,0.22,0.34,,,0.00,0.00,,,,,,,,,,,,,
mid-waipara,shelf sediment,Paleogene,0.011,,,0.016,0.006,0.001,0.034,0.005,0.002,0.08,54.50,31.43,14.07,0.22,0.37,,,0.00,0.00,,,,,,,,,,,,,
mid-waipara,shelf sediment,Paleogene,0.008,,,0.012,0.005,0.001,0.026,0.004,0.002,0.06,54.69,31.53,13.78,0.23,0.40,,,0.00,0.00,,,,,,,,,,,,,
mid-waipara,shelf sediment,Paleogene,0.008,,,0.012,0.005,0.001,0.025,0.004,0.002,0.06,53.26,32.30,14.44,0.24,0.38,,,0.00,0.00,,,,,,,,,,,,,
mid-waipara,shelf sediment,Paleogene,0.009,,,0.014,0.006,0.001,0.031,0.005,0.002,0.07,55.10,31.13,13.77,0.24,0.39,,,0.00,0.00,,,,,,,,,,,,,
mid-waipara,shelf sediment,Paleogene,0.010,,,0.016,0.007,0.001,0.036,0.005,0.002,0.08,55.92,30.62,13.46,0.23,0.38,,,0.00,0.00,,,,,,,,,,,,,
mid-waipara,shelf sediment,Paleogene,0.010,,,0.016,0.007,0.001,0.031,0.006,0.003,0.07,53.33,33.44,13.23,0.28,0.40,,,0.00,0.00,,,,,,,,,,,,,
mid-waipara,shelf sediment,Paleogene,0.009,,,0.015,0.007,0.002,0.034,0.006,0.003,0.08,57.66,31.14,11.20,0.29,0.42,,,0.00,0.00,,,,,,,,,,,,,
mid-waipara,shelf sediment,Paleogene,0.008,,,0.015,0.007,0.001,0.026,0.005,0.003,0.07,51.82,35.59,12.60,0.31,0.42,,,0.00,0.00,,,,,,,,,,,,,
U1356,shelf sediment,Paleogene,1450000,0,166000,7250000,920000,182000,17000000,1470000,620000,29058000.00,65.70,28.74,5.56,0.14,0.15,,,0.00,0.00,,,,,,,,,,,,,
U1356,shelf sediment,Paleogene,643000,0,87700,3420000,427000,80200,6550000,710000,307000,12224900.00,61.90,32.12,5.98,0.17,0.15,,,0.00,0.00,,,,,,,,,,,,,
U1356,shelf sediment,Paleogene,703000,51900,62100,3810000,477000,119000,9490000,809000,357000,15879000.00,67.11,27.75,5.15,0.14,0.16,,,0.00,0.00,,,,,,,,,,,,,
U1356,shelf sediment,Paleogene,815000,0,75600,4030000,537000,93400,10000000,803000,334000,16688000.00,66.74,27.93,5.34,0.13,0.16,,,0.00,0.00,,,,,,,,,,,,,
U1356,shelf sediment,Paleogene,48300,0,51500,270000,46300,0,1600000,83300,63700,2163100.00,80.76,14.62,4.61,0.12,0.15,,,0.00,0.00,,,,,,,,,,,,,
U1356,shelf sediment,Paleogene,547000,0,86600,2970000,424000,96300,8210000,661000,300000,13294900.00,68.98,26.25,4.77,0.14,0.18,,,0.00,0.00,,,,,,,,,,,,,
U1356,shelf sediment,Paleogene,519000,39500,32900,2950000,374000,80300,8470000,683000,306000,13454700.00,70.30,25.30,4.40,0.14,0.16,,,0.00,0.00,,,,,,,,,,,,,
U1356,shelf sediment,Paleogene,190000,0,14100,1130000,196000,52900,3970000,350000,152000,6055000.00,73.86,22.77,3.37,0.15,0.22,,,0.00,0.00,,,,,,,,,,,,,
U1356,shelf sediment,Paleogene,247000,33700,25300,1380000,188000,31400,3910000,297000,128000,6240400.00,69.47,25.63,4.90,0.13,0.16,,,0.00,0.00,,,,,,,,,,,,,
U1356,shelf sediment,Paleogene,408000,77300,75100,2330000,342000,91500,8090000,643000,310000,12366900.00,73.12,22.35,4.53,0.14,0.19,,,0.00,0.00,,,,,,,,,,,,,
U1356,shelf sediment,Paleogene,165000,62000,0,1020000,149000,40500,3480000,291000,118000,5325500.00,73.03,22.71,4.26,0.14,0.19,,,0.00,0.00,,,,,,,,,,,,,
U1356,shelf sediment,Paleogene,1300000,0,0,6890000,869000,219000,19100000,1660000,729000,30767000.00,69.84,25.93,4.23,0.15,0.16,,,0.00,0.00,,,,,,,,,,,,,
U1356,shelf sediment,Paleogene,346000,0,0,1650000,206000,48200,4280000,344000,155000,7029200.00,67.99,27.09,4.92,0.14,0.16,,,0.00,0.00,,,,,,,,,,,,,
U1356,shelf sediment,Paleogene,612000,108000,109000,3150000,417000,68500,8200000,680000,298000,13642500.00,67.28,26.65,6.08,0.14,0.15,,,0.00,0.00,,,,,,,,,,,,,
U1356,shelf sediment,Paleogene,1250000,0,55500,7320000,956000,241000,21200000,2180000,971000,34173500.00,71.26,24.92,3.82,0.17,0.17,,,0.00,0.00,,,,,,,,,,,,,
U1356,shelf sediment,Paleogene,1010000,0,0,6460000,760000,178000,17500000,1500000,910000,28318000.00,70.31,26.12,3.57,0.17,0.15,,,0.00,0.00,,,,,,,,,,,,,
U1356,shelf sediment,Paleogene,87100,0,0,214000,37500,11800,1330000,71600,50100,1802100.00,80.56,14.61,4.83,0.12,0.23,,,0.00,0.00,,,,,,,,,,,,,
U1356,shelf sediment,Paleogene,73900,12800,0,119000,36500,0,1670000,64000,34600,2010800.00,87.96,7.73,4.31,0.08,0.23,,,0.00,0.00,,,,,,,,,,,,,
U1356,shelf sediment,Paleogene,35800,0,0,95400,27800,0,1180000,41800,27500,1408300.00,88.71,8.75,2.54,0.08,0.23,,,0.00,0.00,,,,,,,,,,,,,
U1356,shelf sediment,Paleogene,49600,0,0,90700,29900,0,1220000,39700,30300,1460200.00,88.34,8.26,3.40,0.08,0.25,,,0.00,0.00,,,,,,,,,,,,,
U1356,shelf sediment,Paleogene,70700,10200,0,139000,42600,12800,1910000,79400,82500,2347200.00,88.27,8.28,3.45,0.12,0.35,,,0.00,0.00,,,,,,,,,,,,,
U1356,shelf sediment,Paleogene,128000,0,0,254000,72300,23600,3200000,155000,100000,3932900.00,87.85,8.90,3.25,0.10,0.34,,,0.00,0.00,,,,,,,,,,,,,
U1356,shelf sediment,Paleogene,65600,0,0,112000,32000,0,1990000,67200,45000,2311800.00,90.93,6.23,2.84,0.07,0.22,,,0.00,0.00,,,,,,,,,,,,,
U1356,shelf sediment,Paleogene,106000,0,0,171000,46700,11200,2600000,94300,52200,3081400.00,89.13,7.43,3.44,0.07,0.30,,,0.00,0.00,,,,,,,,,,,,,
U1356,shelf sediment,Paleogene,216000,31100,11000,444000,99300,31200,4520000,202000,102000,5656600.00,85.28,10.16,4.56,0.08,0.28,,,0.00,0.00,,,,,,,,,,,,,
U1356,shelf sediment,Paleogene,308000,46000,11200,640000,153000,30900,6410000,261000,133000,7993100.00,85.12,10.31,4.57,0.08,0.26,,,0.00,0.00,,,,,,,,,,,,,
U1356,shelf sediment,Paleogene,86000,0,0,157000,48000,15500,2390000,88000,58600,2843100.00,89.22,7.76,3.02,0.08,0.36,,,0.00,0.00,,,,,,,,,,,,,
U1356,shelf sediment,Paleogene,94400,0,0,310000,77400,18300,1910000,132000,50900,2593000.00,80.71,15.65,3.64,0.11,0.28,,,0.00,0.00,,,,,,,,,,,,,
U1356,shelf sediment,Paleogene,59200,0,0,114000,30900,0,1360000,51900,26700,1642700.00,87.58,8.82,3.60,0.07,0.21,,,0.00,0.00,,,,,,,,,,,,,
U1356,shelf sediment,Paleogene,30400,0,0,45200,16500,0,788000,20300,14600,915000.00,89.93,6.74,3.32,0.06,0.27,,,0.00,0.00,,,,,,,,,,,,,
U1356,shelf sediment,Paleogene,56000,0,0,105000,30100,0,1330000,48400,25600,1595100.00,88.02,8.47,3.51,0.07,0.22,,,0.00,0.00,,,,,,,,,,,,,
U1356,shelf sediment,Paleogene,10100,0,0,28700,0,0,552000,17000,11400,619200.00,93.73,4.64,1.63,0.07,0.00,,,0.00,0.00,,,,,,,,,,,,,
U1356,shelf sediment,Paleogene,137000,17300,0,258000,64800,14600,3250000,141000,75300,3958000.00,87.58,8.52,3.90,0.08,0.28,,,0.00,0.00,,,,,,,,,,,,,
U1356,shelf sediment,Paleogene,59800,10600,0,118000,34500,12200,1300000,57100,30200,1622400.00,85.51,10.15,4.34,0.08,0.36,,,0.00,0.00,,,,,,,,,,,,,
U1356,shelf sediment,Paleogene,13200,0,0,116000,34900,0,362000,63800,17200,607100.00,72.97,24.86,2.17,0.22,0.23,,,0.00,0.00,,,,,,,,,,,,,
U1356,shelf sediment,Paleogene,67300,0,0,158000,45500,17400,2080000,83900,44900,2497000.00,88.46,8.85,2.70,0.08,0.36,,,0.00,0.00,,,,,,,,,,,,,
U1356,shelf sediment,Paleogene,51900,0,0,132000,18800,13500,1520000,53900,36400,1826500.00,88.16,9.00,2.84,0.08,0.28,,,0.00,0.00,,,,,,,,,,,,,
U1356,shelf sediment,Paleogene,75600,0,0,211000,53900,12000,2270000,90200,26300,2739000.00,87.13,10.11,2.76,0.06,0.28,,,0.00,0.00,,,,,,,,,,,,,
U1356,shelf sediment,Paleogene,57800,0,0,111000,27200,0,1650000,56800,34500,1937300.00,89.88,7.13,2.98,0.07,0.20,,,0.00,0.00,,,,,,,,,,,,,
U1356,shelf sediment,Paleogene,78000,13400,0,167000,33000,0,2280000,64300,34700,2670400.00,89.09,7.49,3.42,0.06,0.17,,,0.00,0.00,,,,,,,,,,,,,
U1356,shelf sediment,Paleogene,60300,0,0,148000,32400,0,1600000,71600,31300,1943600.00,87.62,9.28,3.10,0.08,0.18,,,0.00,0.00,,,,,,,,,,,,,
U1356,shelf sediment,Paleogene,13600,0,0,34200,0,0,442000,14400,0,504200.00,90.52,6.78,2.70,0.03,0.00,,,0.00,0.00,,,,,,,,,,,,,
U1356,shelf sediment,Paleogene,44000,0,0,91000,22400,0,1170000,36100,25000,1388500.00,88.66,8.17,3.17,0.07,0.20,,,0.00,0.00,,,,,,,,,,,,,
U1356,shelf sediment,Paleogene,46100,0,0,106000,25400,0,1200000,41700,30800,1450000.00,87.76,9.06,3.18,0.08,0.19,,,0.00,0.00,,,,,,,,,,,,,
U1356,shelf sediment,Paleogene,70800,0,0,171000,39300,0,2240000,54300,29500,2604900.00,89.21,8.07,2.72,0.05,0.19,,,0.00,0.00,,,,,,,,,,,,,
U1356,shelf sediment,Paleogene,154000,31200,0,270000,87000,28500,3500000,147000,133000,4350700.00,86.88,8.86,4.26,0.11,0.37,,,0.00,0.00,,,,,,,,,,,,,
U1356,shelf sediment,Paleogene,59300,0,0,110000,22200,0,1880000,61000,33000,2165500.00,91.16,6.10,2.74,0.06,0.17,,,0.00,0.00,,,,,,,,,,,,,
U1356,shelf sediment,Paleogene,42600,0,0,90000,23800,11600,1130000,38100,21000,1357100.00,87.62,9.24,3.14,0.07,0.37,,,0.00,0.00,,,,,,,,,,,,,
U1356,shelf sediment,Paleogene,55200,0,0,109000,27800,11500,1430000,50200,27800,1711500.00,88.11,8.66,3.23,0.07,0.34,,,0.00,0.00,,,,,,,,,,,,,
U1356,shelf sediment,Paleogene,99400,20200,0,138000,51800,20800,1520000,58500,30300,1939000.00,82.97,10.86,6.17,0.07,0.44,,,0.00,0.00,,,,,,,,,,,,,
U1356,shelf sediment,Paleogene,97600,0,0,261000,55300,0,2300000,94900,59500,2868300.00,85.57,11.03,3.40,0.09,0.17,,,0.00,0.00,,,,,,,,,,,,,
U1356,shelf sediment,Paleogene,131000,0,0,248000,44900,12100,2520000,110000,62400,3128400.00,86.06,9.75,4.19,0.09,0.23,,,0.00,0.00,,,,,,,,,,,,,
U1356,shelf sediment,Paleogene,420000,0,0,982000,190000,55800,8880000,434000,209000,11170800.00,85.25,10.99,3.76,0.09,0.25,,,0.00,0.00,,,,,,,,,,,,,
U1356,shelf sediment,Paleogene,57900,0,0,137000,29400,0,1570000,58900,29200,1882400.00,88.08,8.84,3.08,0.07,0.18,,,0.00,0.00,,,,,,,,,,,,,
U1356,shelf sediment,Paleogene,39600,0,0,74500,13700,0,1090000,31500,15100,1264400.00,89.89,6.98,3.13,0.05,0.16,,,0.00,0.00,,,,,,,,,,,,,
U1356,shelf sediment,Paleogene,71700,0,0,162000,36000,11600,2680000,66800,38500,3066600.00,90.83,6.83,2.34,0.05,0.28,,,0.00,0.00,,,,,,,,,,,,,
U1356,shelf sediment,Paleogene,537000,52100,0,1110000,232000,53800,13300000,604000,305000,16193900.00,87.74,8.62,3.64,0.09,0.24,,,0.00,0.00,,,,,,,,,,,,,
U1356,shelf sediment,Paleogene,85600,0,12400,194000,36000,0,2360000,81900,42400,2812300.00,88.34,8.18,3.48,0.07,0.16,,,0.00,0.00,,,,,,,,,,,,,
U1356,shelf sediment,Paleogene,542000,0,0,1390000,255000,74400,5310000,472000,192000,8235400.00,72.54,20.88,6.58,0.14,0.23,,,0.00,0.00,,,,,,,,,,,,,
U1356,shelf sediment,Paleogene,46000,0,0,136000,16400,0,1600000,56400,23700,1878500.00,89.44,8.11,2.45,0.06,0.11,,,0.00,0.00,,,,,,,,,,,,,
U1356,shelf sediment,Paleogene,36100,0,0,92600,28100,11300,1570000,45500,25400,1809000.00,90.71,7.30,2.00,0.06,0.38,,,0.00,0.00,,,,,,,,,,,,,
U1356,shelf sediment,Paleogene,95400,0,0,177000,41200,0,1960000,52200,37300,2363100.00,86.73,9.23,4.04,0.06,0.19,,,0.00,0.00,,,,,,,,,,,,,
U1356,shelf sediment,Paleogene,109000,0,0,256000,63200,11500,2630000,109000,60900,3239600.00,86.43,10.21,3.36,0.08,0.26,,,0.00,0.00,,,,,,,,,,,,,
U1356,shelf sediment,Paleogene,17000,0,0,64200,15800,0,770000,25500,14300,906800.00,89.30,8.82,1.87,0.07,0.20,,,0.00,0.00,,,,,,,,,,,,,
U1356,shelf sediment,Paleogene,49600,0,0,132000,35300,14400,1750000,65300,34700,2081300.00,88.89,8.73,2.38,0.07,0.35,,,0.00,0.00,,,,,,,,,,,,,
U1356,shelf sediment,Paleogene,116000,16300,11300,198000,48100,15600,2110000,82300,45100,2642700.00,84.66,9.90,5.43,0.08,0.30,,,0.00,0.00,,,,,,,,,,,,,
U1356,shelf sediment,Paleogene,18400,0,0,28900,11500,0,330000,12600,0,401400.00,85.35,10.06,4.58,0.04,0.28,,,0.00,0.00,,,,,,,,,,,,,
U1356,shelf sediment,Paleogene,76400,0,0,157000,36800,11600,1570000,68800,29900,1950500.00,85.55,10.53,3.92,0.08,0.29,,,0.00,0.00,,,,,,,,,,,,,
U1356,shelf sediment,Paleogene,73900,0,0,136000,38200,0,1500000,67200,35400,1850700.00,86.59,9.41,3.99,0.09,0.22,,,0.00,0.00,,,,,,,,,,,,,
U1356,shelf sediment,Paleogene,133000,0,0,223000,53900,0,2040000,88200,42700,2580800.00,84.12,10.73,5.15,0.08,0.19,,,0.00,0.00,,,,,,,,,,,,,
U1356,shelf sediment,Paleogene,136000,19300,0,288000,68400,23700,3340000,116000,62600,4054000.00,86.79,9.38,3.83,0.07,0.30,,,0.00,0.00,,,,,,,,,,,,,
U1356,shelf sediment,Paleogene,216000,0,0,375000,120000,35700,3700000,196000,100000,4742700.00,84.26,11.19,4.55,0.10,0.36,,,0.00,0.00,,,,,,,,,,,,,
U1356,shelf sediment,Paleogene,107000,0,0,187000,47800,0,2570000,91700,54400,3057900.00,88.82,7.68,3.50,0.07,0.20,,,0.00,0.00,,,,,,,,,,,,,
U1356,shelf sediment,Paleogene,89800,0,0,177000,45400,0,1450000,84500,40600,1887300.00,83.46,11.78,4.76,0.11,0.20,,,0.00,0.00,,,,,,,,,,,,,
U1356,shelf sediment,Paleogene,26200,0,0,47800,0,0,626000,21500,11800,733300.00,89.91,6.52,3.57,0.07,0.00,,,0.00,0.00,,,,,,,,,,,,,
U1356,shelf sediment,Paleogene,40900,0,0,103000,28000,0,1130000,54100,30400,1386400.00,87.60,9.45,2.95,0.09,0.21,,,0.00,0.00,,,,,,,,,,,,,
U1356,shelf sediment,Paleogene,51400,0,0,107000,27500,0,1550000,49900,30700,1816500.00,89.77,7.40,2.83,0.07,0.20,,,0.00,0.00,,,,,,,,,,,,,
U1356,shelf sediment,Paleogene,143000,0,0,343000,73900,19600,3470000,161000,79800,4290300.00,86.49,10.17,3.33,0.09,0.26,,,0.00,0.00,,,,,,,,,,,,,
U1356,shelf sediment,Paleogene,49300,0,0,111000,20000,10400,1670000,50800,29900,1941400.00,90.18,7.28,2.54,0.06,0.29,,,0.00,0.00,,,,,,,,,,,,,
U1356,shelf sediment,Paleogene,27800,0,0,53000,11200,0,641000,24100,13000,770100.00,88.05,8.34,3.61,0.07,0.17,,,0.00,0.00,,,,,,,,,,,,,
U1356,shelf sediment,Paleogene,30400,0,0,69300,14100,0,688000,27700,14400,843900.00,86.51,9.88,3.60,0.08,0.17,,,0.00,0.00,,,,,,,,,,,,,
U1356,shelf sediment,Paleogene,134000,0,0,227000,42800,14800,2260000,109000,61200,2848800.00,85.31,9.99,4.70,0.10,0.25,,,0.00,0.00,,,,,,,,,,,,,
U1356,shelf sediment,Paleogene,10300,0,0,22800,0,0,289000,10400,0,332500.00,90.05,6.86,3.10,0.03,0.00,,,0.00,0.00,,,,,,,,,,,,,
U1356,shelf sediment,Paleogene,22700,0,0,41900,12800,0,409000,16900,11900,515200.00,84.98,10.62,4.41,0.09,0.23,,,0.00,0.00,,,,,,,,,,,,,
U1356,shelf sediment,Paleogene,54400,0,0,138000,27800,0,674000,46200,21700,962100.00,77.11,17.23,5.65,0.12,0.17,,,0.00,0.00,,,,,,,,,,,,,
U1356,shelf sediment,Paleogene,86900,0,0,196000,40600,11200,1540000,85800,43500,2004000.00,83.30,12.37,4.34,0.10,0.25,,,0.00,0.00,,,,,,,,,,,,,
U1356,shelf sediment,Paleogene,63400,0,0,135000,28400,0,1160000,57200,29900,1473900.00,84.61,11.09,4.30,0.09,0.17,,,0.00,0.00,,,,,,,,,,,,,
U1356,shelf sediment,Paleogene,284000,0,0,628000,122000,29500,4860000,251000,110000,6284500.00,83.08,12.40,4.52,0.09,0.23,,,0.00,0.00,,,,,,,,,,,,,
U1356,shelf sediment,Paleogene,106000,0,0,242000,40200,10000,1750000,79700,37900,2265800.00,82.43,12.90,4.68,0.08,0.21,,,0.00,0.00,,,,,,,,,,,,,
U1356,shelf sediment,Paleogene,11400,0,0,22400,0,0,221000,10800,0,265600.00,87.27,8.43,4.29,0.05,0.00,,,0.00,0.00,,,,,,,,,,,,,
U1356,shelf sediment,Paleogene,25700,0,0,58000,12700,0,634000,26600,14900,771900.00,87.51,9.16,3.33,0.08,0.18,,,0.00,0.00,,,,,,,,,,,,,
U1356,shelf sediment,Paleogene,207000,0,0,614000,103000,26500,2410000,197000,79000,3636500.00,73.86,20.45,5.69,0.13,0.21,,,0.00,0.00,,,,,,,,,,,,,
U1356,shelf sediment,Paleogene,14600,0,0,38300,0,0,384000,17400,10500,464800.00,88.62,8.24,3.14,0.09,0.00,,,0.00,0.00,,,,,,,,,,,,,
U1356,shelf sediment,Paleogene,10600,0,0,28700,0,0,320000,13600,0,372900.00,89.46,7.70,2.84,0.04,0.00,,,0.00,0.00,,,,,,,,,,,,,
U1356,shelf sediment,Paleogene,22000,0,0,38600,0,0,555000,16700,10000,642300.00,90.57,6.01,3.43,0.06,0.00,,,0.00,0.00,,,,,,,,,,,,,
U1356,shelf sediment,Paleogene,20700,0,0,35500,10700,0,347000,13600,0,427500.00,84.35,10.81,4.84,0.04,0.23,,,0.00,0.00,,,,,,,,,,,,,
U1356,shelf sediment,Paleogene,17900,0,0,38800,10100,0,380000,13200,0,460000.00,85.48,10.63,3.89,0.03,0.21,,,0.00,0.00,,,,,,,,,,,,,
U1356,shelf sediment,Paleogene,34500,0,0,68400,15400,0,775000,30800,19100,943200.00,87.46,8.88,3.66,0.08,0.18,,,0.00,0.00,,,,,,,,,,,,,
U1356,shelf sediment,Paleogene,21200,0,0,53900,10800,0,479000,19500,10700,595100.00,85.57,10.87,3.56,0.08,0.17,,,0.00,0.00,,,,,,,,,,,,,
U1356,shelf sediment,Paleogene,15500,0,0,33300,0,0,331000,12700,0,392500.00,87.57,8.48,3.95,0.04,0.00,,,0.00,0.00,,,,,,,,,,,,,
Schoeningen,Lignite,Paleogene,1952245,0,0,9916855,1438650,564377,116860514,9727835,8084122,148544598.89,90.66,8.02,1.31,0.19,0.22,0.22,0.21,0.14,0.69,,8563493,1353363,1078605,360044,564377,0,607395,1344850,0,0,0,0
Schoeningen,Lignite,Paleogene,1259303,0,0,9153312,1458490,669176,106288711,10196013,7225999,136251004.29,90.80,8.28,0.92,0.20,0.25,0.25,0.25,0.14,0.63,,7937723,1215590,1061163,397327,669176,0,468598,790705,0,0,0,0
Schoeningen,Lignite,Paleogene,1318426,0,0,8868459,1404781,669287,157860748,17616357,13107611,200845669.65,93.90,5.45,0.66,0.23,0.25,0.27,0.18,0.17,0.77,,7313807,1554651,1068416,336365,669287,0,302812,1015614,0,0,0,0
Schoeningen,Lignite,Paleogene,744617,0,0,5309597,760103,370376,116377583,12591128,9189101,145342505.14,95.06,4.43,0.51,0.22,0.23,0.25,0.15,0.17,0.77,,4352663,956934,593606,166497,370376,0,173787,570830,0,0,0,0
Schoeningen,Lignite,Paleogene,830546,0,0,4905347,789977,331157,109050748,9818068,7371638,133097480.49,94.85,4.53,0.62,0.19,0.24,0.25,0.21,0.16,0.80,,4133611,771737,588015,201962,331157,0,165902,664643,0,0,0,0
Schoeningen,Lignite,Paleogene,773864,0,0,5446583,945160,427515,89051886,9070479,6484041,112199527.86,93.23,6.08,0.69,0.21,0.26,0.29,0.17,0.19,0.67,,4343766,1102817,724725,220434,427515,0,252155,521710,0,0,0,0
Schoeningen,Lignite,Paleogene,849295,0,0,7421202,1501070,625438,208116954,20528521,11172092,250214572.35,95.84,3.82,0.34,0.18,0.29,0.32,0.17,0.19,0.71,,5920023,1501178,1188728,312342,625438,0,247324,601972,0,0,0,0
Schoeningen,Lignite,Paleogene,1152255,0,0,6910293,1403804,610590,198624091,18406001,12726953,239833986.59,95.80,3.72,0.48,0.19,0.29,0.34,0.17,0.27,0.76,,4871089,2039203,991599,412205,610590,0,278622,873633,0,0,0,0
Schoeningen,Lignite,Paleogene,847381,0,0,7448921,1649002,698179,164311114,19746814,11552156,206253567.36,94.84,4.75,0.41,0.22,0.31,0.35,0.16,0.20,0.74,,5817181,1631740,1328787,320216,698179,0,222233,625148,0,0,0,0
Schoeningen,Lignite,Paleogene,526729,0,0,4093991,930629,433447,88505234,9652521,6915676,111058226.15,94.61,4.91,0.47,0.22,0.33,0.34,0.25,0.16,0.74,,3439798,654193,708853,221776,433447,0,135676,391053,0,0,0,0
Schoeningen,Lignite,Paleogene,208495,0,0,1985145,291725,149587,32322437,3988506,2630789,41576684.34,93.66,5.84,0.50,0.24,0.24,0.26,0.15,0.18,0.59,,1618956,366189,225789,65936,149587,0,84517,123978,0,0,0,0
Schoeningen,Lignite,Paleogene,137998,0,0,1386600,233011,70695,48274042,5967006,3939454,60008805.64,96.95,2.82,0.23,0.24,0.22,0.25,0.15,0.26,0.63,,1019914,366686,168556,64454,70695,0,51634,86364,0,0,0,0
Schoeningen,Lignite,Paleogene,837991,0,0,6357499,1035080,302221,146942041,17692295,10681288,183848414.98,95.36,4.19,0.46,0.22,0.21,0.25,0.13,0.27,0.64,,4512500,1844999,766151,268929,302221,0,300365,537627,0,0,0,0
Schoeningen,Lignite,Paleogene,373585,0,0,2981303,728984,271270,97767385,15697018,10412944,128232488.64,96.60,3.10,0.29,0.29,0.32,0.44,0.13,0.39,0.83,,1623212,1358091,520882,208102,271270,0,62877,310707,0,0,0,0
Schoeningen,Lignite,Paleogene,837991,0,0,6357499,1035080,302221,196942041,13692295,10681288,229848414.98,96.29,3.35,0.36,0.16,0.21,0.25,0.13,0.27,0.64,,4512500,1844999,766151,268929,302221,0,300365,537627,0,0,0,0
Schoeningen,Lignite,Paleogene,1156083,0,0,9724223,880614,263600,317848768,27252732,19081122,376207143.03,96.80,2.89,0.31,0.18,0.13,0.16,0.08,0.36,0.87,,6118235,3605988,552615,327998,263600,0,147147,1008936,0,0,0,0
Schoeningen,Lignite,Paleogene,439774,0,0,2806864,366518,180879,70073318,7005513,4686224,85559090.50,95.57,3.92,0.51,0.20,0.22,0.26,0.10,0.25,0.85,,2040699,766165,278028,88490,180879,0,67636,372137,0,0,0,0
Schoeningen,Lignite,Paleogene,761391,0,0,3848457,374785,161001,88532561,7782547,6031413,107492155.13,95.21,4.08,0.71,0.19,0.16,0.19,0.10,0.32,0.84,,2564123,1284334,237140,137645,161001,0,118510,642881,0,0,0,0
Schoeningen,Lignite,Paleogene,413834,0,0,3711999,494353,201683,113896885,12040592,7752058,138511403.62,96.52,3.18,0.30,0.21,0.20,0.26,0.11,0.37,0.74,,2249438,1462560,321637,172717,201683,0,107703,306131,0,0,0,0
Schoeningen,Lignite,Paleogene,1001457,0,0,5154844,439275,192381,89698696,10568030,8101330,115156011.95,94.11,5.02,0.87,0.25,0.14,0.16,0.11,0.36,0.84,,3283908,1870935,218009,221266,192381,0,156992,844465,0,0,0,0
Schoeningen,Lignite,Paleogene,226690,0,0,1675687,173725,75017,37567532,3261852,2385905,45366408.60,95.26,4.24,0.50,0.19,0.17,0.21,0.09,0.31,0.79,,1122081,553606,121942,51782,75017,0,47308,179382,0,0,0,0
Schoeningen,Lignite,Paleogene,235842,0,0,2184196,206837,72048,52163567,4181651,3043121,62087262.32,95.65,3.97,0.38,0.17,0.14,0.18,0.08,0.34,0.77,,1421951,762245,142441,64396,72048,0,53119,182723,0,0,0,0
Schoeningen,Lignite,Paleogene,443856,0,0,3080823,373039,131133,70771845,6947350,4766240,86514284.96,95.34,4.14,0.51,0.20,0.18,0.22,0.11,0.35,0.78,,1963115,1117708,241353,131686,131133,0,96384,347471,0,0,0,0
Schoeningen,Lignite,Paleogene,388546,0,0,2421789,230011,97502,65521161,6122504,4422829,79204341.84,96.04,3.47,0.49,0.20,0.15,0.19,0.09,0.34,0.79,,1575620,846169,150176,79836,97502,0,82626,305920,0,0,0,0
Schoeningen,Lignite,Paleogene,634080,0,0,3846507,436858,180550,116906431,10263333,7229402,139497160.94,96.35,3.20,0.45,0.18,0.18,0.23,0.08,0.33,0.81,,2493503,1353003,317995,118862,180550,0,122812,511268,0,0,0,0
Schoeningen,Lignite,Paleogene,396181,0,0,1814894,256051,73977,47063898,3874573,2936956,56416529.91,95.50,3.80,0.70,0.18,0.19,0.21,0.14,0.27,0.86,,1323074,491820,178272,77779,73977,0,57185,338996,0,0,0,0
Schoeningen,Lignite,Paleogene,353991,0,0,1923634,183897,69331,44593954,3602849,2655383,53383038.04,95.26,4.08,0.66,0.18,0.15,0.17,0.11,0.31,0.88,,1324956,598677,110357,73540,69331,0,43799,310192,0,0,0,0
Schoeningen,Lignite,Paleogene,2072952,0,0,5467828,559109,186693,109954404,11835017,8219865,138295869.15,94.01,4.49,1.50,0.22,0.15,0.16,0.12,0.29,0.91,,3871081,1596748,342506,216603,186693,0,179447,1893505,0,0,0,0
Schoeningen,Lignite,Paleogene,364666,0,0,1238445,130626,45633,23297049,2698679,1726617,29501713.97,93.97,4.80,1.24,0.22,0.16,0.18,0.10,0.31,0.91,,844591,393853,88346,42280,45633,0,33763,330903,0,0,0,0
Schoeningen,Lignite,Paleogene,1303858,0,0,4482017,522456,194267,86910604,9267266,6807734,109488203.09,94.06,4.75,1.19,0.22,0.18,0.18,0.17,0.25,0.90,,3424993,1057024,305608,216848,194267,0,135180,1168678,0,0,0,0
Schoeningen,Lignite,Paleogene,539019,0,0,1679449,187263,59765,32150721,3482079,2582209,40680504.84,93.94,4.74,1.33,0.23,0.16,0.16,0.15,0.30,0.91,,1180942,498507,101001,86262,59765,0,46704,492314,0,0,0,0
Schoeningen,Lignite,Paleogene,872654,0,0,2320340,212666,98466,45917290,5494268,4742518,59658200.65,94.13,4.41,1.46,0.27,0.16,0.19,0.11,0.40,0.93,,1382798,937542,101722,110944,98466,0,58757,813897,0,0,0,0
Schoeningen,Lignite,Paleogene,509055,0,0,1628923,155611,64466,29886623,3321673,2732228,38298579.09,93.84,4.83,1.33,0.24,0.15,0.17,0.11,0.33,0.88,,1091464,537459,86068,69543,64466,0,63204,445851,0,0,0,0
Schoeningen,Lignite,Paleogene,404639,0,0,1065364,102636,40473,18922179,2037085,1490399,24062776.22,93.30,5.02,1.68,0.22,0.15,0.17,0.11,0.35,0.88,,690549,374815,55602,47034,40473,0,47980,356659,0,0,0,0
Schoeningen,Lignite,Paleogene,562907,0,0,1555551,152918,50477,27949499,2883166,2010193,35164710.83,93.40,5.00,1.60,0.21,0.14,0.16,0.10,0.34,0.91,,1024339,531212,91006,61912,50477,0,53003,509904,0,0,0,0
Schoeningen,Lignite,Paleogene,501448,0,0,1345182,138790,49007,19238703,2116468,1657111,25046709.08,91.88,6.12,2.00,0.24,0.15,0.18,0.11,0.32,0.92,,902260,442922,85377,53413,49007,0,39563,461885,0,0,0,0
Cobham,Lignite,Paleogene,20747,0,0,202388,38242,20839,2103540,199635,138269,2723660.40,89.64,9.60,0.76,0.20,0.31,0.31,,0.00,0.00,,202388,0,38242,0,20839,0,20747,0,0,0,0,0
Cobham,Lignite,Paleogene,34581,0,0,397660,111205,45528,4881253,592624,439330,6502179.98,90.94,8.53,0.53,0.25,0.36,0.36,,0.00,0.00,,397660,0,111205,0,45528,0,34581,0,0,0,0,0
Cobham,Lignite,Paleogene,112383,0,0,996224,218395,113023,10723837,957990,630527,13752378.89,89.53,9.65,0.82,0.18,0.33,0.33,,0.00,0.00,,996224,0,218395,0,113023,0,112383,0,0,0,0,0
Cobham,Lignite,Paleogene,78193,0,0,954599,163542,105276,14159716,1183425,1061765,17706513.96,92.65,6.91,0.44,0.20,0.31,0.31,,0.00,0.00,,954599,0,163542,0,105276,0,78193,0,0,0,0,0
Cobham,Lignite,Paleogene,153852,0,0,1953748,225792,118498,25555712,1305381,894921,30207903.39,91.88,7.61,0.51,0.11,0.20,0.20,,0.00,0.00,,1953748,0,225792,0,118498,0,153852,0,0,0,0,0
Cobham,Lignite,Paleogene,122584,0,0,1850198,212265,115180,31109549,1873478,1256205,36539459.62,93.70,5.96,0.34,0.13,0.20,0.20,,0.00,0.00,,1850198,0,212265,0,115180,0,122584,0,0,0,0,0
Cobham,Lignite,Paleogene,127329,0,0,1102605,100010,60248,12950006,764692,494025,15598914.30,91.09,8.10,0.82,0.12,0.17,0.17,,0.00,0.15,,1102605,0,100010,0,60248,0,107650,19679,0,0,0,0
Otaio,Lignite,Paleogene,68773,0,0,2154253,123625,97345,168008705,6214431,5614938,182282069.86,98.66,1.30,0.04,0.10,0.13,0.47,0.01,0.74,0.00,,418770,1735483,123625,0,86798,10548,68773,0,0,0,0,0
Otaio,Lignite,Paleogene,0,0,0,3418823,261256,135064,352962478,14254949,7863585,378896154.87,98.99,1.01,0.00,0.08,0.14,0.14,,0.00,,,3418823,0,261256,0,135064,0,0,0,0,0,0,0
Otaio,Lignite,Paleogene,1937656,0,0,5181463,300288,405717,180647906,13504266,10590852,212568147.86,96.32,2.77,0.91,0.17,0.19,0.19,,0.00,0.19,,5181463,0,300288,0,405717,0,1565520,372136,0,0,0,0
Otaio,Lignite,Paleogene,2109536,69354,0,6177834,345702,333697,244323246,20992059,12112397,286463826.47,96.85,2.39,0.76,0.16,0.15,0.12,1.00,0.03,0.11,,6177834,0,115815,229887,333697,0,1880936,228600,61124,8230,0,0
Otaio,Lignite,Paleogene,501551,0,0,1991768,114392,101288,75343993,5891737,3633622,87578351.14,96.91,2.52,0.57,0.16,0.14,0.14,,0.00,0.21,,1991768,0,114392,0,101288,0,398530,103021,0,0,0,0
Otaio,Lignite,Paleogene,73763,0,0,943062,36254,40648,24404840,1634986,1421157,28554711.02,96.17,3.57,0.26,0.16,0.12,0.10,1.14,0.01,0.49,,943062,0,24032,12222,38611,2037,37928,35835,0,0,0,0
India,Lignite,Paleogene,0,0,0,486274,0,0,11300597,208297,156144,12151313.19,96.00,4.00,0.00,0.04,0.00,0.00,0.00,0.56,,,213951,272323,0,0,0,0,0,0,0,0,0,0
India,Lignite,Paleogene,0,0,0,146385,0,0,2473717,641813,11032,3272946.68,95.53,4.47,0.00,0.21,0.00,0.00,0.00,0.84,,,23691,122693,0,0,0,0,0,0,0,0,0,0
India,Lignite,Paleogene,0,0,0,337122,0,0,11823487,789075,72793,13022476.77,97.41,2.59,0.00,0.07,0.00,0.00,0.00,0.82,,,59892,277231,0,0,0,0,0,0,0,0,0,0
India,Lignite,Paleogene,0,0,0,2575928,0,0,44035726,6450949,152757,53215359.06,95.16,4.84,0.00,0.13,0.00,0.00,0.00,0.92,,,201400,2374528,0,0,0,0,0,0,0,0,0,0
India,Lignite,Paleogene,0,0,0,730024,0,0,10444038,1877099,150469,13201630.91,94.47,5.53,0.00,0.17,0.00,0.00,0.00,0.75,,,183898,546126,0,0,0,0,0,0,0,0,0,0
India,Lignite,Paleogene,0,0,0,1797441,0,0,37708150,2486270,261106,42252966.88,95.75,4.25,0.00,0.07,0.00,0.00,0.00,0.52,,,870186,927255,0,0,0,0,0,0,0,0,0,0
ACEX,shelf sediment,Paleogene,0.12,0.00,0.00,0.17,0.02,0.00,0.61,0.06,0.02,1.00,69.00,19.00,12.00,0.14,0.11,0.07,0.25,0.21,0.33,,0.14,0.03,0.01,0.01,0,0,0.08,0.04,0,0,0,0
ACEX,shelf sediment,Paleogene,0.10,0.00,0.00,0.17,0.02,0.00,0.64,0.06,0.03,1.02,71.57,18.63,9.80,0.16,0.11,0.07,0.25,0.21,0.30,,0.14,0.03,0.01,0.01,0,0,0.07,0.03,0,0,0,0
ACEX,shelf sediment,Paleogene,0.11,0.00,0.00,0.18,0.00,0.00,0.71,0,0,1.00,71.00,18.00,11.00,0.00,0.00,0.00,0.00,0.17,0.36,,0.15,0.03,0,0,0,0,0.07,0.04,0,0,0,0
ACEX,shelf sediment,Paleogene,0.11,0.00,0.00,0.21,0.03,0.01,0.55,0.07,0.03,1.01,64.36,24.75,10.89,0.20,0.20,0.20,0.20,0.20,0.27,,0.17,0.04,0.02,0.01,0.01,0,0.08,0.03,0,0,0,0
ACEX,shelf sediment,Paleogene,0.09,0.00,0.00,0.19,0.03,0.00,0.61,0.06,0.03,1.01,69.31,21.78,8.91,0.17,0.14,0.12,0.20,0.23,0.33,,0.15,0.04,0.02,0.01,0,0,0.06,0.03,0,0,0,0
ACEX,shelf sediment,Paleogene,0.09,0.00,0.00,0.17,0.02,0.00,0.65,0.06,0.02,1.01,72.28,18.81,8.91,0.14,0.11,0.07,0.25,0.21,0.33,,0.14,0.03,0.01,0.01,0,0,0.06,0.03,0,0,0,0
ACEX,shelf sediment,Paleogene,0.09,0.00,0.00,0.15,0.00,0.00,0.68,0.05,0.02,0.99,75.76,15.15,9.09,0.12,0.00,0.00,0.00,0.20,0.33,,0.12,0.03,0,0,0,0,0.06,0.03,0,0,0,0
ACEX,shelf sediment,Paleogene,0.13,0.00,0.00,0.14,0.02,0.00,0.65,0.04,0.01,0.99,70.71,16.16,13.13,0.09,0.13,0.09,0.20,0.31,0.31,,0.1,0.04,0.01,0.01,0,0,0.09,0.04,0,0,0,0
ACEX,shelf sediment,Paleogene,0.07,0.00,0.00,0.15,0.01,0.00,0.68,0.06,0.03,1.00,77.00,16.00,7.00,0.16,0.06,0.08,0.00,0.19,0.43,,0.12,0.03,0.01,0,0,0,0.04,0.03,0,0,0,0
ACEX,shelf sediment,Paleogene,0.08,0.00,0.00,0.16,0.02,0.00,0.68,0.05,0.02,1.01,74.26,17.82,7.92,0.12,0.11,0.07,0.25,0.22,0.50,,0.13,0.03,0.01,0.01,0,0,0.04,0.04,0,0,0,0
ACEX,shelf sediment,Paleogene,0.07,0.00,0.00,0.16,0.02,0.00,0.67,0.06,0.03,1.01,75.25,17.82,6.93,0.16,0.11,0.13,0.00,0.17,0.43,,0.13,0.03,0.02,0,0,0,0.04,0.03,0,0,0,0
ACEX,shelf sediment,Paleogene,0.07,0.00,0.00,0.15,0.02,0.00,0.68,0.06,0.03,1.01,76.24,16.83,6.93,0.16,0.12,0.08,0.25,0.24,0.43,,0.12,0.03,0.01,0.01,0,0,0.04,0.03,0,0,0,0
ACEX,shelf sediment,Paleogene,0.07,0.00,0.00,0.15,0.03,0.00,0.66,0.06,0.03,1.00,75.00,18.00,7.00,0.16,0.17,0.14,0.25,0.22,0.43,,0.12,0.03,0.02,0.01,0,0,0.04,0.03,0,0,0,0
ACEX,shelf sediment,Paleogene,0.09,0.00,0.00,0.19,0.02,0.00,0.62,0.06,0.03,1.01,70.30,20.79,8.91,0.17,0.10,0.06,0.25,0.19,0.33,,0.16,0.03,0.01,0.01,0,0,0.06,0.03,0,0,0,0
ACEX,shelf sediment,Paleogene,0.09,0.00,0.00,0.17,0.02,0.00,0.63,0.06,0.03,1.00,72.00,19.00,9.00,0.17,0.11,0.06,0.33,0.16,0.22,,0.15,0.02,0.01,0.01,0,0,0.07,0.02,0,0,0,0
ACEX,shelf sediment,Paleogene,0.08,0.00,0.00,0.13,0.03,0.00,0.67,0.06,0.02,0.99,75.76,16.16,8.08,0.13,0.19,0.17,0.25,0.25,0.38,,0.1,0.03,0.02,0.01,0,0,0.05,0.03,0,0,0,0
ACEX,shelf sediment,Paleogene,0.11,0.00,0.00,0.15,0.03,0.00,0.62,0.06,0.02,0.99,70.71,18.18,11.11,0.14,0.17,0.14,0.25,0.22,0.27,,0.12,0.03,0.02,0.01,0,0,0.08,0.03,0,0,0,0
ACEX,shelf sediment,Paleogene,0.09,0.00,0.00,0.12,0.02,0.00,0.69,0.06,0.02,1.00,77.00,14.00,9.00,0.13,0.14,0.09,0.33,0.21,0.33,,0.1,0.02,0.01,0.01,0,0,0.06,0.03,0,0,0,0
ACEX,shelf sediment,Paleogene,0.08,0.00,0.00,0.16,0.02,0.00,0.66,0.05,0.02,0.99,73.74,18.18,8.08,0.12,0.11,0.07,0.25,0.22,0.25,,0.13,0.03,0.01,0.01,0,0,0.06,0.02,0,0,0,0
ACEX,shelf sediment,Paleogene,0.10,0.00,0.00,0.15,0.03,0.00,0.66,0.05,0.02,1.01,72.28,17.82,9.90,0.12,0.17,0.14,0.25,0.22,0.30,,0.12,0.03,0.02,0.01,0,0,0.07,0.03,0,0,0,0
ACEX,shelf sediment,Paleogene,0.10,0.00,0.00,0.18,0.00,0.00,0.71,0,0,0.99,71.72,18.18,10.10,0.00,0.00,0.00,0.00,0.22,0.30,,0.14,0.04,0,0,0,0,0.07,0.03,0,0,0,0
ACEX,shelf sediment,Paleogene,0.16,0.00,0.00,0.16,0.03,0.00,0.58,0.06,0.02,1.01,65.35,18.81,15.84,0.15,0.16,0.14,0.20,0.26,0.25,,0.12,0.04,0.02,0.01,0,0,0.12,0.04,0,0,0,0
ACEX,shelf sediment,Paleogene,0.19,0.00,0.00,0.14,0.00,0.00,0.67,0,0,1.00,67.00,14.00,19.00,0.00,0.00,0.00,,0.00,0.32,,0.14,0,0,0,0,0,0.13,0.06,0,0,0,0
ACEX,shelf sediment,Paleogene,0.16,0.00,0.00,0.15,0.03,0.00,0.58,0.06,0.03,1.01,66.34,17.82,15.84,0.18,0.17,0.15,0.20,0.28,0.25,,0.11,0.04,0.02,0.01,0,0,0.12,0.04,0,0,0,0
ACEX,shelf sediment,Paleogene,0.10,0.00,0.00,0.18,0.03,0.01,0.58,0.07,0.03,1.00,68.00,22.00,10.00,0.19,0.23,0.22,0.25,0.18,0.30,,0.15,0.03,0.02,0.01,0.01,0,0.07,0.03,0,0,0,0
ACEX,shelf sediment,Paleogene,0.11,0.00,0.00,0.20,0.02,0.00,0.58,0.07,0.03,1.01,67.33,21.78,10.89,0.19,0.09,0.11,0.00,0.14,0.27,,0.17,0.03,0.02,0,0,0,0.08,0.03,0,0,0,0
ACEX,shelf sediment,Paleogene,0.16,0.00,0.00,0.18,0.00,0.00,0.6,0.06,0,1.00,66.00,18.00,16.00,0.09,0.00,0.00,0.00,0.17,0.44,,0.15,0.03,0,0,0,0,0.09,0.07,0,0,0,0
ACEX,shelf sediment,Paleogene,0.12,0.00,0.00,0.15,0.04,0.00,0.61,0.06,0.03,1.01,69.31,18.81,11.88,0.17,0.21,0.14,0.40,0.26,0.50,,0.12,0.03,0.02,0.02,0,0,0.06,0.06,0,0,0,0
ACEX,shelf sediment,Paleogene,0.15,0.00,0.00,0.19,0.03,0.00,0.56,0.06,0,0.99,62.63,22.22,15.15,0.10,0.14,0.17,0.00,0.18,0.47,,0.15,0.04,0.03,0,0,0,0.08,0.07,0,0,0,0
ACEX,shelf sediment,Paleogene,0.15,0.00,0.00,0.15,0.05,0.01,0.54,0.06,0.03,0.99,63.64,21.21,15.15,0.19,0.33,0.31,0.40,0.24,0.47,,0.12,0.03,0.03,0.02,0.01,0,0.08,0.07,0,0,0,0
ACEX,shelf sediment,Paleogene,0.10,0.00,0.00,0.17,0.03,0.00,0.61,0.06,0.03,1.00,70.00,20.00,10.00,0.17,0.15,0.13,0.25,0.20,0.40,,0.14,0.03,0.02,0.01,0,0,0.06,0.04,0,0,0,0
ACEX,shelf sediment,Paleogene,0.10,0.00,0.00,0.16,0.03,0.00,0.63,0.05,0.03,1.00,71.00,19.00,10.00,0.15,0.16,0.13,0.25,0.21,0.60,,0.13,0.03,0.02,0.01,0,0,0.04,0.06,0,0,0,0
ACEX,shelf sediment,Paleogene,0.17,0.01,0.00,0.19,0.05,0.02,0.51,0.05,0.02,1.02,56.86,25.49,17.65,0.16,0.35,0.26,0.57,0.27,0.44,,0.15,0.04,0.03,0.02,0.01,0.01,0.1,0.07,0,0.01,0,0
ACEX,shelf sediment,Paleogene,0.12,0.00,0.00,0.16,0.04,0.00,0.61,0.05,0.02,1.00,68.00,20.00,12.00,0.13,0.20,0.13,0.40,0.25,0.42,,0.13,0.03,0.02,0.02,0,0,0.07,0.05,0,0,0,0
ACEX,shelf sediment,Paleogene,0.18,0.00,0.00,0.20,0.05,0.02,0.49,0.05,0.03,1.02,55.88,26.47,17.65,0.19,0.33,0.25,0.57,0.26,0.33,,0.16,0.04,0.03,0.02,0.01,0.01,0.12,0.06,0,0,0,0
ACEX,shelf sediment,Paleogene,0.12,0.00,0.00,0.18,0.03,0.00,0.57,0.06,0.03,0.99,66.67,21.21,12.12,0.18,0.14,0.12,0.25,0.19,0.42,,0.15,0.03,0.02,0.01,0,0,0.07,0.05,0,0,0,0
ACEX,shelf sediment,Paleogene,0.13,0.00,0.00,0.17,0.03,0.01,0.57,0.06,0.03,1.00,66.00,21.00,13.00,0.18,0.24,0.24,0.25,0.19,0.38,,0.14,0.03,0.02,0.01,0.01,0,0.08,0.05,0,0,0,0
ACEX,shelf sediment,Paleogene,0.13,0.00,0.00,0.18,0.03,0.01,0.56,0.05,0.03,0.99,64.65,22.22,13.13,0.17,0.23,0.22,0.25,0.18,0.38,,0.15,0.03,0.02,0.01,0.01,0,0.08,0.05,0,0,0,0
ACEX,shelf sediment,Paleogene,0.14,0.00,0.00,0.17,0.04,0.00,0.54,0.06,0.03,0.98,64.29,21.43,14.29,0.19,0.19,0.18,0.25,0.19,0.43,,0.14,0.03,0.03,0.01,0,0,0.08,0.06,0,0,0,0
ACEX,shelf sediment,Paleogene,0.08,0.02,0.00,0.17,0.02,0.00,0.63,0.05,0.03,1.00,71.00,19.00,10.00,0.15,0.11,0.07,0.25,0.21,0.50,,0.14,0.03,0.01,0.01,0,0,0.04,0.04,0.01,0.01,0,0
ACEX,shelf sediment,Paleogene,0.10,0.00,0.00,0.17,0.05,0.00,0.59,0.06,0.03,1.00,68.00,22.00,10.00,0.18,0.23,0.18,0.40,0.23,0.40,,0.14,0.03,0.03,0.02,0,0,0.06,0.04,0,0,0,0
ACEX,shelf sediment,Paleogene,0.10,0.00,0.00,0.17,0.03,0.01,0.57,0.06,0.03,0.97,68.04,21.65,10.31,0.18,0.24,0.22,0.33,0.14,0.50,,0.15,0.02,0.02,0.01,0.01,0,0.05,0.05,0,0,0,0
ACEX,shelf sediment,Paleogene,0.14,0.01,0.00,0.19,0.05,0.02,0.51,0.05,0.03,1.00,59.00,26.00,15.00,0.19,0.35,0.25,0.67,0.23,0.47,,0.16,0.03,0.03,0.02,0.01,0.01,0.08,0.06,0,0.01,0,0
ACEX,shelf sediment,Paleogene,0.12,0.00,0.00,0.19,0.04,0.01,0.57,0.06,0.03,1.02,64.71,23.53,11.76,0.18,0.25,0.25,0.25,0.17,0.42,,0.16,0.03,0.03,0.01,0.01,0,0.07,0.05,0,0,0,0
ACEX,shelf sediment,Paleogene,0.12,0.00,0.00,0.19,0.02,0.00,0.59,0.06,0.03,1.01,67.33,20.79,11.88,0.18,0.10,0.11,0.00,0.14,0.42,,0.16,0.03,0.02,0,0,0,0.07,0.05,0,0,0,0
ACEX,shelf sediment,Paleogene,0.16,0.00,0.00,0.20,0.03,0.01,0.52,0.05,0.03,1.00,60.00,24.00,16.00,0.18,0.21,0.20,0.25,0.17,0.31,,0.17,0.03,0.02,0.01,0.01,0,0.11,0.05,0,0,0,0
ACEX,shelf sediment,Paleogene,0.10,0.00,0.00,0.17,0.03,0.00,0.63,0.05,0.02,1.00,70.00,20.00,10.00,0.13,0.15,0.13,0.25,0.20,0.40,,0.14,0.03,0.02,0.01,0,0,0.06,0.04,0,0,0,0
ACEX,shelf sediment,Paleogene,0.10,0.00,0.00,0.21,0.02,0.00,0.6,0.05,0.02,1.00,67.00,23.00,10.00,0.13,0.09,0.11,0.00,0.17,0.40,,0.17,0.04,0.02,0,0,0,0.06,0.04,0,0,0,0
ACEX,shelf sediment,Paleogene,0.09,0.00,0.00,0.16,0.03,0.00,0.63,0.05,0.03,0.99,71.72,19.19,9.09,0.15,0.16,0.13,0.25,0.21,0.44,,0.13,0.03,0.02,0.01,0,0,0.05,0.04,0,0,0,0
ACEX,shelf sediment,Paleogene,0.07,0.00,0.00,0.19,0.01,0.00,0.66,0.04,0.02,0.99,72.73,20.20,7.07,0.11,0.05,0.06,0.00,0.10,0.43,,0.17,0.02,0.01,0,0,0,0.04,0.03,0,0,0,0
ACEX,shelf sediment,Paleogene,0.11,0.00,0.00,0.20,0.03,0.00,0.59,0.05,0.02,1.00,66.00,23.00,11.00,0.14,0.13,0.11,0.20,0.22,0.36,,0.16,0.04,0.02,0.01,0,0,0.07,0.04,0,0,0,0
ACEX,shelf sediment,Paleogene,0.10,0.00,0.00,0.18,0.03,0.01,0.59,0.06,0.03,1.00,68.00,22.00,10.00,0.18,0.23,0.22,0.25,0.18,0.40,,0.15,0.03,0.02,0.01,0.01,0,0.06,0.04,0,0,0,0
ACEX,shelf sediment,Paleogene,0.12,0.00,0.00,0.16,0.03,0.00,0.61,0.05,0.02,0.99,68.69,19.19,12.12,0.13,0.16,0.14,0.20,0.26,0.33,,0.12,0.04,0.02,0.01,0,0,0.08,0.04,0,0,0,0
ACEX,shelf sediment,Paleogene,0.14,0.00,0.00,0.18,0.03,0.00,0.57,0.05,0.03,1.00,65.00,21.00,14.00,0.17,0.14,0.12,0.25,0.19,0.50,,0.15,0.03,0.02,0.01,0,0,0.07,0.07,0,0,0,0
ACEX,shelf sediment,Paleogene,0.14,0.00,0.00,0.24,0.00,0.00,0.63,0,0,1.01,62.38,23.76,13.86,0.00,0.00,0.00,0.00,0.17,0.50,,0.2,0.04,0,0,0,0,0.07,0.07,0,0,0,0
ACEX,shelf sediment,Paleogene,0.06,0.00,0.00,0.15,0.02,0.00,0.7,0.05,0.03,1.01,77.23,16.83,5.94,0.14,0.12,0.07,0.33,0.18,0.50,,0.13,0.02,0.01,0.01,0,0,0.03,0.03,0,0,0,0
ACEX,shelf sediment,Paleogene,0.09,0.00,0.00,0.19,0.01,0.00,0.65,0.05,0.02,1.01,71.29,19.80,8.91,0.13,0.05,0.06,0.00,0.15,0.56,,0.16,0.03,0.01,0,0,0,0.04,0.05,0,0,0,0
ACEX,shelf sediment,Paleogene,0.07,0.00,0.00,0.18,0.01,0.00,0.68,0.04,0.02,1.00,74.00,19.00,7.00,0.11,0.05,0.06,0.00,0.16,0.57,,0.15,0.03,0.01,0,0,0,0.03,0.04,0,0,0,0
ACEX,shelf sediment,Paleogene,0.06,0.00,0.00,0.19,0.01,0.00,0.65,0.05,0.02,0.98,73.47,20.41,6.12,0.13,0.05,0.06,0.00,0.10,0.50,,0.17,0.02,0.01,0,0,0,0.03,0.03,0,0,0,0
ACEX,shelf sediment,Paleogene,0.06,0.00,0.00,0.17,0.01,0.00,0.67,0.05,0.02,0.98,75.51,18.37,6.12,0.12,0.06,0.06,0.00,0.11,0.50,,0.15,0.02,0.01,0,0,0,0.03,0.03,0,0,0,0
ACEX,shelf sediment,Paleogene,0.08,0.00,0.00,0.20,0.01,0.00,0.64,0.05,0.02,1.00,71.00,21.00,8.00,0.13,0.05,0.06,0.00,0.14,0.50,,0.17,0.03,0.01,0,0,0,0.04,0.04,0,0,0,0
ACEX,shelf sediment,Paleogene,0.08,0.00,0.00,0.22,0.01,0.00,0.62,0.05,0.02,1.00,69.00,23.00,8.00,0.13,0.04,0.05,0.00,0.13,0.38,,0.19,0.03,0.01,0,0,0,0.05,0.03,0,0,0,0
ACEX,shelf sediment,Paleogene,0.08,0.00,0.00,0.21,0.00,0.00,0.71,0,0,1.00,71.00,21.00,8.00,0.00,0.00,0.00,0.00,0.14,0.50,,0.18,0.03,0,0,0,0,0.04,0.04,0,0,0,0
ACEX,shelf sediment,Paleogene,0.07,0.00,0.00,0.22,0.01,0.00,0.62,0.04,0.02,0.98,69.39,23.47,7.14,0.12,0.04,0.06,0.00,0.26,0.43,,0.16,0.06,0.01,0,0,0,0.04,0.03,0,0,0,0
ACEX,shelf sediment,Paleogene,0.07,0.00,0.00,0.19,0.01,0.00,0.64,0.06,0.03,1.00,73.00,20.00,7.00,0.16,0.05,0.06,0.00,0.10,0.43,,0.17,0.02,0.01,0,0,0,0.04,0.03,0,0,0,0
ACEX,shelf sediment,Paleogene,0.08,0.00,0.00,0.20,0.02,0.00,0.64,0.05,0.02,1.01,70.30,21.78,7.92,0.13,0.09,0.06,0.25,0.18,0.50,,0.17,0.03,0.01,0.01,0,0,0.04,0.04,0,0,0,0
ACEX,shelf sediment,Paleogene,0.07,0.00,0.00,0.16,0.01,0.00,0.69,0.04,0.02,0.99,75.76,17.17,7.07,0.11,0.06,0.07,0.00,0.18,0.57,,0.13,0.03,0.01,0,0,0,0.03,0.04,0,0,0,0
ACEX,shelf sediment,Paleogene,0.08,0.00,0.00,0.19,0.01,0.00,0.63,0.05,0.02,0.98,71.43,20.41,8.16,0.13,0.05,0.06,0.00,0.10,0.50,,0.17,0.02,0.01,0,0,0,0.04,0.04,0,0,0,0
ACEX,shelf sediment,Paleogene,0.08,0.00,0.00,0.18,0.02,0.00,0.64,0.05,0.02,0.99,71.72,20.20,8.08,0.13,0.10,0.06,0.33,0.15,0.38,,0.16,0.02,0.01,0.01,0,0,0.05,0.03,0,0,0,0
ACEX,shelf sediment,Paleogene,0.08,0.00,0.00,0.18,0.01,0.00,0.66,0.05,0.02,1.00,73.00,19.00,8.00,0.12,0.05,0.06,0.00,0.11,0.50,,0.16,0.02,0.01,0,0,0,0.04,0.04,0,0,0,0
ACEX,shelf sediment,Paleogene,0.09,0.00,0.00,0.20,0.02,0.00,0.62,0.05,0.02,1.00,69.00,22.00,9.00,0.13,0.09,0.11,0.00,0.14,0.44,,0.17,0.03,0.02,0,0,0,0.05,0.04,0,0,0,0
ACEX,shelf sediment,Paleogene,0.08,0.00,0.00,0.19,0.02,0.00,0.63,0.06,0.03,1.01,71.29,20.79,7.92,0.17,0.10,0.11,0.00,0.10,0.50,,0.17,0.02,0.02,0,0,0,0.04,0.04,0,0,0,0
ACEX,shelf sediment,Paleogene,0.08,0.00,0.00,0.19,0.01,0.00,0.67,0.05,0,1.00,72.00,20.00,8.00,0.07,0.05,0.06,0.00,0.10,0.50,,0.17,0.02,0.01,0,0,0,0.04,0.04,0,0,0,0
ACEX,shelf sediment,Paleogene,0.09,0.00,0.00,0.23,0.02,0.00,0.59,0.05,0.02,1.00,66.00,25.00,9.00,0.14,0.08,0.05,0.25,0.16,0.44,,0.2,0.03,0.01,0.01,0,0,0.05,0.04,0,0,0,0
ACEX,shelf sediment,Paleogene,0.07,0.00,0.00,0.20,0.01,0.00,0.64,0.05,0.02,0.99,71.72,21.21,7.07,0.13,0.05,0.05,0.00,0.10,0.43,,0.18,0.02,0.01,0,0,0,0.04,0.03,0,0,0,0
ACEX,shelf sediment,Paleogene,0.08,0.00,0.00,0.21,0.03,0.00,0.61,0.05,0.03,1.01,68.32,23.76,7.92,0.16,0.13,0.10,0.25,0.17,0.38,,0.18,0.03,0.02,0.01,0,0,0.05,0.03,0,0,0,0
ACEX,shelf sediment,Paleogene,0.08,0.00,0.00,0.22,0.01,0.00,0.6,0.05,0.02,0.98,68.37,23.47,8.16,0.13,0.04,0.05,0.00,0.13,0.38,,0.19,0.03,0.01,0,0,0,0.05,0.03,0,0,0,0
ACEX,shelf sediment,Paleogene,0.09,0.00,0.00,0.21,0.01,0.00,0.63,0.05,0.02,1.01,69.31,21.78,8.91,0.13,0.05,0.05,0.00,0.14,0.44,,0.18,0.03,0.01,0,0,0,0.05,0.04,0,0,0,0
ACEX,shelf sediment,Paleogene,0.08,0.00,0.00,0.18,0.00,0.00,0.67,0.06,0,0.99,73.74,18.18,8.08,0.08,0.00,0.00,,0.00,0.50,,0.18,0,0,0,0,0,0.04,0.04,0,0,0,0
ACEX,shelf sediment,Paleogene,0.11,0.00,0.00,0.18,0.03,0.01,0.59,0.06,0.03,1.01,67.33,21.78,10.89,0.18,0.23,0.22,0.25,0.18,0.36,,0.15,0.03,0.02,0.01,0.01,0,0.07,0.04,0,0,0,0
ACEX,shelf sediment,Paleogene,0.08,0.00,0.00,0.19,0.03,0.00,0.6,0.06,0.03,0.99,69.70,22.22,8.08,0.17,0.14,0.11,0.33,0.14,0.38,,0.17,0.02,0.02,0.01,0,0,0.05,0.03,0,0,0,0
ACEX,shelf sediment,Paleogene,0.08,0.00,0.00,0.19,0.03,0.01,0.62,0.06,0.03,1.02,69.61,22.55,7.84,0.17,0.22,0.21,0.25,0.17,0.38,,0.16,0.03,0.02,0.01,0.01,0,0.05,0.03,0,0,0,0
ACEX,shelf sediment,Paleogene,0.12,0.00,0.00,0.22,0.03,0.01,0.54,0.05,0.03,1.00,62.00,26.00,12.00,0.18,0.19,0.18,0.25,0.15,0.33,,0.19,0.03,0.02,0.01,0.01,0,0.08,0.04,0,0,0,0
ACEX,shelf sediment,Paleogene,0.12,0.00,0.00,0.22,0.03,0.01,0.52,0.06,0.03,0.99,61.62,26.26,12.12,0.20,0.19,0.18,0.25,0.15,0.33,,0.19,0.03,0.02,0.01,0.01,0,0.08,0.04,0,0,0,0
ACEX,shelf sediment,Paleogene,0.00,0.00,0.00,0.17,0.00,0.00,0.83,0,0,1.00,83.00,17.00,0.00,0.00,0.00,0.00,,0.00,,,0.17,0,0,0,0,0,0,0,0,0,0,0
ACEX,shelf sediment,Paleogene,0.07,0.00,0.00,0.19,0.02,0.00,0.64,0.05,0.02,0.99,71.72,21.21,7.07,0.13,0.10,0.06,0.25,0.19,0.43,,0.16,0.03,0.01,0.01,0,0,0.04,0.03,0,0,0,0
ACEX,shelf sediment,Paleogene,0.00,0.00,0.00,0.15,0.00,0.00,0.85,0,0,1.00,85.00,15.00,0.00,0.00,0.00,0.00,,0.00,,,0.15,0,0,0,0,0,0,0,0,0,0,0
ACEX,shelf sediment,Paleogene,0.07,0.00,0.00,0.16,0.02,0.00,0.67,0.05,0.03,1.00,75.00,18.00,7.00,0.15,0.11,0.07,0.33,0.17,0.43,,0.14,0.02,0.01,0.01,0,0,0.04,0.03,0,0,0,0
ACEX,shelf sediment,Paleogene,0.10,0.00,0.00,0.20,0.03,0.01,0.58,0.06,0.03,1.01,66.34,23.76,9.90,0.18,0.21,0.20,0.25,0.17,0.40,,0.17,0.03,0.02,0.01,0.01,0,0.06,0.04,0,0,0,0
ACEX,shelf sediment,Paleogene,0.06,0.00,0.00,0.19,0.03,0.00,0.63,0.06,0.03,1.00,72.00,22.00,6.00,0.17,0.14,0.11,0.25,0.18,0.33,,0.16,0.03,0.02,0.01,0,0,0.04,0.02,0,0,0,0
ACEX,shelf sediment,Paleogene,0.07,0.00,0.00,0.15,0.02,0.00,0.66,0.05,0.03,0.98,75.51,17.35,7.14,0.15,0.12,0.07,0.33,0.18,0.43,,0.13,0.02,0.01,0.01,0,0,0.04,0.03,0,0,0,0
ACEX,shelf sediment,Paleogene,0.12,0.00,0.00,0.16,0.03,0.01,0.58,0.06,0.03,0.99,67.68,20.20,12.12,0.18,0.25,0.24,0.33,0.15,0.33,,0.14,0.02,0.02,0.01,0.01,0,0.08,0.04,0,0,0,0
ACEX,shelf sediment,Paleogene,0.08,0.00,0.00,0.17,0.02,0.00,0.65,0.05,0.02,0.99,72.73,19.19,8.08,0.13,0.11,0.13,0.00,0.16,0.38,,0.14,0.03,0.02,0,0,0,0.05,0.03,0,0,0,0
ACEX,shelf sediment,Paleogene,0.10,0.00,0.00,0.19,0.03,0.01,0.57,0.06,0.03,0.99,66.67,23.23,10.10,0.18,0.22,0.21,0.25,0.17,0.30,,0.16,0.03,0.02,0.01,0.01,0,0.07,0.03,0,0,0,0
ACEX,shelf sediment,Paleogene,0.08,0.00,0.00,0.16,0.03,0.01,0.64,0.06,0.03,1.01,72.28,19.80,7.92,0.16,0.25,0.25,0.25,0.20,0.38,,0.13,0.03,0.02,0.01,0.01,0,0.05,0.03,0,0,0,0
ACEX,shelf sediment,Paleogene,0.07,0.00,0.00,0.14,0.02,0.00,0.68,0.06,0.02,0.99,76.77,16.16,7.07,0.13,0.13,0.08,0.25,0.25,0.43,,0.11,0.03,0.01,0.01,0,0,0.04,0.03,0,0,0,0
ACEX,shelf sediment,Paleogene,0.07,0.00,0.00,0.15,0.02,0.00,0.67,0.06,0.02,0.99,75.76,17.17,7.07,0.13,0.12,0.08,0.25,0.24,0.29,,0.12,0.03,0.01,0.01,0,0,0.05,0.02,0,0,0,0
ACEX,shelf sediment,Paleogene,0.06,0.00,0.00,0.12,0.02,0.00,0.7,0.06,0.02,0.98,79.59,14.29,6.12,0.13,0.14,0.10,0.25,0.29,0.33,,0.09,0.03,0.01,0.01,0,0,0.04,0.02,0,0,0,0
ACEX,shelf sediment,Paleogene,0.06,0.00,0.00,0.13,0.02,0.00,0.69,0.06,0.02,0.98,78.57,15.31,6.12,0.13,0.13,0.09,0.25,0.27,0.33,,0.1,0.03,0.01,0.01,0,0,0.04,0.02,0,0,0,0
ACEX,shelf sediment,Paleogene,0.07,0.00,0.00,0.13,0.03,0.00,0.69,0.07,0.02,1.01,77.23,15.84,6.93,0.14,0.19,0.18,0.20,0.31,0.29,,0.09,0.04,0.02,0.01,0,0,0.05,0.02,0,0,0,0
ACEX,shelf sediment,Paleogene,0.06,0.00,0.00,0.14,0.03,0.00,0.67,0.07,0.02,0.99,76.77,17.17,6.06,0.14,0.18,0.17,0.20,0.29,0.33,,0.1,0.04,0.02,0.01,0,0,0.04,0.02,0,0,0,0
ACEX,shelf sediment,Paleogene,0.05,0.00,0.00,0.12,0.03,0.00,0.69,0.09,0.03,1.01,80.20,14.85,4.95,0.19,0.20,0.18,0.25,0.27,0.40,,0.09,0.03,0.02,0.01,0,0,0.03,0.02,0,0,0,0
ACEX,shelf sediment,Paleogene,0.07,0.00,0.00,0.12,0.03,0.00,0.68,0.08,0.02,1.00,78.00,15.00,7.00,0.15,0.20,0.18,0.25,0.27,0.43,,0.09,0.03,0.02,0.01,0,0,0.04,0.03,0,0,0,0
ACEX,shelf sediment,Paleogene,0.05,0.00,0.00,0.12,0.03,0.00,0.7,0.07,0.02,0.99,79.80,15.15,5.05,0.14,0.20,0.18,0.25,0.27,0.40,,0.09,0.03,0.02,0.01,0,0,0.03,0.02,0,0,0,0
ACEX,shelf sediment,Paleogene,0.05,0.00,0.00,0.13,0.02,0.00,0.69,0.08,0.03,1.00,80.00,15.00,5.00,0.18,0.13,0.09,0.25,0.27,0.40,,0.1,0.03,0.01,0.01,0,0,0.03,0.02,0,0,0,0
ACEX,shelf sediment,Paleogene,0.06,0.00,0.00,0.12,0.03,0.00,0.7,0.08,0.02,1.01,79.21,14.85,5.94,0.15,0.20,0.18,0.25,0.27,0.33,,0.09,0.03,0.02,0.01,0,0,0.04,0.02,0,0,0,0
ACEX,shelf sediment,Paleogene,0.04,0.00,0.00,0.14,0.00,0.00,0.75,0.07,0,1.00,82.00,14.00,4.00,0.09,0.00,0.00,0.00,0.29,0.00,,0.1,0.04,0,0,0,0,0.04,0,0,0,0,0
ACEX,shelf sediment,Paleogene,0.06,0.00,0.00,0.15,0.02,0.00,0.68,0.07,0.02,1.00,77.00,17.00,6.00,0.14,0.12,0.15,0.00,0.24,0.33,,0.11,0.04,0.02,0,0,0,0.04,0.02,0,0,0,0
ACEX,shelf sediment,Paleogene,0.00,0.00,0.00,0.12,0.00,0.00,0.78,0.08,0.02,1.00,88.00,12.00,0.00,0.14,0.00,0.00,0.00,0.25,,,0.09,0.03,0,0,0,0,0,0,0,0,0,0
ACEX,shelf sediment,Paleogene,0.08,0.00,0.00,0.17,0.00,0.00,0.67,0.06,0.03,1.01,75.25,16.83,7.92,0.16,0.00,0.00,0.00,0.18,0.38,,0.14,0.03,0,0,0,0,0.05,0.03,0,0,0,0
ACEX,shelf sediment,Paleogene,0.08,0.00,0.00,0.20,0.02,0.00,0.63,0.05,0.02,1.00,70.00,22.00,8.00,0.13,0.09,0.11,0.00,0.14,0.38,,0.17,0.03,0.02,0,0,0,0.05,0.03,0,0,0,0
ACEX,shelf sediment,Paleogene,0.10,0.00,0.00,0.18,0.00,0.00,0.67,0.05,0,1.00,72.00,18.00,10.00,0.07,0.00,0.00,,0.00,0.40,,0.18,0,0,0,0,0,0.06,0.04,0,0,0,0
ACEX,shelf sediment,Paleogene,0.08,0.00,0.00,0.20,0.02,0.00,0.62,0.05,0.03,1.00,70.00,22.00,8.00,0.16,0.09,0.10,0.00,0.09,0.38,,0.18,0.02,0.02,0,0,0,0.05,0.03,0,0,0,0
ACEX,shelf sediment,Paleogene,0.09,0.00,0.00,0.19,0.03,0.01,0.61,0.05,0.03,1.01,68.32,22.77,8.91,0.16,0.22,0.20,0.33,0.13,0.33,,0.17,0.02,0.02,0.01,0.01,0,0.06,0.03,0,0,0,0
ACEX,shelf sediment,Paleogene,0.11,0.00,0.00,0.22,0.00,0.00,0.67,0,0,1.00,67.00,22.00,11.00,0.00,0.00,0.00,0.00,0.14,0.36,,0.19,0.03,0,0,0,0,0.07,0.04,0,0,0,0
ACEX,shelf sediment,Paleogene,0.09,0.00,0.00,0.22,0.00,0.00,0.63,0.05,0.02,1.01,69.31,21.78,8.91,0.13,0.00,0.00,0.00,0.14,0.33,,0.19,0.03,0,0,0,0,0.06,0.03,0,0,0,0
ACEX,shelf sediment,Paleogene,0.00,0.00,0.00,0.19,0.00,0.00,0.81,0,0,1.00,81.00,19.00,0.00,0.00,0.00,0.00,,0.00,,,0.19,0,0,0,0,0,0,0,0,0,0,0
ACEX,shelf sediment,Paleogene,0.09,0.00,0.00,0.20,0.02,0.00,0.61,0.05,0.02,0.99,68.69,22.22,9.09,0.13,0.09,0.10,0.00,0.09,0.44,,0.18,0.02,0.02,0,0,0,0.05,0.04,0,0,0,0
ACEX,shelf sediment,Paleogene,0.10,0.00,0.00,0.22,0.02,0.00,0.59,0.05,0.02,1.00,66.00,24.00,10.00,0.14,0.08,0.10,0.00,0.13,0.40,,0.19,0.03,0.02,0,0,0,0.06,0.04,0,0,0,0
ACEX,shelf sediment,Paleogene,0.10,0.00,0.00,0.21,0.03,0.01,0.59,0.05,0.02,1.01,65.35,24.75,9.90,0.14,0.20,0.19,0.25,0.16,0.40,,0.18,0.03,0.02,0.01,0.01,0,0.06,0.04,0,0,0,0
ACEX,shelf sediment,Paleogene,0.09,0.00,0.00,0.21,0.02,0.00,0.6,0.06,0.03,1.01,68.32,22.77,8.91,0.17,0.09,0.10,0.00,0.09,0.33,,0.19,0.02,0.02,0,0,0,0.06,0.03,0,0,0,0
ACEX,shelf sediment,Paleogene,0.10,0.00,0.00,0.20,0.02,0.00,0.61,0.05,0.03,1.01,68.32,21.78,9.90,0.16,0.09,0.11,0.00,0.14,0.40,,0.17,0.03,0.02,0,0,0,0.06,0.04,0,0,0,0
ACEX,shelf sediment,Paleogene,0.10,0.00,0.00,0.22,0.00,0.00,0.68,0,0,1.00,68.00,22.00,10.00,0.00,0.00,0.00,0.00,0.09,0.40,,0.2,0.02,0,0,0,0,0.06,0.04,0,0,0,0
ACEX,shelf sediment,Paleogene,0.10,0.00,0.00,0.16,0.00,0.00,0.7,0.05,0,1.01,74.26,15.84,9.90,0.07,0.00,0.00,,0.00,0.40,,0.16,0,0,0,0,0,0.06,0.04,0,0,0,0
Otway,shelf sediment,Paleogene,0.03,0.00,0.00,0.13,0.00,0.00,0.77,0.05,0.02,1.00,84.39,12.68,2.94,0.10,0.00,0.00,0.00,0.17,0.29,,0.10,0.02,0.00,0.00,0.00,0.00,0.02,0.01,0.00,0.00,0.00,0.00
Otway,shelf sediment,Paleogene,0.03,0.00,0.00,0.16,0.01,0.00,0.72,0.05,0.02,1.00,78.41,18.10,3.49,0.11,0.13,0.11,0.18,0.20,0.34,,0.13,0.03,0.01,0.00,0.00,0.00,0.02,0.01,0.00,0.00,0.00,0.00
Otway,shelf sediment,Paleogene,0.02,0.00,0.00,0.13,0.00,0.00,0.79,0.04,0.02,1.00,84.77,13.15,2.08,0.10,0.00,0.00,0.00,0.17,0.27,,0.11,0.02,0.00,0.00,0.00,0.00,0.02,0.01,0.00,0.00,0.00,0.00
Otway,shelf sediment,Paleogene,0.03,0.00,0.00,0.09,0.00,0.00,0.83,0.04,0.02,1.00,88.34,8.93,2.73,0.08,0.00,0.00,0.00,0.16,0.56,,0.08,0.01,0.00,0.00,0.00,0.00,0.01,0.02,0.00,0.00,0.00,0.00
Otway,shelf sediment,Paleogene,0.02,0.00,0.00,0.13,0.01,0.00,0.76,0.05,0.02,1.00,83.02,14.75,2.23,0.11,0.14,0.11,0.22,0.26,0.30,,0.10,0.03,0.01,0.01,0.00,0.00,0.02,0.01,0.00,0.00,0.00,0.00
Otway,shelf sediment,Paleogene,0.02,0.00,0.00,0.11,0.01,0.01,0.79,0.05,0.02,1.00,85.67,12.57,1.76,0.10,0.18,0.14,0.31,0.24,0.32,,0.09,0.02,0.01,0.00,0.00,0.00,0.01,0.01,0.00,0.00,0.00,0.00
Otway,shelf sediment,Paleogene,0.02,0.00,0.00,0.09,0.00,0.00,0.83,0.05,0.02,1.00,89.10,9.16,1.73,0.10,0.00,0.00,0.00,0.21,0.23,,0.07,0.02,0.00,0.00,0.00,0.00,0.01,0.00,0.00,0.00,0.00,0.00
Otway,shelf sediment,Paleogene,0.03,0.00,0.00,0.12,0.00,0.00,0.79,0.04,0.02,1.00,85.16,11.96,2.88,0.09,0.00,0.00,0.00,0.23,0.19,,0.09,0.03,0.00,0.00,0.00,0.00,0.02,0.01,0.00,0.00,0.00,0.00
Otway,shelf sediment,Paleogene,0.01,0.00,0.00,0.09,0.00,0.00,0.83,0.05,0.02,1.00,89.97,8.94,1.09,0.10,0.00,0.00,0.00,0.24,0.23,,0.07,0.02,0.00,0.00,0.00,0.00,0.01,0.00,0.00,0.00,0.00,0.00
Otway,shelf sediment,Paleogene,0.01,0.00,0.00,0.10,0.00,0.00,0.84,0.05,0.00,1.00,88.59,10.03,1.39,0.05,0.00,0.00,0.00,0.23,0.32,,0.08,0.02,0.00,0.00,0.00,0.00,0.01,0.00,0.00,0.00,0.00,0.00
Otway,shelf sediment,Paleogene,0.02,0.00,0.00,0.10,0.00,0.00,0.80,0.06,0.02,1.00,88.28,10.14,1.59,0.12,0.00,0.00,0.00,0.20,0.26,,0.08,0.02,0.00,0.00,0.00,0.00,0.01,0.00,0.00,0.00,0.00,0.00
Otway,shelf sediment,Paleogene,0.01,0.00,0.00,0.09,0.01,0.00,0.84,0.04,0.02,1.00,89.44,9.39,1.17,0.08,0.08,0.06,0.15,0.22,0.24,,0.07,0.02,0.00,0.00,0.00,0.00,0.01,0.00,0.00,0.00,0.00,0.00
Otway,shelf sediment,Paleogene,0.01,0.00,0.00,0.08,0.00,0.00,0.85,0.05,0.02,1.00,91.18,7.85,0.97,0.09,0.00,0.00,0.00,0.26,0.26,,0.06,0.02,0.00,0.00,0.00,0.00,0.01,0.00,0.00,0.00,0.00,0.00
Otway,shelf sediment,Paleogene,0.01,0.00,0.00,0.08,0.01,0.00,0.84,0.04,0.02,1.00,90.58,8.54,0.88,0.09,0.08,0.06,0.12,0.24,0.27,,0.06,0.02,0.00,0.00,0.00,0.00,0.01,0.00,0.00,0.00,0.00,0.00
Otway,shelf sediment,Paleogene,0.01,0.00,0.00,0.09,0.01,0.00,0.82,0.04,0.02,1.00,88.38,10.38,1.24,0.09,0.10,0.08,0.15,0.25,0.24,,0.07,0.02,0.01,0.00,0.00,0.00,0.01,0.00,0.00,0.00,0.00,0.00
Otway,shelf sediment,Paleogene,0.01,0.00,0.00,0.10,0.01,0.00,0.82,0.04,0.02,1.00,87.97,10.58,1.45,0.09,0.08,0.06,0.12,0.28,0.27,,0.07,0.03,0.00,0.00,0.00,0.00,0.01,0.00,0.00,0.00,0.00,0.00
Otway,shelf sediment,Paleogene,0.01,0.00,0.00,0.08,0.01,0.00,0.84,0.04,0.02,1.00,89.78,9.16,1.06,0.09,0.08,0.06,0.14,0.25,0.25,,0.06,0.02,0.00,0.00,0.00,0.00,0.01,0.00,0.00,0.00,0.00,0.00
Otway,shelf sediment,Paleogene,0.01,0.00,0.00,0.09,0.01,0.00,0.82,0.05,0.02,1.00,88.70,10.07,1.23,0.10,0.07,0.05,0.13,0.27,0.24,,0.07,0.02,0.00,0.00,0.00,0.00,0.01,0.00,0.00,0.00,0.00,0.00
Otway,shelf sediment,Paleogene,0.01,0.00,0.00,0.10,0.01,0.00,0.82,0.05,0.02,1.00,88.18,10.56,1.27,0.09,0.09,0.07,0.16,0.24,0.27,,0.07,0.02,0.01,0.00,0.00,0.00,0.01,0.00,0.00,0.00,0.00,0.00
Otway,shelf sediment,Paleogene,0.01,0.00,0.00,0.11,0.00,0.00,0.80,0.06,0.02,1.00,87.71,10.86,1.43,0.11,0.00,0.00,0.00,0.24,0.27,,0.08,0.03,0.00,0.00,0.00,0.00,0.01,0.00,0.00,0.00,0.00,0.00
Otway,shelf sediment,Paleogene,0.01,0.00,0.00,0.08,0.01,0.00,0.85,0.04,0.02,1.00,90.30,8.55,1.14,0.08,0.12,0.11,0.15,0.22,0.33,,0.06,0.02,0.00,0.00,0.00,0.00,0.01,0.00,0.00,0.00,0.00,0.00
Otway,shelf sediment,Paleogene,0.01,0.00,0.00,0.08,0.01,0.00,0.85,0.04,0.02,1.00,90.32,8.62,1.06,0.08,0.11,0.10,0.17,0.22,0.28,,0.06,0.02,0.00,0.00,0.00,0.00,0.01,0.00,0.00,0.00,0.00,0.00
Otway,shelf sediment,Paleogene,0.01,0.00,0.00,0.06,0.01,0.00,0.86,0.04,0.02,1.00,92.05,7.16,0.79,0.08,0.13,0.12,0.18,0.21,0.29,,0.05,0.01,0.00,0.00,0.00,0.00,0.01,0.00,0.00,0.00,0.00,0.00
Otway,shelf sediment,Paleogene,0.01,0.00,0.00,0.08,0.01,0.00,0.84,0.04,0.02,1.00,90.66,8.33,1.01,0.09,0.08,0.06,0.16,0.22,0.26,,0.06,0.02,0.00,0.00,0.00,0.00,0.01,0.00,0.00,0.00,0.00,0.00
Otway,shelf sediment,Paleogene,0.01,0.00,0.00,0.09,0.01,0.00,0.83,0.04,0.02,1.00,88.98,9.89,1.13,0.08,0.11,0.10,0.15,0.24,0.29,,0.07,0.02,0.00,0.00,0.00,0.00,0.01,0.00,0.00,0.00,0.00,0.00
Otway,shelf sediment,Paleogene,0.01,0.00,0.00,0.09,0.00,0.00,0.84,0.04,0.02,1.00,89.66,9.01,1.33,0.08,0.00,0.00,0.00,0.23,0.28,,0.07,0.02,0.00,0.00,0.00,0.00,0.01,0.00,0.00,0.00,0.00,0.00
Otway,shelf sediment,Paleogene,0.02,0.00,0.00,0.12,0.00,0.00,0.80,0.04,0.02,1.00,86.08,11.90,2.01,0.09,0.00,0.00,0.00,0.19,0.30,,0.10,0.02,0.00,0.00,0.00,0.00,0.01,0.01,0.00,0.00,0.00,0.00
Otway,shelf sediment,Paleogene,0.01,0.00,0.00,0.10,0.00,0.00,0.83,0.04,0.02,1.00,89.04,9.58,1.38,0.09,0.00,0.00,0.00,0.22,0.29,,0.07,0.02,0.00,0.00,0.00,0.00,0.01,0.00,0.00,0.00,0.00,0.00
Otway,shelf sediment,Paleogene,0.01,0.00,0.00,0.11,0.00,0.00,0.81,0.04,0.02,1.00,87.54,10.96,1.49,0.09,0.00,0.00,0.00,0.20,0.30,,0.09,0.02,0.00,0.00,0.00,0.00,0.01,0.00,0.00,0.00,0.00,0.00
Otway,shelf sediment,Paleogene,0.02,0.00,0.00,0.10,0.00,0.00,0.82,0.04,0.02,1.00,88.19,10.23,1.58,0.08,0.00,0.00,0.00,0.22,0.29,,0.08,0.02,0.00,0.00,0.00,0.00,0.01,0.00,0.00,0.00,0.00,0.00
Otway,shelf sediment,Paleogene,0.02,0.00,0.00,0.11,0.00,0.00,0.81,0.05,0.02,1.00,87.87,10.59,1.54,0.09,0.00,0.00,0.00,0.22,0.30,,0.08,0.02,0.00,0.00,0.00,0.00,0.01,0.00,0.00,0.00,0.00,0.00
Otway,shelf sediment,Paleogene,0.01,0.00,0.00,0.10,0.00,0.00,0.82,0.05,0.02,1.00,88.62,9.98,1.41,0.09,0.00,0.00,0.00,0.30,0.32,,0.07,0.03,0.00,0.00,0.00,0.00,0.01,0.00,0.00,0.00,0.00,0.00
Otway,shelf sediment,Paleogene,0.01,0.00,0.00,0.10,0.00,0.00,0.82,0.05,0.02,1.00,88.39,10.13,1.48,0.09,0.00,0.00,0.00,0.21,0.29,,0.08,0.02,0.00,0.00,0.00,0.00,0.01,0.00,0.00,0.00,0.00,0.00
Otway,shelf sediment,Paleogene,0.01,0.00,0.00,0.10,0.00,0.00,0.82,0.04,0.02,1.00,88.08,10.43,1.49,0.09,0.00,0.00,0.00,0.22,0.29,,0.08,0.02,0.00,0.00,0.00,0.00,0.01,0.00,0.00,0.00,0.00,0.00
Otway,shelf sediment,Paleogene,0.02,0.00,0.00,0.11,0.00,0.00,0.80,0.05,0.02,1.00,86.71,11.43,1.86,0.10,0.00,0.00,0.00,0.21,0.30,,0.09,0.02,0.00,0.00,0.00,0.00,0.01,0.01,0.00,0.00,0.00,0.00
Otway,shelf sediment,Paleogene,0.01,0.00,0.00,0.10,0.00,0.00,0.82,0.05,0.02,1.00,88.89,9.80,1.31,0.09,0.00,0.00,0.00,0.23,0.31,,0.08,0.02,0.00,0.00,0.00,0.00,0.01,0.00,0.00,0.00,0.00,0.00
Otway,shelf sediment,Paleogene,0.01,0.00,0.00,0.08,0.00,0.00,0.84,0.04,0.02,1.00,90.32,8.26,1.42,0.10,0.00,0.00,0.00,0.23,0.31,,0.06,0.02,0.00,0.00,0.00,0.00,0.01,0.00,0.00,0.00,0.00,0.00
Otway,shelf sediment,Paleogene,0.01,0.00,0.00,0.10,0.00,0.00,0.83,0.05,0.02,1.00,88.91,9.71,1.38,0.09,0.00,0.00,0.00,0.22,0.28,,0.08,0.02,0.00,0.00,0.00,0.00,0.01,0.00,0.00,0.00,0.00,0.00